time,latitude,longitude,depth,mag,magType,nst,gap,dmin,rms,net,id,updated,place,type,horizontalError,depthError,magError,magNst,status,locationSource,magSource
2013-05-15T10:54:28.740Z,31.414,86.589,27.5,5.1,mb,171,35,,0.69,us,usc000gx7a,2022-05-03T16:18:23.770Z,"266 km NNE of Saga, China",earthquake,,3.9,,147,reviewed,us,us
2013-05-15T17:33:12.100Z,8.385,92.298,43.9,4,mb,18,136.2,,1.37,us,usp000k0q5,2014-11-07T01:50:48.676Z,"Nicobar Islands, India region",earthquake,,15.6,,5,reviewed,us,us
2013-05-16T03:34:16.800Z,31.504,86.604,25.3,5.2,mb,119,28,,1.22,us,usp000k0qg,2022-05-03T16:18:30.786Z,"275 km NNE of Saga, China",earthquake,,3.9,,147,reviewed,us,us
2013-05-16T03:37:45.160Z,31.241,86.407,26.4,4.4,mb,28,74,,0.84,us,usp000k0qh,2014-11-07T01:50:48.795Z,"241 km NNE of Saga, China",earthquake,,5.2,,16,reviewed,us,us
2013-05-16T03:39:49.680Z,31.377,86.512,24.3,4.7,mb,93,41,,0.83,us,usp000k0qj,2014-11-07T01:50:48.798Z,"259 km NNE of Saga, China",earthquake,,4.4,,59,reviewed,us,us
2013-05-16T04:34:36.480Z,31.47,86.687,26.3,4,mb,27,138,,1.35,us,usp000k0qm,2014-11-07T01:50:48.808Z,"276 km NNE of Saga, China",earthquake,,5.4,,15,reviewed,us,us
2013-05-17T01:08:22.910Z,29.873,68.293,20.2,4,mb,39,112.3,,0.79,us,usp000k0rd,2014-11-07T01:50:49.147Z,"41 km SW of Duki, Pakistan",earthquake,,14.2,,1,reviewed,us,us
2013-05-17T06:01:57.600Z,31.477,86.513,27.6,4.4,mb,55,110,,0.92,us,usb000gxhx,2014-11-07T01:50:49.196Z,"268 km NNE of Saga, China",earthquake,,4.9,,27,reviewed,us,us
2013-05-17T06:35:26.170Z,31.357,86.321,27,4.1,mb,19,147,,0.98,us,us2013qhcv,2014-11-07T01:50:49.206Z,"248 km NNE of Saga, China",earthquake,,5.8,,3,reviewed,us,us
2013-05-19T07:49:10.960Z,5.145,94.257,47.2,4.6,mb,39,90,,0.44,us,usb000gyum,2014-11-07T01:50:50.090Z,"127 km WSW of Banda Aceh, Indonesia",earthquake,,7.3,,18,reviewed,us,us
2013-05-22T13:45:18.370Z,36.076,69.823,94.6,4,mb,23,88,,0.87,us,usb000h1we,2014-11-07T01:50:53.159Z,"55 km S of Farkh?r, Afghanistan",earthquake,,24.5,,6,reviewed,us,us
2013-05-22T20:07:51.700Z,7.041,94.264,35.1,4.7,mb,21,178,,0.9,us,usp000k0wd,2014-11-07T01:50:53.225Z,"172 km NW of Sabang, Indonesia",earthquake,,6,,13,reviewed,us,us
2013-05-22T20:13:08.160Z,7.342,94.305,25.4,4.4,mb,32,148,,1.17,us,usp000k0wg,2014-11-07T01:50:53.237Z,"195 km NW of Sabang, Indonesia",earthquake,,6.9,,17,reviewed,us,us
2013-05-24T00:04:48.360Z,36.166,69.644,114.1,4.1,mb,16,139,,1.1,us,usp000k0xn,2014-11-07T01:50:53.531Z,"47 km ENE of Nahr?n, Afghanistan",earthquake,,8.8,,1,reviewed,us,us
2013-05-28T08:02:51.040Z,4.889,96.071,35,4,mb,12,193,,0.73,us,us2013qtct,2014-11-07T01:50:54.896Z,"43 km SSW of Reuleuet, Indonesia",earthquake,,,,5,reviewed,us,us
2013-05-30T10:31:20.540Z,18.84,95.638,66.9,4.3,mb,17,167,,0.54,us,usp000k115,2014-11-07T01:50:55.719Z,"40 km NNE of Paungde, Myanmar",earthquake,,8.6,,9,reviewed,us,us
2013-05-31T09:16:02.120Z,33.897,85.039,14.6,4.3,mb,25,145,,1.47,us,usb000ha9c,2014-11-07T01:50:55.890Z,"western Xizang",earthquake,,6,,15,reviewed,us,us
2013-06-01T13:28:53.880Z,22.02,88.572,10,4.1,mb,21,102,,1,us,usb000hbd2,2022-07-25T04:14:50.015Z,"22 km NE of Kultali, India",earthquake,,,,16,reviewed,us,us
2013-06-04T17:24:20.240Z,19.884,68.094,15.2,4.1,mb,27,154,,0.57,us,us2013rade,2014-11-07T01:51:00.787Z,"250 km SW of Porbandar, India",earthquake,,5.5,,18,reviewed,us,us
2013-06-04T17:34:50.750Z,32.672,76.601,41.1,4.9,mb,165,45,,0.99,us,usb000hd78,2022-07-25T04:25:18.105Z,"41 km WNW of Kyelang, India",earthquake,,5.7,,149,reviewed,us,us
2013-06-05T22:04:03.100Z,32.907,76.286,43.3,4,mb,45,107,,1.4,us,usc000hgjk,2014-11-07T01:51:01.215Z,"41 km NNE of Chamba, India",earthquake,,7.5,,21,reviewed,us,us
2013-06-06T13:03:26.000Z,10.549,91.699,24.2,4.6,mb,50,57,,0.89,us,usc000hh4l,2014-11-07T01:51:01.732Z,"168 km SW of Port Blair, India",earthquake,,4.3,,40,reviewed,us,us
2013-06-06T19:00:53.220Z,27.724,89.276,10,3.9,mb,7,181,,1.27,us,usc000hhzu,2022-07-25T04:53:36.037Z,"35 km NNW of Paro, Bhutan",earthquake,,6.1,,3,reviewed,us,us
2013-06-08T01:10:48.400Z,36.21,77.173,61.9,4.2,mb,30,106,,0.76,us,usp000k15m,2014-11-07T01:51:02.810Z,"Southern Xinjiang, China",earthquake,,8.8,,9,reviewed,us,us
2013-06-08T01:22:06.190Z,7.88,94.432,31.8,4.2,mb,14,179,,0.29,us,usp000k15n,2014-11-07T01:51:02.822Z,"240 km NNW of Sabang, Indonesia",earthquake,,8.3,,5,reviewed,us,us
2013-06-09T11:05:47.380Z,36.238,69.52,90.5,4.2,mb,29,86,,1.45,us,usc000hjqs,2014-11-07T01:51:03.196Z,"39 km ENE of Nahr?n, Afghanistan",earthquake,,20.4,,12,reviewed,us,us
2013-06-16T11:33:02.680Z,5.238,94.387,51.6,4.7,mb,58,101,,0.74,us,usc000hs4q,2014-11-07T01:51:05.061Z,"110 km WSW of Banda Aceh, Indonesia",earthquake,,6.4,,34,reviewed,us,us
2013-06-18T02:25:35.300Z,6.266,87.411,15,4.3,mb,24,138,,0.8,us,usp000k1ah,2014-11-07T01:51:05.527Z,"Bay of Bengal",earthquake,,5.2,,17,reviewed,us,us
2013-06-24T04:15:10.470Z,35.871,70.948,92.3,4.5,mb,55,56,,1.35,us,usc000hynn,2014-11-07T01:51:07.058Z,"50 km N of P?r?n, Afghanistan",earthquake,,4.5,,61,reviewed,us,us
2013-06-25T11:41:41.120Z,34.256,88.221,10,4.1,mb,40,112,,1.24,us,usp000k1ff,2014-11-07T01:51:07.412Z,"western Xizang",earthquake,,1.9,,23,reviewed,us,us
2013-06-26T05:48:47.180Z,9.379,91.246,30.5,5.3,mb,107,46,,0.88,us,usc000i0ki,2014-11-07T01:51:07.554Z,"Nicobar Islands, India region",earthquake,,3.2,,109,reviewed,us,us
2013-06-28T11:40:49.440Z,28.655,82.279,24.8,5,mb,137,35,,0.54,us,usb000i2gf,2022-07-25T17:29:58.855Z,"48 km NNW of Besisahar, Nepal",earthquake,,4.4,,115,reviewed,us,us
2013-06-28T15:35:55.270Z,10.623,93.507,109.7,4.8,mb,96,27,,1.01,us,usb000i2kc,2014-11-07T01:51:07.993Z,"142 km SE of Port Blair, India",earthquake,,3.7,,89,reviewed,us,us
2013-06-29T00:00:37.790Z,33.267,92.907,35,4.5,mb,12,91,,0.93,us,usp000k1jg,2014-11-07T01:51:08.102Z,"214 km NNE of Nagqu, China",earthquake,,3.2,,2,reviewed,us,us
2013-06-29T03:16:56.930Z,35.168,72.198,50.6,4.6,mb,52,79,,0.89,us,usb000i37s,2014-11-07T01:51:08.122Z,"22 km NNE of Kakad Wari Dir Upper, Pakistan",earthquake,,4.5,,52,reviewed,us,us
2013-07-02T00:28:41.770Z,33.084,92.729,42.3,4.6,mb,62,34,,0.93,us,usb000i4pu,2014-11-07T01:51:11.322Z,"189 km NNE of Nagqu, China",earthquake,,5.7,,67,reviewed,us,us
2013-07-06T21:41:53.420Z,25.937,93.412,48.9,4.1,mb,14,113,,0.55,us,usp000k1s8,2014-11-07T01:51:14.019Z,"10 km N of Diphu, India",earthquake,,5.7,,4,reviewed,us,us
2013-07-08T03:44:20.050Z,23.84,91.359,10.1,4.1,mb,19,100,,1.15,us,usp000k1tj,2014-11-07T01:51:14.269Z,"0 km NW of R?n?r B?z?r, India",earthquake,,5.4,,12,reviewed,us,us
2013-07-08T13:27:46.580Z,24.138,95.795,58.4,4.3,mb,14,158.3,,0.52,us,usp000k1u0,2014-11-07T01:51:14.368Z,"146 km W of Bhamo, Myanmar",earthquake,,12.9,,1,reviewed,us,us
2013-07-09T13:49:18.870Z,32.765,78.197,49.9,5,mb,144,41,,0.99,us,usb000i9y4,2014-11-07T01:51:14.566Z,"111 km ENE of Man?li, India",earthquake,,2.9,,110,reviewed,us,us
2013-07-09T13:55:26.870Z,4.187,93.591,53,4.2,mb,33,106.3,,0.96,us,usp000k1v0,2014-11-07T01:51:14.576Z,"off the west coast of northern Sumatra",earthquake,,19.1,,8,reviewed,us,us
2013-07-09T14:50:57.450Z,32.743,78.17,37.4,4.1,mb,36,108.1,,0.98,us,usp000k1v3,2014-11-07T01:51:14.584Z,"Kashmir-Xizang border region",earthquake,,10.3,,5,reviewed,us,us
2013-07-09T15:52:34.080Z,32.85,78.327,36.9,4,mb,12,134.5,,1.06,us,usp000k1v5,2014-11-07T01:51:14.610Z,"125 km ENE of Kyelang, India",earthquake,,24,,2,reviewed,us,us
2013-07-11T18:48:12.420Z,29.094,95.935,26.4,4.2,mb,9,138,,0.5,us,usp000k1wu,2014-11-07T01:51:15.537Z,"127 km NNW of Hayuliang, India",earthquake,,7.8,,1,reviewed,us,us
2013-07-11T23:25:59.490Z,10.913,91.681,30.7,4.2,mb,41,104,,0.52,us,usp000k1x3,2014-11-07T01:51:15.589Z,"142 km SW of Bamboo Flat, India",earthquake,,5.9,,25,reviewed,us,us
2013-07-12T07:01:32.200Z,26.267,90.7,48.2,4.1,mb,12,166,,0.63,us,usp000k1xk,2014-11-07T01:51:15.636Z,"6 km SSE of Abhay?puri, India",earthquake,,13.3,,8,reviewed,us,us
2013-07-13T17:49:36.640Z,32.383,76.535,25.5,4.4,mb,64,93,,1.23,us,usb000idsv,2022-07-25T18:21:57.364Z,"27 km NE of Dharamsala, India",earthquake,,5.8,,43,reviewed,us,us
2013-07-14T12:44:58.950Z,34.643,91.076,23.5,4,mb,13,101,,0.67,us,usp000k1zs,2014-11-07T01:51:16.068Z,"Southern Qinghai, China",earthquake,,6.3,,3,reviewed,us,us
2013-07-14T14:38:33.410Z,36.059,68.748,16.5,4.5,mb,77,47.7,,0.98,us,usb000ie20,2014-11-07T01:51:16.083Z,"8 km SSE of Baghl?n, Afghanistan",earthquake,,14.2,,35,reviewed,us,us
2013-07-15T19:39:44.060Z,28.383,87.599,52.5,4.7,mb,74,75,,1.01,us,usp000k21s,2014-11-07T01:51:16.621Z,"90 km ENE of Lobujya, Nepal",earthquake,,5.4,,56,reviewed,us,us
2013-07-16T12:06:40.180Z,30.062,92.018,10,4.2,mb,34,89,,1.25,us,usp000k22h,2014-11-07T01:51:16.880Z,"99 km ENE of Lhasa, China",earthquake,,1.9,,24,reviewed,us,us
2013-07-17T00:50:53.180Z,34.579,86.002,10.4,4.1,mb,24,132,,0.89,us,usp000k22z,2014-11-07T01:51:17.041Z,"western Xizang",earthquake,,2.8,,6,reviewed,us,us
2013-07-18T09:31:34.320Z,35.563,69.713,95.7,4,mb,27,85,,1.05,us,usp000k24a,2014-11-07T01:51:17.853Z,"33 km NNE of B?z?rak, Afghanistan",earthquake,,9.5,,6,reviewed,us,us
2013-07-19T01:53:52.140Z,19.455,94.735,35.4,4.6,mb,33,155,,0.46,us,usp000k252,2014-11-07T01:51:18.075Z,"49 km WNW of Thayetmyo, Myanmar",earthquake,,4.7,,22,reviewed,us,us
2013-07-20T09:14:15.060Z,22.044,94.427,99.5,4.4,mb,60,58,,0.85,us,usb000iifh,2014-11-07T01:51:18.594Z,"73 km W of Monywa, Myanmar",earthquake,,4,,48,reviewed,us,us
2013-07-20T14:08:00.130Z,36.092,68.527,25.3,4,mb,22,103,,1.46,us,usp000k26q,2014-11-07T01:51:18.627Z,"16 km WSW of Baghl?n, Afghanistan",earthquake,,6.6,,6,reviewed,us,us
2013-07-24T19:51:54.990Z,12.978,93.235,34.5,4.7,mb,44,148,,0.57,us,usb000ilwn,2014-11-07T01:51:20.090Z,"152 km NNE of Bamboo Flat, India",earthquake,,6.1,,33,reviewed,us,us
2013-07-26T16:14:02.170Z,36.263,69.94,154.9,4.4,mb,60,45,,1.37,us,usc000ips2,2014-11-07T01:51:20.361Z,"35 km SSE of Farkh?r, Afghanistan",earthquake,,6.3,,51,reviewed,us,us
2013-07-29T01:43:34.960Z,5.078,94.747,64.7,4.6,mb,48,173,,1.33,us,usc000ircb,2014-11-07T01:51:21.227Z,"82 km SW of Banda Aceh, Indonesia",earthquake,,8,,48,reviewed,us,us
2013-07-29T02:26:29.740Z,14.038,92.892,29.1,4.5,mb,32,68,,1.02,us,usc000ircx,2014-11-07T01:51:21.234Z,"259 km N of Bamboo Flat, India",earthquake,,5.2,,23,reviewed,us,us
2013-07-29T13:07:03.000Z,23.2863,70.4026,20,4,mb,,126,10.628,0.95,us,usb000iztl,2015-06-22T20:11:47.742Z,"6 km ESE of Bhach?u, India",earthquake,7.4,6.2,0.157,,reviewed,us,us
2013-07-29T22:22:47.590Z,7.578,93.745,36,4.6,mb,40,84,,0.81,us,usc000is61,2014-11-07T01:51:21.431Z,"255 km NW of Sabang, Indonesia",earthquake,,7.2,,25,reviewed,us,us
2013-08-01T05:11:07.070Z,32.3098,70.728,42.79,4.3,mb,,112,2.633,0.74,us,usb000it3z,2013-09-25T17:45:49.000Z,"32 km NW of Paharpur, Pakistan",earthquake,,7.1,0.116,,reviewed,us,us
2013-08-02T02:32:47.770Z,33.2663,75.9377,14.12,5,mwb,,43,2.264,0.68,us,usb000itvz,2022-07-25T19:30:16.374Z,"16 km ESE of Kishtw?r, India",earthquake,,3.3,0.073,,reviewed,us,us
2013-08-02T12:04:30.140Z,23.9377,94.7314,100.98,5,mb,,25,3.076,1.01,us,usb000itzy,2013-09-25T17:45:50.000Z,"46 km NE of Mawlaik, Myanmar",earthquake,,5.2,0.051,,reviewed,us,us
2013-08-02T20:42:36.260Z,29.9248,87.8236,29.42,4.2,mb,,126,2.879,0.97,us,usb000iucq,2013-09-25T17:45:51.000Z,"127 km NW of Rikaze, China",earthquake,,5.4,0.115,,reviewed,us,us
2013-08-02T21:37:46.070Z,33.2967,75.9504,42.43,5.2,mb,,44,2.269,0.93,us,usb000iug2,2022-07-25T19:33:52.894Z,"17 km E of Kishtw?r, India",earthquake,,4.8,0.048,,reviewed,us,us
2013-08-04T23:14:10.160Z,28.2703,87.1352,35.51,4.3,mb,,138,3.777,1.05,us,usb000j2ul,2013-09-25T17:45:52.000Z,"47 km NE of Lobujya, Nepal",earthquake,,3,0.118,,reviewed,us,us
2013-08-05T13:57:48.780Z,33.4569,76.0182,46.77,4.3,mb,,145,2.304,0.89,us,usb000ivha,2013-09-25T17:45:53.000Z,"28 km NE of Kishtw?r, India",earthquake,,7.7,0.143,,reviewed,us,us
2013-08-05T14:37:35.980Z,29.8776,70.2614,14.82,4.2,mb,,148,4.55,0.85,us,usb000ivhx,2013-09-25T17:45:53.000Z,"37 km NNW of Dajal, Pakistan",earthquake,,5.5,0.158,,reviewed,us,us
2013-08-05T14:46:00.350Z,33.3339,75.9342,50.45,4.1,mb,,148,2.249,0.89,us,usb000j2v5,2013-09-25T17:45:53.000Z,"15 km E of Kishtw?r, India",earthquake,,7.7,0.37,,reviewed,us,us
2013-08-06T15:31:22.080Z,31.4444,86.4483,8.91,5.2,mb,,39,4.392,0.65,us,usb000iwfd,2022-05-03T16:25:14.738Z,"262 km NNE of Saga, China",earthquake,,3.6,0.052,,reviewed,us,us
2013-08-06T16:13:53.220Z,31.4676,86.4892,10,4.8,mb,,54,4.368,1.07,us,usb000iwhg,2013-10-12T21:32:30.000Z,"266 km NNE of Saga, China",earthquake,,1.8,0.076,,reviewed,us,us
2013-08-06T18:36:30.500Z,23.3104,88.4902,35.88,4.5,mb,,112,3.802,0.76,us,usb000j2w5,2020-07-10T18:14:55.244Z,"9 km NE of Sh?ntipur, India",earthquake,,8.6,0.383,,reviewed,us,us
2013-08-07T23:59:23.070Z,20.5931,93.9641,61.46,4.8,mb,,82,1.11,0.98,us,usb000iy9d,2013-10-12T21:32:31.000Z,"95 km WSW of Chauk, Myanmar",earthquake,,4.9,0.069,,reviewed,us,us
2013-08-09T19:22:10.770Z,4.9711,96.0125,24.46,4.4,mb,,139,0.965,1.3,us,usb000j03h,2013-10-12T21:32:33.000Z,"40 km SW of Reuleuet, Indonesia",earthquake,,6.5,0.189,,reviewed,us,us
2013-08-11T10:36:37.640Z,7.6045,94.3558,31.41,4.4,mb,,162,3.493,0.57,us,usb000j7mm,2013-10-12T21:32:34.000Z,"217 km NNW of Sabang, Indonesia",earthquake,,5.9,0.149,,reviewed,us,us
2013-08-13T01:43:08.450Z,33.2348,68.1353,15.91,4.5,mb,,93,1.505,0.91,us,usb000j1vk,2013-10-19T02:41:41.000Z,"44 km SW of Ghazni, Afghanistan",earthquake,,4,0.074,,reviewed,us,us
2013-08-13T21:25:27.690Z,25.5549,96.2594,57.67,4.3,mb,,111,3.977,0.69,us,usb000j2ka,2013-10-19T02:41:41.000Z,"90 km SW of Sarupathar, India",earthquake,,8.7,0.177,,reviewed,us,us
2013-08-15T16:51:35.710Z,11.0299,95.039,22.65,4.6,mb,,56,2.335,0.8,us,usb000j3xu,2013-10-19T02:41:43.000Z,"259 km ESE of Port Blair, India",earthquake,,4.4,0.071,,reviewed,us,us
2013-08-16T00:17:04.920Z,29.0453,69.3376,10,4.3,mb,,106,5.484,0.51,us,usb000ja9j,2013-10-19T02:41:44.000Z,"17 km E of Dera Bugti, Pakistan",earthquake,,1.8,0.13,,reviewed,us,us
2013-08-16T00:30:20.030Z,29.0997,69.4081,10.13,4.6,mb,,109,5.61,0.8,us,usb000j4i5,2013-10-19T02:41:44.000Z,"25 km ENE of Dera Bugti, Pakistan",earthquake,,1.9,0.112,,reviewed,us,us
2013-08-17T04:24:07.560Z,5.3568,94.3823,51.29,5.2,mb,,50,2.557,0.6,us,usb000j5fr,2025-12-22T16:42:32.484Z,"107 km W of Banda Aceh, Indonesia",earthquake,,4.4,0.075,,reviewed,us,us
2013-08-17T14:41:18.980Z,11.183,93.3084,62.42,4.6,mb,,105,6.925,0.83,us,usb000j5jv,2013-10-19T02:41:48.000Z,"81 km SE of Port Blair, India",earthquake,,5.6,0.105,,reviewed,us,us
2013-08-17T14:51:32.690Z,5.2376,94.3015,56.72,4.5,mb,,139,2.634,0.86,us,usb000j5jw,2013-10-19T02:41:48.000Z,"119 km WSW of Banda Aceh, Indonesia",earthquake,,7.8,0.15,,reviewed,us,us
2013-08-18T00:14:38.750Z,11.1044,95.1931,10.2,4.2,mb,,177,7.906,0.47,us,usb000jabt,2013-10-19T02:41:49.000Z,"274 km ESE of Port Blair, India",earthquake,,1.9,0.373,,reviewed,us,us
2013-08-18T23:53:31.680Z,33.2183,75.8728,44.81,4.8,mb,,45,5.831,0.58,us,usb000j66f,2013-10-19T02:41:50.000Z,"14 km SE of Kishtw?r, India",earthquake,,6.4,0.055,,reviewed,us,us
2013-08-21T06:57:21.490Z,26.6306,92.5269,54.4,4.2,mb,,87,1.219,1.13,us,usb000j80x,2013-10-25T20:09:26.000Z,"9 km SSE of Dhekiajuli, India",earthquake,,8,0.152,,reviewed,us,us
2013-08-21T08:41:51.110Z,26.6379,92.5235,53.17,4.2,mb,,98,1.223,0.93,us,usb000j81c,2013-10-25T20:09:27.000Z,"8 km SSE of Dhekiajuli, India",earthquake,,8.4,0.159,,reviewed,us,us
2013-08-21T12:56:30.410Z,24.5651,94.7308,95.01,4.2,mb,,117,2.791,1.44,us,usb000jc6e,2013-10-25T20:09:29.000Z,"67 km E of W?ngjing, India",earthquake,,6.8,0.215,,reviewed,us,us
2013-08-22T23:59:32.540Z,5.067,95.4277,22.85,4.5,mb,,129,1.521,0.77,us,usb000ja8h,2013-10-25T20:09:44.000Z,"53 km SSE of Banda Aceh, Indonesia",earthquake,,5.2,0.076,,reviewed,us,us
2013-08-26T14:35:55.480Z,33.1688,94.0462,11.54,4.6,mb,,33,4.261,0.86,us,usb000jbw9,2013-10-25T20:10:14.000Z,"265 km NE of Nagqu, China",earthquake,,4.3,0.081,,reviewed,us,us
2013-08-26T22:02:01.650Z,33.9842,87.9063,15.65,4,mb,,121,5.071,1.16,us,usb000jc27,2013-10-25T20:10:15.000Z,"western Xizang",earthquake,,3.4,0.157,,reviewed,us,us
2013-08-29T10:13:24.110Z,31.4785,76.2727,38.33,4.4,mb,,146,3.335,0.84,us,usb000jd2p,2022-07-25T21:22:14.603Z,"1 km NNE of Una, India",earthquake,,6.6,0.139,,reviewed,us,us
2013-08-30T17:48:42.980Z,28.1613,85.8966,54.65,4.9,mb,,37,0.681,1.09,us,usb000jdvj,2022-07-25T21:27:30.464Z,"23 km NNW of Kod?ri??, Nepal",earthquake,,5,0.049,,reviewed,us,us
2013-08-30T18:02:28.820Z,28.0742,85.7479,45.78,4.1,mb,,169,4.987,0.8,us,usc000jqrn,2013-11-06T01:33:34.000Z,"24 km WNW of Kod?ri??, Nepal",earthquake,,7.6,0.107,,reviewed,us,us
2013-08-31T21:06:34.490Z,28.7788,94.4454,29.91,4.5,mb,,72,3.042,0.73,us,usb000jehx,2013-11-06T01:33:37.000Z,"28 km NNE of Shi Yomi, India",earthquake,,5.3,0.061,,reviewed,us,us
2013-09-03T08:06:19.150Z,33.2574,75.8656,10,4.2,mb,,152,2.206,0.6,us,usb000jfkv,2013-11-15T03:20:22.000Z,"11 km SE of Kishtw?r, India",earthquake,,1.9,0.175,,reviewed,us,us
2013-09-04T15:35:05.770Z,8.5865,93.7843,66.29,4.3,mb,,127,3.217,0.97,us,usc000jqxv,2013-11-15T03:20:24.000Z,"Nicobar Islands, India region",earthquake,,9.3,0.153,,reviewed,us,us
2013-09-04T16:13:07.610Z,36.0817,69.0083,52.72,4.1,mb,,89,1.537,0.94,us,usb000jh9g,2013-11-15T03:20:24.000Z,"11 km W of Nahr?n, Afghanistan",earthquake,,8.5,0.185,,reviewed,us,us
2013-09-05T01:13:34.180Z,9.3496,93.852,46.16,4.2,mb,,144,2.537,0.51,us,usb000ji46,2013-11-15T03:20:24.000Z,"283 km SSE of Port Blair, India",earthquake,,13.1,0.147,,reviewed,us,us
2013-09-05T18:11:28.600Z,33.2221,75.404,10.24,4.5,mb,,116,1.836,0.8,us,usb000jirl,2013-11-15T03:20:25.000Z,"14 km NE of Batoti, India",earthquake,,2.8,0.156,,reviewed,us,us
2013-09-07T03:24:56.240Z,25.3564,95.0718,81.93,4.5,mb,,73,2.914,0.74,us,usb000jkq0,2013-11-15T03:20:26.000Z,"66 km ESE of Phek, India",earthquake,,6.5,0.099,,reviewed,us,us
2013-09-09T03:28:31.970Z,22.9608,95.9365,10,5,mb,,60,4.538,1.03,us,usb000jlv7,2013-11-15T03:20:29.000Z,"49 km NNE of Shwebo, Myanmar",earthquake,,1.8,0.073,,reviewed,us,us
2013-09-09T11:58:16.360Z,27.1438,92.3593,10,4.5,mb,,53,1.634,0.9,us,usb000jm0y,2013-11-15T03:20:29.000Z,"14 km SSW of Bomdila, India",earthquake,,1.8,0.088,,reviewed,us,us
2013-09-11T06:19:25.080Z,35.6407,69.6693,96.87,4.3,mb,,71,1.211,1,us,usc000jr6l,2013-11-19T17:37:21.000Z,"38 km NNE of B?z?rak, Afghanistan",earthquake,,5,0.137,,reviewed,us,us
2013-09-11T10:09:40.650Z,10.4984,92.3039,27.68,4.5,mb,,94,1.228,0.95,us,usc000jrh5,2013-11-19T17:37:23.000Z,"137 km SSW of Port Blair, India",earthquake,,5.3,0.097,,reviewed,us,us
2013-09-11T13:27:46.430Z,34.9486,80.9925,30.03,4.7,mb,,113,6.522,0.92,us,usc000jrip,2013-11-19T17:37:24.000Z,"257 km SSE of Hotan, China",earthquake,,5.1,0.087,,reviewed,us,us
2013-09-14T17:41:19.500Z,36.2974,71.2182,111,4.5,mb,,79,2.5,1.08,us,usc000juh5,2015-06-22T20:12:09.493Z,"51 km SSW of Ashk?sham, Afghanistan",earthquake,5.9,5.9,0.082,,reviewed,us,us
2013-09-15T22:27:59.880Z,30.9206,83.2204,32.81,4.4,mb,,111,6.942,1.16,us,usc000jv2z,2013-11-19T17:38:07.000Z,"208 km ENE of Burang, China",earthquake,,3.4,0.086,,reviewed,us,us
2013-09-15T22:47:27.640Z,16.6433,94.6248,16.37,4.3,mb,,74,4.141,1.01,us,usb000jye2,2013-11-19T17:38:08.000Z,"18 km SW of Pathein, Myanmar",earthquake,,2.5,0.168,,reviewed,us,us
2013-09-17T04:34:09.140Z,5.2476,94.3202,46.44,4.5,mb,,139,2.616,1,us,usc000jw15,2013-12-09T21:11:06.000Z,"116 km WSW of Banda Aceh, Indonesia",earthquake,,8.1,0.156,,reviewed,us,us
2013-09-17T23:11:33.410Z,7.7679,93.8665,59.15,4.6,mb,,57,3.966,0.91,us,usc000jwm9,2013-12-09T21:11:07.000Z,"262 km NW of Sabang, Indonesia",earthquake,,5,0.099,,reviewed,us,us
2013-09-18T15:43:05.060Z,13.0868,93.2103,53.16,4.4,mb,,77,1.493,0.32,us,usb000jyfq,2013-12-09T21:11:08.000Z,"162 km NNE of Bamboo Flat, India",earthquake,,10.1,0.17,,reviewed,us,us
2013-09-20T11:53:26.430Z,22.8604,95.8765,10,4.9,mb,,55,3.888,0.46,us,usb000jwlv,2022-05-03T16:26:41.795Z,"37 km NNE of Shwebo, Myanmar",earthquake,,1.9,0.071,,reviewed,us,us
2013-09-20T12:24:46.270Z,22.9341,95.9607,4,5.7,mww,,30,3.995,0.44,us,usb000jwly,2022-05-03T17:38:52.445Z,"48 km NE of Shwebo, Myanmar",earthquake,,1.8,,,reviewed,us,us
2013-09-22T00:42:44.580Z,31.4853,86.5844,12.62,4.2,mb,,82,4.3,1.41,us,usb000k0t2,2013-12-09T21:11:12.000Z,"272 km NNE of Saga, China",earthquake,,4.3,0.175,,reviewed,us,us
2013-09-22T06:06:36.450Z,5.3335,94.3413,58.37,4.7,mb,,59,2.597,1.11,us,usb000jxg4,2013-12-09T21:11:13.000Z,"112 km WSW of Banda Aceh, Indonesia",earthquake,,4.8,0.073,,reviewed,us,us
2013-09-25T09:49:54.810Z,35.9499,70.6251,137.11,4.4,mb,,105,1.911,0.98,us,usb000jzat,2013-12-13T09:00:33.000Z,"64 km NNW of P?r?n, Afghanistan",earthquake,,11.1,0.269,,reviewed,us,us
2013-09-25T12:20:45.130Z,35.9269,70.7183,135.47,4.1,mb,,96,1.947,0.8,us,usb000jzdr,2013-12-13T09:00:33.000Z,"59 km NNW of P?r?n, Afghanistan",earthquake,,9.7,0.185,,reviewed,us,us
2013-09-26T05:30:05.660Z,23.8621,93.2795,55.92,4.6,mb,,162,6.127,0.58,us,usb000k60p,2013-12-13T09:00:33.000Z,"39 km ESE of Darlawn, India",earthquake,,7.7,0.146,,reviewed,us,us
2013-09-26T09:21:04.940Z,30.2993,70.3753,22.68,4.2,mb,,299,4.148,1.36,us,usb000k05u,2013-12-13T09:00:33.000Z,"37 km NW of Dera Ghazi Khan, Pakistan",earthquake,,13.8,0.371,,reviewed,us,us
2013-09-26T18:49:09.160Z,36.2921,70.6128,81.26,4.1,mb,,78,2.167,1.42,us,usb000k0f8,2013-12-13T09:00:34.000Z,"66 km SSW of Jurm, Afghanistan",earthquake,,6.5,0.185,,reviewed,us,us
2013-09-28T19:50:32.960Z,24.8368,94.7407,91.29,4.2,mb,,108,2.712,0.63,us,usb000k1re,2013-12-13T09:00:36.000Z,"72 km ENE of Yairipok, India",earthquake,,6.6,0.105,,reviewed,us,us
2013-10-03T06:12:39.140Z,27.2898,88.4022,9.87,5.2,mb,,37,3.395,0.61,us,usb000k57j,2022-07-25T23:12:46.780Z,"11 km WNW of Singtam, India",earthquake,,2.4,0.044,,reviewed,us,us
2013-10-06T06:59:11.030Z,12.9734,92.981,35.19,4.5,mb,,93,1.33,1.14,us,usb000k7lw,2013-12-19T02:51:36.000Z,"143 km NNE of Bamboo Flat, India",earthquake,,3,0.118,,reviewed,us,us
2013-10-07T08:45:30.210Z,35.9644,70.4306,108.53,4.1,mb,,85,1.818,1.29,us,usb000kdfd,2013-12-19T02:51:37.000Z,"74 km NW of P?r?n, Afghanistan",earthquake,,12.7,0.302,,reviewed,us,us
2013-10-07T20:53:58.620Z,26.2602,92.9225,7.87,4.2,mb,,64,1.183,1.04,us,usb000kdfs,2013-12-19T02:51:38.000Z,"29 km NNE of Hoj?i, India",earthquake,,4.7,0.175,,reviewed,us,us
2013-10-08T04:37:29.310Z,33.9286,89.7445,39.54,4.3,mb,,84,4.374,0.78,us,usb000k8e2,2013-12-24T01:42:56.000Z,"western Xizang",earthquake,,10,0.148,,reviewed,us,us
2013-10-08T09:31:11.000Z,9.7794,93.8132,35,4.6,mb,,71,8.112,0.99,us,usb000kdg7,2013-12-24T01:42:56.000Z,"239 km SSE of Port Blair, India",earthquake,,1.9,0.105,,reviewed,us,us
2013-10-09T11:35:59.580Z,10.2984,92.2811,9.84,4.3,mb,,88,1.423,0.88,us,usb000k9ep,2013-12-24T01:42:57.000Z,"159 km SSW of Port Blair, India",earthquake,,2.8,0.134,,reviewed,us,us
2013-10-10T17:54:53.560Z,23.1303,95.9927,9.6,4.4,mb,,95,4.153,0.49,us,usb000ka7a,2013-12-24T01:42:58.000Z,"58 km WNW of Mogok, Myanmar",earthquake,,4.5,0.18,,reviewed,us,us
2013-10-13T05:52:59.140Z,10.7355,91.7454,10.03,4.1,mb,,211,1.34,0.55,us,usb000kiuq,2013-12-24T01:43:00.000Z,"150 km SW of Port Blair, India",earthquake,,3.2,0.261,,reviewed,us,us
2013-10-14T19:15:54.170Z,25.5638,67.5208,14.03,4.2,mb,,102,8.427,1.16,us,usb000kd26,2013-12-24T01:43:02.000Z,"75 km NNE of Malir Cantonment, Pakistan",earthquake,,4.8,0.113,,reviewed,us,us
2013-10-15T00:41:03.450Z,10.6106,91.4722,10,4.6,mb,,124,1.623,0.92,us,usb000kiwf,2013-12-30T23:41:07.000Z,"181 km SW of Bamboo Flat, India",earthquake,,1.9,0.158,,reviewed,us,us
2013-10-16T00:26:17.710Z,31.9488,95.3883,15.16,4.1,mb,,113,4.294,0.94,us,usc000kpa8,2013-12-30T23:41:10.000Z,"192 km WNW of Qamdo, China",earthquake,,5.9,0.184,,reviewed,us,us
2013-10-17T00:33:14.310Z,14.0582,93.0065,31.88,4.2,mb,,77,2.401,1.15,us,usc000kpbk,2013-12-30T23:41:11.000Z,"262 km N of Bamboo Flat, India",earthquake,,5.5,0.199,,reviewed,us,us
2013-10-18T03:01:24.280Z,36.1656,71.1007,126.72,4,mb,,83,2.335,0.77,us,usb000kg67,2013-12-30T23:41:12.000Z,"69 km SW of Ashk?sham, Afghanistan",earthquake,,17,0.259,,reviewed,us,us
2013-10-19T00:56:41.850Z,4.6707,93.2035,27.99,4.4,mb,,168,3.77,0.57,us,usc000kpdt,2013-12-30T23:41:13.000Z,"255 km WSW of Banda Aceh, Indonesia",earthquake,,5.8,0.191,,reviewed,us,us
2013-10-19T01:47:26.310Z,4.7348,95.1575,70.31,4.7,mb,,99,1.849,0.54,us,usb000kh2d,2013-12-30T23:41:13.000Z,"91 km SSW of Banda Aceh, Indonesia",earthquake,,6.2,0.083,,reviewed,us,us
2013-10-19T17:47:42.660Z,36.3029,71.1701,101.43,4.5,mb,,76,2.471,1.39,us,usb000khb4,2013-12-30T23:41:14.000Z,"53 km SW of Ashk?sham, Afghanistan",earthquake,,7.3,0.077,,reviewed,us,us
2013-10-20T01:31:22.230Z,7.6496,94.2111,37.83,4.3,mb,,175,3.629,0.39,us,usc000kpep,2013-12-30T23:41:15.000Z,"229 km NNW of Sabang, Indonesia",earthquake,,7.5,0.2,,reviewed,us,us
2013-10-20T19:45:07.850Z,35.7595,77.4189,96.76,5.4,mb,,47,4.014,0.72,us,usb000khnw,2025-12-22T17:16:10.043Z,"108 km NNE of Thang, India",earthquake,,5.1,0.047,,reviewed,us,us
2013-10-21T02:26:11.140Z,35.2895,76.9996,35,4.5,mb,,109,3.488,1.11,us,usb000khr1,2013-12-30T23:41:16.000Z,"44 km NNE of Thang, India",earthquake,,2,0.109,,reviewed,us,us
2013-10-21T02:27:13.710Z,35.3406,77.0837,48.7,5.4,mwb,,20,3.573,1.13,us,usb000khr2,2022-05-03T17:54:28.260Z,"52 km NNE of Thang, India",earthquake,,4.6,0.065,,reviewed,us,us
2013-10-21T20:09:23.780Z,4.5927,95.2063,73.49,4.7,mb,,182,1.846,0.7,us,usb000ki1x,2013-12-30T23:41:17.000Z,"105 km S of Banda Aceh, Indonesia",earthquake,,6.2,0.099,,reviewed,us,us
2013-10-21T20:11:34.000Z,23.0293,94.4506,96.78,4.4,mb,,154,2.613,0.38,us,usb000kx68,2013-12-30T23:41:17.000Z,"68 km S of Mawlaik, Myanmar",earthquake,,10.4,0.24,,reviewed,us,us
2013-10-22T05:40:39.100Z,5.1033,95.9709,9.75,5.4,mwb,,35,0.98,1.43,us,usb000ki9y,2022-05-03T16:30:07.612Z,"31 km S of Sigli, Indonesia",earthquake,,3.3,0.05,,reviewed,us,us
2013-10-22T14:16:13.470Z,5.0818,95.9995,45.89,4.6,mb,,131,0.955,0.32,us,usb000kx6u,2014-01-03T00:32:50.000Z,"33 km S of Sigli, Indonesia",earthquake,,10.5,0.172,,reviewed,us,us
2013-10-23T09:19:59.620Z,5.2605,95.5502,40.55,4.4,mb,,113,1.391,1.2,us,usc000ks8c,2014-01-03T00:32:51.000Z,"39 km SE of Banda Aceh, Indonesia",earthquake,,5.3,0.155,,reviewed,us,us
2013-10-24T09:12:40.910Z,35.3041,77.1447,51.38,4.2,mb,,95,3.601,1.2,us,usc000km5a,2014-01-03T00:32:52.000Z,"52 km NE of Thang, India",earthquake,,4.7,0.186,,reviewed,us,us
2013-10-24T17:57:36.970Z,14.2917,93.0654,23,5.4,mwb,,19,2.638,0.91,us,usc000kmdj,2022-05-03T16:30:26.250Z,"289 km N of Bamboo Flat, India",earthquake,,1.7,0.042,,reviewed,us,us
2013-10-24T20:14:31.690Z,14.3021,92.9677,30.17,4.2,mb,,112,2.639,0.96,us,usb000kx8x,2014-01-03T00:32:52.000Z,"289 km N of Bamboo Flat, India",earthquake,,5.9,0.216,,reviewed,us,us
2013-10-26T00:05:03.550Z,33.1049,75.9359,41.6,4.5,mb,,101,2.297,0.68,us,usc000knei,2014-01-03T00:32:54.000Z,"24 km NE of Bhadarw?h, India",earthquake,,6.9,0.084,,reviewed,us,us
2013-10-26T11:06:22.610Z,14.3674,93.0966,10,4.2,mb,,56,2.717,1.06,us,usb000kxat,2014-01-03T00:32:55.000Z,"297 km N of Bamboo Flat, India",earthquake,,1.9,0.176,,reviewed,us,us
2013-10-28T01:08:09.480Z,25.2388,95.5348,44.81,4,mb,,166,3.343,0.75,us,usb000ky9i,2014-01-03T00:32:56.000Z,"114 km ESE of Phek, India",earthquake,,16.3,0.299,,reviewed,us,us
2013-10-28T07:34:46.900Z,8.5861,93.4763,36.19,4.5,mb,,98,3.134,1.15,us,usc000kpkb,2014-01-03T00:32:56.000Z,"Nicobar Islands, India region",earthquake,,6.8,0.121,,reviewed,us,us
2013-10-28T08:40:40.080Z,9.8456,92.7587,45.27,4.4,mb,,96,1.798,1.36,us,usc000kpl5,2014-01-03T00:32:56.000Z,"201 km S of Port Blair, India",earthquake,,7.6,0.112,,reviewed,us,us
2013-10-29T07:51:27.090Z,23.0264,94.4265,84.87,4.6,mb,,18,2.591,0.75,us,usc000kqin,2014-01-10T10:03:34.000Z,"68 km S of Mawlaik, Myanmar",earthquake,,5.4,0.073,,reviewed,us,us
2013-10-29T18:09:15.470Z,27.2426,91.3813,38.19,4.3,mb,,119,1.722,0.75,us,usc000kqwk,2014-01-10T10:03:35.000Z,"14 km ESE of Mongar, Bhutan",earthquake,,7,0.096,,reviewed,us,us
2013-10-31T22:18:37.970Z,32.9869,81.342,15.4,4.1,mb,,125,6.79,0.73,us,usb000kydv,2014-01-10T10:03:40.000Z,"298 km N of Burang, China",earthquake,,4.8,0.214,,reviewed,us,us
2013-11-03T06:47:22.450Z,29.3825,81.8689,38.58,4,mb,,163,8.071,0.61,us,usb000kry6,2014-01-10T10:03:44.000Z,"32 km WNW of Jumla, Nepal",earthquake,,10.2,0.183,,reviewed,us,us
2013-11-03T06:54:07.290Z,10.5493,92.8679,54.51,4.8,mb,,46,1.106,0.87,us,usb000kry8,2014-01-10T10:03:44.000Z,"124 km S of Port Blair, India",earthquake,,6,0.065,,reviewed,us,us
2013-11-03T07:02:05.360Z,35.5322,88.2345,10,4.5,mb,,36,6.303,1.13,us,usb000kryf,2022-05-03T16:30:58.467Z,"western Xizang",earthquake,,2.8,0.081,,reviewed,us,us
2013-11-03T08:18:43.060Z,36.226,74.4193,88.78,4.3,mb,,174,2.737,0.96,us,usb000kygs,2014-01-10T10:03:44.000Z,"26 km WSW of Barishal, Pakistan",earthquake,,11.7,0.307,,reviewed,us,us
2013-11-04T07:12:24.080Z,36.3003,70.9688,106.79,4,mb,,103,2.356,1.18,us,usb000kyhn,2014-01-10T10:03:46.000Z,"63 km S of Jurm, Afghanistan",earthquake,,5.9,0.196,,reviewed,us,us
2013-11-04T12:56:22.710Z,14.2853,93.1914,41.67,4.8,mb,,39,2.649,0.74,us,usb000ksbm,2014-01-10T10:03:47.000Z,"290 km N of Bamboo Flat, India",earthquake,,4.8,0.063,,reviewed,us,us
2013-11-06T04:16:16.060Z,26.4118,93.6451,34.32,5.4,mb,,25,1.816,0.96,us,usb000ktbm,2022-07-26T01:04:27.812Z,"24 km SSW of Num?ligarh, India",earthquake,,2.4,0.045,,reviewed,us,us
2013-11-06T04:19:20.640Z,26.3701,93.5345,46.84,4.8,mb,,57,1.709,0.88,us,usb000kylc,2014-01-17T00:29:09.000Z,"30 km SSW of Bok?kh?t, India",earthquake,,7.3,0.121,,reviewed,us,us
2013-11-06T09:34:45.100Z,14.1439,93.0686,35,4.4,mb,,66,2.493,1.09,us,usb000ktdx,2014-01-17T00:29:09.000Z,"273 km N of Bamboo Flat, India",earthquake,,2,0.143,,reviewed,us,us
2013-11-06T13:07:01.910Z,35.8326,80.828,28.48,4,mb,,120,6.343,1.24,us,usb000kyk6,2014-01-17T00:29:10.000Z,"162 km SSE of Hotan, China",earthquake,,5.5,0.259,,reviewed,us,us
2013-11-06T14:53:14.040Z,31.726,76.1301,41.11,4.4,mb,,120,3.082,0.97,us,usb000ktgz,2022-07-26T01:06:56.194Z,"9 km NE of Gagret, India",earthquake,,6.3,0.112,,reviewed,us,us
2013-11-10T00:25:08.790Z,36.0995,70.02,129.34,4.1,mb,,77,1.748,1.2,us,usb000kvdk,2014-01-17T00:29:14.000Z,"54 km SSE of Farkh?r, Afghanistan",earthquake,,2.4,0.158,,reviewed,us,us
2013-11-10T04:01:58.710Z,6.4767,94.8246,115.01,4.6,mb,,82,2.448,0.53,us,usb000kz1w,2014-01-17T00:29:14.000Z,"84 km NW of Sabang, Indonesia",earthquake,,2.6,0.222,,reviewed,us,us
2013-11-10T20:30:04.820Z,11.0579,91.893,31.1,4.4,mb,,71,1.024,0.53,us,usb000kz2g,2014-01-17T00:29:15.000Z,"114 km SW of Bamboo Flat, India",earthquake,,4.6,0.139,,reviewed,us,us
2013-11-11T13:21:32.730Z,35.3447,77.1001,56.73,4,mb,,109,3.587,0.78,us,usb000kvrg,2014-01-17T00:29:16.000Z,"54 km NNE of Thang, India",earthquake,,7.3,0.231,,reviewed,us,us
2013-11-12T19:52:14.180Z,24.4844,94.6661,88.79,4.4,mb,,35,2.767,1.18,us,usb000kwcc,2014-01-31T21:22:17.000Z,"62 km E of W?ngjing, India",earthquake,,6.7,0.082,,reviewed,us,us
2013-11-14T08:55:52.890Z,5.274,94.3633,58.88,4.6,mb,,171,2.573,0.71,us,usb000kxqh,2014-01-31T21:22:19.000Z,"111 km WSW of Banda Aceh, Indonesia",earthquake,,8.7,0.1,,reviewed,us,us
2013-11-15T10:42:40.520Z,29.8329,67.5025,17.75,4.9,mb,,70,4.872,0.87,us,usb000kyxr,2022-05-03T16:33:08.419Z,"16 km ESE of Mach, Pakistan",earthquake,,3.5,0.056,,reviewed,us,us
2013-11-15T15:43:08.180Z,5.394,94.4584,47.72,5,mb,,54,2.483,1.02,us,usb000kz33,2014-01-31T21:22:21.000Z,"98 km W of Banda Aceh, Indonesia",earthquake,,5.5,0.068,,reviewed,us,us
2013-11-15T22:21:08.700Z,34.5371,77.7468,30.76,4.2,mb,,104,3.819,1.34,us,usb000kzjv,2014-01-31T21:22:21.000Z,"43 km NNE of Leh, India",earthquake,,6.3,0.146,,reviewed,us,us
2013-11-16T10:26:43.290Z,4.2077,90.0652,10.01,5.7,mwb,,43,6.933,0.78,us,usb000kztl,2022-05-03T16:33:12.476Z,"off the west coast of northern Sumatra",earthquake,,2.6,0.078,,reviewed,us,us
2013-11-16T19:22:19.690Z,35.3399,77.1125,58.79,4.3,mb,,86,3.594,0.71,us,usb000l033,2014-01-31T21:22:23.000Z,"54 km NNE of Thang, India",earthquake,,7,0.097,,reviewed,us,us
2013-11-16T22:06:14.780Z,5.3434,94.3669,53.65,4.4,mb,,117,2.572,0.67,us,usb000l3mb,2014-01-31T21:22:23.000Z,"109 km WSW of Banda Aceh, Indonesia",earthquake,,8.9,0.179,,reviewed,us,us
2013-11-17T04:20:20.650Z,36.2073,70.2717,125.6,4.2,mb,,76,1.942,1.22,us,usb000l0e2,2014-01-31T21:22:23.000Z,"54 km SE of Farkh?r, Afghanistan",earthquake,,3.3,0.2,,reviewed,us,us
2013-11-17T14:51:24.490Z,5.4159,94.4731,69.54,4.4,mb,,197,2.47,0.3,us,usb000l4eb,2014-01-31T21:22:26.000Z,"96 km W of Banda Aceh, Indonesia",earthquake,,11.6,0.268,,reviewed,us,us
2013-11-18T07:43:49.230Z,35.6323,88.0211,31.61,4.6,mb,,102,6.465,1.02,us,usb000l16l,2014-01-31T21:22:28.000Z,"western Xizang",earthquake,,3,0.107,,reviewed,us,us
2013-11-20T10:09:18.430Z,12.3975,95.1481,10.26,5.5,mwb,,32,7,0.86,us,usb000l2rk,2022-05-03T16:33:54.354Z,"273 km ENE of Port Blair, India",earthquake,,2.2,0.048,,reviewed,us,us
2013-11-22T17:20:58.340Z,5.4216,92.8184,15.61,5.5,mww,,22,4.115,0.84,us,usb000l4ju,2022-05-03T16:34:05.012Z,"279 km W of Banda Aceh, Indonesia",earthquake,,1.2,,,reviewed,us,us
2013-11-24T06:43:38.290Z,35.3548,77.0299,79.56,4,mb,,183,3.54,1.07,us,usb000l5la,2014-02-11T02:18:57.000Z,"52 km NNE of Thang, India",earthquake,,8.6,0.212,,reviewed,us,us
2013-11-25T14:36:47.920Z,36.1362,70.7954,112.89,4.2,mb,,80,2.141,0.91,us,usb000l68g,2014-02-11T02:18:59.000Z,"80 km N of P?r?n, Afghanistan",earthquake,,8.6,0.175,,reviewed,us,us
2013-11-27T00:14:37.850Z,4.3394,95.9159,32.57,4,mb,,217,3.418,0.75,us,usb000la05,2014-02-12T01:08:34.000Z,"31 km NW of Meulaboh, Indonesia",earthquake,,11.1,0.518,,reviewed,us,us
2013-11-27T17:29:33.670Z,26.2586,96.153,89.8,4.5,mb,,95,3.93,0.81,us,usb000la0x,2014-02-12T01:08:35.000Z,"65 km W of Sarupathar, India",earthquake,,10.3,0.181,,reviewed,us,us
2013-11-29T01:54:49.070Z,28.8721,95.8701,35.15,5,mb,,40,4.225,0.63,us,usb000l7uv,2022-07-26T02:40:25.125Z,"103 km NNE of P?sigh?t, India",earthquake,,3.8,0.056,,reviewed,us,us
2013-11-29T08:26:34.910Z,33.2751,70.7595,40.54,4.1,mb,,139,1.905,1.08,us,usb000lb4t,2014-02-12T01:08:37.000Z,"16 km S of Doaba, Pakistan",earthquake,,6.8,0.301,,reviewed,us,us
2013-12-03T10:02:58.240Z,23.0163,96.1736,17.03,4.1,mb,,154,4.686,0.72,us,usb000lcpm,2014-02-15T01:32:07.000Z,"36 km WNW of Mogok, Myanmar",earthquake,,6.7,0.198,,reviewed,us,us
2013-12-04T03:59:16.650Z,13.8291,92.9508,32.44,4.7,mb,,81,6.269,0.85,us,usb000lb11,2014-02-15T01:32:08.000Z,"236 km N of Bamboo Flat, India",earthquake,,5,0.082,,reviewed,us,us
2013-12-04T10:58:58.370Z,33.1156,73.7334,29.39,4.2,mb,,99,0.66,1.07,us,usb000lcr3,2014-02-15T01:32:08.000Z,"3 km SSW of New Mirpur, Pakistan",earthquake,,4.2,0.159,,reviewed,us,us
2013-12-04T13:05:19.880Z,26.5885,89.5628,13.6,4.7,mb,,73,2.299,0.87,us,usb000lb7b,2022-07-26T02:59:33.636Z,"12 km NNE of Al?pur Du?r, India",earthquake,,2,0.076,,reviewed,us,us
2013-12-06T02:16:55.670Z,35.9796,70.7001,95.05,4.6,mb,,43,1.974,0.93,us,usb000lcen,2014-02-15T01:32:10.000Z,"65 km NNW of P?r?n, Afghanistan",earthquake,,5.8,0.065,,reviewed,us,us
2013-12-06T10:09:01.050Z,32.8918,78.6622,41.12,4.3,mb,,99,4.581,1,us,usb000lcjj,2014-02-15T01:32:11.000Z,"156 km ENE of Man?li, India",earthquake,,8.4,0.178,,reviewed,us,us
2013-12-07T01:06:38.870Z,11.4417,93.7452,154.3,4.6,mb,,53,1.004,0.72,us,usb000ld6f,2014-02-15T01:32:11.000Z,"111 km ESE of Port Blair, India",earthquake,,4.9,0.095,,reviewed,us,us
2013-12-08T14:19:43.030Z,27.7317,87.6012,44.81,4,mb,,141,3.667,0.94,us,usc000li6l,2014-02-15T01:32:13.000Z,"55 km NE of Kh??db?ri??, Nepal",earthquake,,9.6,0.163,,reviewed,us,us
2013-12-09T07:39:37.860Z,9.6129,92.9987,34.98,4.9,mb,,70,2.045,0.89,us,usb000ldyr,2014-02-15T01:32:14.000Z,"228 km S of Port Blair, India",earthquake,,1.8,0.061,,reviewed,us,us
2013-12-09T08:38:59.800Z,35.4921,76.9208,69.06,4,mb,,111,3.529,1.3,us,usb000ldz0,2014-02-15T01:32:14.000Z,"63 km N of Thang, India",earthquake,,6.1,0.156,,reviewed,us,us
2013-12-09T17:40:32.040Z,36.2944,70.5242,144,4.8,mb,,35,2.127,0.78,us,usb000le5z,2022-07-26T03:08:02.930Z,"67 km ESE of Farkh?r, Afghanistan",earthquake,,5.8,0.053,,reviewed,us,us
2013-12-10T11:42:52.830Z,6.099,95.634,225.19,4.2,mb,,187,1.566,1.23,us,usc000lk2l,2014-02-21T23:00:50.000Z,"42 km ENE of Sabang, Indonesia",earthquake,,7.9,0.152,,reviewed,us,us
2013-12-10T22:48:43.080Z,31.7493,70.0591,42.47,4.1,mb,,96,2.911,1.2,us,usc000lhuh,2014-02-21T23:00:51.000Z,"42 km WSW of Kulachi, Pakistan",earthquake,,6.6,0.185,,reviewed,us,us
2013-12-11T12:34:19.700Z,29.7619,69.7293,10,4.5,mb,,72,4.8,0.82,us,usc000li0c,2014-02-21T23:00:51.000Z,"24 km SE of Barkhan, Pakistan",earthquake,,1.8,0.102,,reviewed,us,us
2013-12-11T16:14:39.380Z,34.0071,89.1888,25.56,4.9,mb,,52,4.596,0.74,us,usc000li34,2022-05-03T16:35:38.703Z,"Xizang-Qinghai border region",earthquake,,4.2,0.059,,reviewed,us,us
2013-12-11T19:59:03.460Z,29.8609,69.9141,8.83,4,mb,,136,4.724,0.57,us,usc000lib0,2014-02-21T23:00:51.000Z,"37 km E of Barkhan, Pakistan",earthquake,,5.9,0.156,,reviewed,us,us
2013-12-13T01:55:45.900Z,32.4613,69.9748,47.45,4.2,mb,,96,2.215,0.87,us,usc000ljt1,2014-02-21T23:00:53.000Z,"41 km SW of Gulishah Kach, Pakistan",earthquake,,7.3,0.167,,reviewed,us,us
2013-12-13T04:15:36.710Z,32.8033,89.2479,10.03,4.3,mb,,71,3.484,1.08,us,usc000ljuw,2014-02-21T23:00:53.000Z,"western Xizang",earthquake,,2.7,0.111,,reviewed,us,us
2013-12-15T07:35:39.950Z,23.0989,94.2789,95.54,4.1,mb,,92,2.467,0.93,us,usc000ln84,2014-02-21T23:00:55.000Z,"61 km SSW of Mawlaik, Myanmar",earthquake,,9.1,0.197,,reviewed,us,us
2013-12-16T06:53:06.970Z,29.873,69.7953,32.36,4.3,mb,,145,4.697,0.75,us,usc000lncn,2014-02-21T23:00:57.000Z,"26 km E of Barkhan, Pakistan",earthquake,,6.2,0.168,,reviewed,us,us
2013-12-16T09:01:58.400Z,29.6768,69.6114,38.43,4,mb,,116,4.873,1.23,us,usc000lldw,2014-02-21T23:00:57.000Z,"25 km SSE of Barkhan, Pakistan",earthquake,,9,0.259,,reviewed,us,us
2013-12-18T15:30:14.800Z,33.1525,92.7511,42.16,4.4,mb,,46,3.708,0.8,us,usc000lmut,2014-02-27T21:37:21.000Z,"196 km NNE of Nagqu, China",earthquake,,4.3,0.089,,reviewed,us,us
2013-12-20T03:04:36.230Z,14.3321,93.0763,41.49,4.9,mb,,49,2.679,0.7,us,usc000lnmu,2014-02-27T21:37:23.000Z,"293 km N of Bamboo Flat, India",earthquake,,5.6,0.074,,reviewed,us,us
2013-12-20T08:03:11.740Z,31.7532,72.015,19.77,4.4,mb,,95,2.167,1.35,us,usc000lnpq,2014-02-27T21:37:23.000Z,"25 km WSW of Jahanian Shah, Pakistan",earthquake,,3.5,0.13,,reviewed,us,us
2013-12-20T21:10:47.350Z,4.242,96.2285,90.23,5.1,mb,,23,1.214,0.95,us,usc000lp4r,2025-12-22T16:45:49.261Z,"15 km NE of Meulaboh, Indonesia",earthquake,,4.5,0.043,,reviewed,us,us
2013-12-23T16:16:48.380Z,20.5592,94.7299,93.96,4.8,mb,,62,1.782,0.57,us,usc000lxnw,2014-02-27T21:37:28.000Z,"18 km NW of Yenangyaung, Myanmar",earthquake,,9.1,0.16,,reviewed,us,us
2013-12-25T02:58:01.870Z,10.9511,91.8813,28,4.3,mb,,176,1.098,0.75,us,usc000ly96,2014-02-28T08:44:07.000Z,"123 km SW of Port Blair, India",earthquake,,6.6,0.137,,reviewed,us,us
2013-12-25T13:25:48.000Z,22.6063,94.3609,109.25,4.3,mb,,49,2.512,0.87,us,usc000ly9a,2014-02-28T08:44:07.000Z,"77 km E of Hakha, Myanmar",earthquake,,7.7,0.154,,reviewed,us,us
2013-12-26T15:29:46.910Z,34.0241,89.2682,9.11,4.2,mb,,102,4.588,1.34,us,usc000lryy,2014-02-28T08:44:08.000Z,"Xizang-Qinghai border region",earthquake,,4.9,0.086,,reviewed,us,us
2013-12-26T23:23:15.680Z,4.9067,96.2123,56.56,4.4,mb,,120,0.799,1.43,us,usc000lyqa,2014-02-28T08:44:09.000Z,"35 km SSW of Reuleuet, Indonesia",earthquake,,7.5,0.13,,reviewed,us,us
2013-12-28T15:09:49.980Z,33.9646,89.2242,22.17,4.4,mb,,45,4.546,0.95,us,usc000ltau,2014-02-28T08:44:10.000Z,"western Xizang",earthquake,,5.2,0.143,,reviewed,us,us
2013-12-28T15:25:17.180Z,4.7933,95.7445,9.9,4.6,mb,,159,1.273,1.32,us,usc000m07w,2014-02-28T08:44:11.000Z,"69 km SSW of Sigli, Indonesia",earthquake,,2.5,0.244,,reviewed,us,us
2013-12-29T02:59:35.480Z,36.0299,70.353,106.06,4.1,mb,,96,1.831,0.32,us,usc000ltit,2014-02-28T08:44:12.000Z,"74 km SE of Farkh?r, Afghanistan",earthquake,,19.9,0.371,,reviewed,us,us
2013-12-29T11:45:32.180Z,12.2956,95.1078,23.44,4.4,mb,,88,2.398,1.07,us,usc000m09n,2014-02-28T08:44:12.000Z,"266 km ENE of Port Blair, India",earthquake,,6.8,0.267,,reviewed,us,us
2013-12-29T11:49:53.110Z,11.7702,95.5246,21.93,4.1,mb,,135,2.725,0.48,us,usc000m09m,2014-02-28T08:44:12.000Z,"Andaman Islands, India region",earthquake,,2.1,0.303,,reviewed,us,us
2013-12-30T09:44:13.340Z,24.1788,93.1207,38.13,4.2,mb,,113,1.797,0.41,us,usb000m2pi,2014-02-28T08:44:13.000Z,"27 km NE of Darlawn, India",earthquake,,5.7,0.215,,reviewed,us,us
2013-12-30T21:08:17.410Z,21.6226,94.0575,76.58,4.6,mb,,78,2.472,0.71,us,usb000m2pu,2014-02-28T08:44:14.000Z,"111 km WNW of Pakokku, Myanmar",earthquake,,7.3,0.103,,reviewed,us,us
2014-01-01T10:10:47.900Z,4.6918,95.1453,56.46,4,mb,,174,4.148,0.63,us,usb000m2vq,2014-03-07T00:25:54.000Z,"96 km SSW of Banda Aceh, Indonesia",earthquake,,11.8,0.259,4,reviewed,us,us
2014-01-01T19:17:56.090Z,4.5344,95.7415,94.56,4.3,mb,,163,1.385,0.97,us,usc000lvdi,2014-03-07T00:25:54.000Z,"60 km NW of Meulaboh, Indonesia",earthquake,,8.5,0.177,11,reviewed,us,us
2014-01-03T05:03:42.920Z,7.9324,94.5915,53.85,4.4,mb,,154,3.562,0.78,us,usb000m4np,2014-03-07T00:25:56.000Z,"239 km NNW of Sabang, Indonesia",earthquake,,11.6,0.202,8,reviewed,us,us
2014-01-07T14:21:28.360Z,36.1253,68.6777,64.74,4.7,mb,,72,1.609,0.23,us,usc000ly7d,2014-03-07T00:26:01.000Z,"2 km WSW of Baghl?n, Afghanistan",earthquake,,12.9,0.208,7,reviewed,us,us
2014-01-07T16:32:10.710Z,22.929,94.1357,52.67,4.2,mb,,142,3.35,0.62,us,usb000m77k,2014-03-07T00:26:01.000Z,"47 km E of Falam, Myanmar",earthquake,,9.5,0.166,13,reviewed,us,us
2014-01-10T21:40:36.000Z,28.2474,93.3721,15.05,4.1,mb,,65,2.444,1.19,us,usb000m7f8,2014-03-15T03:39:02.000Z,"85 km NNW of Ziro, India",earthquake,,4.3,0.127,19,reviewed,us,us
2014-01-11T01:51:25.380Z,5.0969,92.9277,28.56,4.3,mb,,153,12.346,0.88,us,usb000m8qy,2014-03-15T03:39:03.000Z,"271 km W of Banda Aceh, Indonesia",earthquake,,7.4,0.307,8,reviewed,us,us
2014-01-11T02:04:04.300Z,21.4081,93.9132,59.42,4.1,mb,,96,1.592,0.63,us,usb000m8r0,2014-03-15T03:39:04.000Z,"109 km WNW of Chauk, Myanmar",earthquake,,7.3,0.234,9,reviewed,us,us
2014-01-14T08:36:07.460Z,8.8629,93.6522,10,4.4,mb,,120,2.915,0.77,us,usc000mef2,2014-03-15T03:40:24.000Z,"Nicobar Islands, India region",earthquake,,1.6,0.155,12,reviewed,us,us
2014-01-14T20:49:10.760Z,32.947,87.1189,40.7,4,mb,,136,4.713,1.2,us,usc000mefp,2014-03-15T03:40:40.000Z,"western Xizang",earthquake,,6.5,0.134,18,reviewed,us,us
2014-01-16T17:47:34.950Z,31.8719,90.2824,46.49,4.8,mb,,67,6.432,0.84,us,usb000m292,2022-05-03T16:37:42.005Z,"173 km WNW of Nagqu, China",earthquake,,4.5,0.069,65,reviewed,us,us
2014-01-18T00:55:47.690Z,15.375,96.16,25.04,4.6,mb,,67,4.06,0.97,us,usc000mem0,2014-03-22T00:05:20.000Z,"113 km SSE of Pyapon, Myanmar",earthquake,,5.1,0.119,22,reviewed,us,us
2014-01-19T15:33:14.300Z,32.9228,93.8116,37.48,4.7,mb,,32,3.947,1.11,us,usb000m4b1,2014-03-22T00:05:23.000Z,"230 km NE of Nagqu, China",earthquake,,3.7,0.072,63,reviewed,us,us
2014-01-20T13:18:26.930Z,22.1231,92.7127,32.08,4.1,mb,,124,1.133,0.43,us,usc000mi0d,2014-03-22T00:05:26.000Z,"49 km SW of Saiha, India",earthquake,,5.8,0.37,2,reviewed,us,us
2014-01-20T23:27:37.220Z,6.4921,95.3503,233.44,4.5,mb,,177,2.024,1.3,us,usc000mi0w,2014-03-22T00:05:27.000Z,"66 km N of Sabang, Indonesia",earthquake,,10,0.27,5,reviewed,us,us
2014-01-22T05:22:01.180Z,34.2849,79.7826,43.74,4.2,mb,,135,5.449,0.72,us,usb000m63t,2014-03-27T18:15:34.000Z,"203 km E of Leh, India",earthquake,,7,0.186,8,reviewed,us,us
2014-01-23T05:34:28.240Z,36.126,70.2041,122.06,4,mb,,98,1.844,1.11,us,usc000mk6y,2014-03-27T18:15:36.000Z,"58 km SSE of Farkh?r, Afghanistan",earthquake,,8.6,0.367,2,reviewed,us,us
2014-01-23T07:29:20.530Z,5.2819,95.1244,91.44,4.4,mb,,170,1.816,0.59,us,usc000mk71,2014-03-27T18:15:36.000Z,"36 km SW of Banda Aceh, Indonesia",earthquake,,9,0.179,10,reviewed,us,us
2014-01-24T00:51:35.500Z,23.8426,93.9346,70.85,4,mb,,101,2.406,0.61,us,usc000mk9k,2014-03-27T18:15:37.000Z,"52 km WNW of Mawlaik, Myanmar",earthquake,,5.4,0.156,13,reviewed,us,us
2014-01-24T13:49:01.180Z,13.2429,95.7026,30.04,4.4,mb,,93,6.049,0.95,us,usc000mkac,2014-03-27T18:15:38.000Z,"284 km WSW of Dawei, Myanmar",earthquake,,6,0.203,8,reviewed,us,us
2014-01-24T14:36:23.960Z,4.5355,95.2194,55.03,4.9,mb,,44,1.854,1,us,usb000m7c2,2014-03-27T18:15:38.000Z,"109 km WNW of Meulaboh, Indonesia",earthquake,,6,0.1,36,reviewed,us,us
2014-01-24T23:25:25.940Z,22.6167,95.7353,24.58,4.1,mb,,77,3.889,1.15,us,usb000m7tx,2014-03-27T18:15:39.000Z,"6 km NE of Shwebo, Myanmar",earthquake,,5.2,0.105,27,reviewed,us,us
2014-01-25T07:14:08.330Z,7.3193,93.8738,35,4.1,mb,,189,11.518,0.34,us,usc000mkbh,2014-03-27T18:15:40.000Z,"224 km NW of Sabang, Indonesia",earthquake,,2,0.198,8,reviewed,us,us
2014-01-26T12:38:37.240Z,23.0007,95.9078,12.43,5.2,mb,,50,4.006,1.24,us,usb000m8ca,2022-05-03T16:39:26.234Z,"52 km NNE of Shwebo, Myanmar",earthquake,,3.1,0.057,108,reviewed,us,us
2014-01-26T14:43:10.400Z,4.9891,94.498,51.48,4.4,mb,,192,2.451,1.03,us,usc000mmzt,2014-03-27T18:15:42.000Z,"110 km WSW of Banda Aceh, Indonesia",earthquake,,10.4,0.204,9,reviewed,us,us
2014-01-27T10:33:23.560Z,34.7881,73.1097,28.1,4.6,mb,,58,1.142,0.66,us,usb000m8su,2014-03-27T18:15:44.000Z,"Pakistan",earthquake,,4.9,0.12,21,reviewed,us,us
2014-01-27T20:12:46.480Z,14.2125,93.228,39.11,4.3,mb,,118,2.584,0.63,us,usc000mnww,2014-03-27T18:15:44.000Z,"283 km NNE of Bamboo Flat, India",earthquake,,5.8,0.178,10,reviewed,us,us
2014-01-29T13:46:50.340Z,23.8428,93.9581,59.11,5.1,mb,,19,2.425,0.68,us,usc000mcu0,2022-05-03T16:39:38.987Z,"50 km WNW of Mawlaik, Myanmar",earthquake,,4.4,0.043,180,reviewed,us,us
2014-01-30T12:17:14.780Z,22.8394,94.3778,90.83,4.7,mb,,28,2.53,1.15,us,usc000mdkf,2014-04-08T01:43:17.000Z,"72 km E of Falam, Myanmar",earthquake,,6.5,0.057,100,reviewed,us,us
2014-01-30T19:49:37.090Z,5.9743,95.7358,223.75,4.4,mb,,167,1.414,0.99,us,usc000mdvu,2014-04-08T01:43:17.000Z,"47 km ENE of Sabang, Indonesia",earthquake,,8.7,0.156,13,reviewed,us,us
2014-01-30T22:18:21.260Z,4.8327,94.018,29.27,4,mb,,148,2.944,0.97,us,usc000mqks,2014-04-08T01:43:17.000Z,"165 km WSW of Banda Aceh, Indonesia",earthquake,,7.5,0.164,10,reviewed,us,us
2014-02-02T16:45:24.860Z,22.7971,96.0226,13.81,4.4,mb,,128,3.91,0.89,us,usc000mfqb,2014-04-08T01:43:23.000Z,"41 km NE of Shwebo, Myanmar",earthquake,,5.1,0.155,15,reviewed,us,us
2014-02-02T23:44:01.200Z,12.2849,95.0592,34.18,5.2,mb,,45,2.35,0.73,us,usc000mftb,2025-12-22T16:47:27.679Z,"261 km ENE of Port Blair, India",earthquake,,0.8,0.042,192,reviewed,us,us
2014-02-07T02:05:00.460Z,11.9395,95.1092,36.09,4.1,mb,,130,2.333,0.29,us,usc000mvfg,2014-04-22T18:30:07.000Z,"259 km E of Port Blair, India",earthquake,,5.1,0.198,11,reviewed,us,us
2014-02-07T03:15:20.800Z,11.8466,94.8755,61.21,4.5,mb,,109,2.096,1.2,us,usc000mjuy,2014-04-22T18:30:07.000Z,"232 km E of Port Blair, India",earthquake,,6.5,0.105,35,reviewed,us,us
2014-02-07T05:47:29.040Z,5.4655,94.703,67.54,4.6,mb,,140,2.246,0.71,us,usc000mjvq,2014-04-22T18:30:07.000Z,"70 km W of Banda Aceh, Indonesia",earthquake,,5.7,0.082,51,reviewed,us,us
2014-02-07T08:56:43.270Z,32.0483,90.3587,32.55,4.7,mb,,28,2.429,1.36,us,usc000mjyn,2014-04-22T18:30:08.000Z,"172 km WNW of Nagqu, China",earthquake,,4.1,0.076,60,reviewed,us,us
2014-02-08T04:26:42.540Z,8.7287,92.067,30.02,4,mb,,206,2.983,0.51,us,usc000mvj2,2014-04-22T18:30:09.000Z,"Nicobar Islands, India region",earthquake,,8,0.211,8,reviewed,us,us
2014-02-09T23:24:30.640Z,23.7689,96.0719,51.92,4.1,mb,,98,4.232,0.47,us,usc000mluk,2014-04-22T18:30:11.000Z,"104 km NNW of Mogok, Myanmar",earthquake,,12.1,0.158,11,reviewed,us,us
2014-02-10T18:11:35.410Z,4.4541,95.0104,64.99,4.3,mb,,209,2.077,0.63,us,usc000mxsi,2014-04-22T18:30:12.000Z,"125 km SSW of Banda Aceh, Indonesia",earthquake,,15.3,0.308,3,reviewed,us,us
2014-02-11T01:15:26.590Z,33.8784,89.2216,10,5.2,mb,,28,4.467,0.66,us,usc000mmqn,2022-05-03T16:41:48.867Z,"western Xizang",earthquake,,1.8,0.048,147,reviewed,us,us
2014-02-11T02:14:55.990Z,35.9947,82.487,10,5.2,mb,,52,7.201,0.71,us,usc000mmrh,2022-05-03T16:41:54.308Z,"259 km ESE of Hotan, China",earthquake,,1.8,0.048,148,reviewed,us,us
2014-02-12T09:19:49.060Z,35.9053,82.5864,10,6.9,mww,,18,7.496,0.83,us,usc000mnvj,2022-07-26T07:05:22.867Z,"272 km ESE of Hotan, China",earthquake,,1.7,,,reviewed,us,us
2014-02-12T09:24:43.010Z,35.8221,82.4667,10,5.7,mb,,29,9.192,0.93,us,usc000mz3i,2022-05-03T16:42:21.136Z,"267 km ESE of Hotan, China",earthquake,,1.8,0.067,83,reviewed,us,us
2014-02-12T09:36:12.510Z,35.9686,82.4499,10,4.6,mb,,120,7.897,0.44,us,usc000mz3k,2014-04-30T21:18:17.000Z,"258 km ESE of Hotan, China",earthquake,,1.9,0.315,5,reviewed,us,us
2014-02-12T10:00:07.360Z,35.8613,82.4,10,4.9,mb,,44,7.293,0.64,us,usc000mnxm,2022-05-03T16:42:01.973Z,"260 km ESE of Hotan, China",earthquake,,1.8,0.054,115,reviewed,us,us
2014-02-12T11:14:19.890Z,35.9991,82.513,10,4.5,mb,,88,7.206,0.76,us,usc000mnyw,2014-04-30T21:18:17.000Z,"261 km ESE of Hotan, China",earthquake,,1.9,0.111,29,reviewed,us,us
2014-02-12T12:26:43.660Z,36.2396,82.9261,10,4.5,mb,,118,7.14,0.71,us,usc000mnzz,2014-04-30T21:18:17.000Z,"284 km ESE of Hotan, China",earthquake,,1.9,0.093,38,reviewed,us,us
2014-02-12T14:36:29.430Z,36.0104,82.3676,16.77,4.1,mb,,119,7.313,1.39,us,usc000mp2g,2014-04-30T21:18:17.000Z,"249 km ESE of Hotan, China",earthquake,,5.5,0.198,10,reviewed,us,us
2014-02-12T18:00:08.120Z,35.8439,82.3565,17.87,4.5,mb,,117,7.294,0.73,us,usc000mp75,2014-04-30T21:18:17.000Z,"258 km ESE of Hotan, China",earthquake,,5,0.128,20,reviewed,us,us
2014-02-12T19:09:24.350Z,36.0206,82.3433,10,4.6,mb,,119,7.129,1.07,us,usc000mp8r,2014-04-30T21:18:17.000Z,"246 km ESE of Hotan, China",earthquake,,1.9,0.104,32,reviewed,us,us
2014-02-12T20:51:27.860Z,36.0199,82.4415,16.18,4.2,mb,,119,7.162,0.89,us,usc000mpb0,2014-04-30T21:18:17.000Z,"254 km ESE of Hotan, China",earthquake,,4.9,0.159,16,reviewed,us,us
2014-02-13T00:07:01.900Z,35.7799,82.5961,10,4.5,mb,,81,7.433,1.03,us,usc000mphm,2014-04-30T21:18:18.000Z,"280 km ESE of Hotan, China",earthquake,,1.9,0.113,29,reviewed,us,us
2014-02-13T00:08:42.510Z,35.9306,82.4283,10,4.7,mb,,103,7.239,1.15,us,usc000mpht,2014-04-30T21:18:18.000Z,"258 km ESE of Hotan, China",earthquake,,1.9,0.114,29,reviewed,us,us
2014-02-13T04:25:34.580Z,36.2272,83.0802,18.6,4.1,mb,,107,8.345,0.74,us,usc000mplk,2014-04-30T21:18:18.000Z,"297 km ESE of Hotan, China",earthquake,,4.2,0.185,10,reviewed,us,us
2014-02-13T06:23:38.100Z,11.4883,93.5434,139.49,4.2,mb,,150,0.8,0.9,us,usb000my2k,2014-04-30T21:18:18.000Z,"89 km ESE of Port Blair, India",earthquake,,8,0.128,18,reviewed,us,us
2014-02-13T07:34:20.460Z,36.0701,82.4716,16.52,4.3,mb,,108,7.307,0.62,us,usc000mpnz,2014-04-30T21:18:18.000Z,"254 km ESE of Hotan, China",earthquake,,5,0.137,18,reviewed,us,us
2014-02-13T09:51:39.990Z,36.0168,82.4815,10,4.2,mb,,147,7.356,1.33,us,usc000mpr7,2014-04-30T21:18:18.000Z,"258 km ESE of Hotan, China",earthquake,,1.9,0.235,8,reviewed,us,us
2014-02-13T16:08:21.120Z,22.6262,94.5476,92.4,4.5,mb,,91,2.684,0.56,us,usb000my32,2014-04-30T21:18:19.000Z,"83 km NW of Monywa, Myanmar",earthquake,,9.6,0.181,13,reviewed,us,us
2014-02-13T20:56:08.840Z,34.0028,89.2848,10.89,4.2,mb,,108,4.564,0.39,us,usc000mq36,2014-04-30T21:18:19.000Z,"Xizang-Qinghai border region",earthquake,,6.2,0.167,12,reviewed,us,us
2014-02-13T21:06:41.980Z,36.2008,82.6108,19.39,4.1,mb,,118,7.058,1.25,us,usc000mq3s,2014-04-30T21:18:19.000Z,"259 km ESE of Hotan, China",earthquake,,4.8,0.165,13,reviewed,us,us
2014-02-13T21:37:24.080Z,36.3018,82.2777,16.23,4.2,mb,,94,7.028,0.87,us,usc000mq5a,2014-04-30T21:18:19.000Z,"227 km ESE of Hotan, China",earthquake,,5.1,0.147,15,reviewed,us,us
2014-02-14T01:08:58.930Z,36.0519,82.5691,9.99,4.3,mb,,119,7.177,0.69,us,usc000mq98,2014-04-30T21:18:19.000Z,"263 km ESE of Hotan, China",earthquake,,2.9,0.188,12,reviewed,us,us
2014-02-14T13:10:45.380Z,24.4221,89.4984,14.43,4.2,mb,,151,2.424,1.23,us,usb000my4j,2014-04-30T21:18:20.000Z,"21 km W of Sirajganj, Bangladesh",earthquake,,4.8,0.167,10,reviewed,us,us
2014-02-15T04:27:33.130Z,35.9466,82.5051,10,4.1,mb,,135,7.475,0.95,us,usb000my85,2014-04-30T21:18:21.000Z,"263 km ESE of Hotan, China",earthquake,,1.9,0.185,10,reviewed,us,us
2014-02-15T12:32:58.460Z,35.8857,82.3399,10,4.7,mb,,89,7.251,0.54,us,usc000mr5c,2014-04-30T21:18:21.000Z,"Xinjiang-Xizang border region",earthquake,,1.8,0.068,66,reviewed,us,us
2014-02-16T05:19:24.200Z,9.9019,93.8018,120.55,4,mb,,91,2.029,0.88,us,usb000mycj,2014-04-30T21:18:22.000Z,"226 km SSE of Port Blair, India",earthquake,,6.9,0.172,13,reviewed,us,us
2014-02-19T15:02:09.580Z,13.8225,92.8729,26.97,4.4,mb,,89,2.157,0.51,us,usb000n0s2,2014-05-07T00:03:03.000Z,"235 km N of Bamboo Flat, India",earthquake,,5.9,0.123,19,reviewed,us,us
2014-02-21T06:46:47.260Z,30.0104,76.1747,16.02,4.6,mb,,146,4.391,0.82,us,usb000n1g8,2020-07-10T18:27:37.267Z,"18 km ESE of Dirba, India",earthquake,,4.9,0.223,6,reviewed,us,us
2014-02-23T12:28:28.430Z,6.5892,92.8224,31.93,4.2,mb,,199,4.319,0.39,us,usc000n47a,2014-05-07T00:03:08.000Z,"286 km WNW of Sabang, Indonesia",earthquake,,8.6,0.215,6,reviewed,us,us
2014-02-23T17:04:52.940Z,27.013,92.5521,53.66,4.4,mb,,67,1.57,0.96,us,usc000mx12,2022-07-26T07:57:52.238Z,"22 km NNW of Rang?p?ra, India",earthquake,,7,0.091,35,reviewed,us,us
2014-02-24T05:39:08.010Z,36.3074,83.0295,10,4.3,mb,,117,7.367,0.7,us,usc000mx6g,2014-05-07T00:03:09.000Z,"290 km ESE of Hotan, China",earthquake,,1.9,0.189,8,reviewed,us,us
2014-02-26T20:58:55.070Z,24.4736,93.7131,59.51,4.4,mb,,94,2.005,0.68,us,usc000mypg,2014-05-13T21:36:42.000Z,"7 km WSW of Moir?ng, India",earthquake,,7.7,0.109,24,reviewed,us,us
2014-02-27T14:30:40.240Z,36.0089,82.5168,14.55,4.2,mb,,120,7.959,0.97,us,usc000n51a,2014-05-13T21:36:43.000Z,"261 km ESE of Hotan, China",earthquake,,4.9,0.304,3,reviewed,us,us
2014-02-28T05:50:39.150Z,7.3016,94.2594,102.47,5.1,mb,,39,3.373,1.14,us,usb000my0i,2025-12-22T16:48:19.275Z,"195 km NW of Sabang, Indonesia",earthquake,,4.1,0.055,108,reviewed,us,us
2014-02-28T13:11:30.330Z,23.7432,91.3541,37.8,3.9,mb,,140,1.093,0.64,us,usb000mywm,2014-05-13T21:36:45.000Z,"10 km S of R?n?r B?z?r, India",earthquake,,3.3,0.193,7,reviewed,us,us
2014-03-01T06:06:28.310Z,11.0427,91.8594,29.74,4.6,mb,,232,1.06,1.2,us,usc000n8xu,2014-05-13T21:36:46.000Z,"118 km SW of Bamboo Flat, India",earthquake,,10.4,0.222,6,reviewed,us,us
2014-03-01T16:50:40.310Z,6.2726,95.6039,218.78,4.2,mb,,173,1.691,1.29,us,usb000mz2i,2014-05-13T21:36:47.000Z,"52 km NE of Sabang, Indonesia",earthquake,,9.7,0.146,13,reviewed,us,us
2014-03-02T12:35:53.150Z,4.6702,95.0955,60.22,4.6,mb,,82,1.926,0.81,us,usb000mzfw,2014-05-13T21:36:48.000Z,"99 km SSW of Banda Aceh, Indonesia",earthquake,,2.7,0.078,49,reviewed,us,us
2014-03-07T08:41:57.120Z,31.6755,91.1309,15.49,4.7,mb,,53,1.966,0.98,us,usc000n4qy,2014-05-15T02:23:26.000Z,"90 km WNW of Nagqu, China",earthquake,,3.5,0.06,92,reviewed,us,us
2014-03-08T13:09:02.340Z,34.452,80.1638,36.09,4.4,mb,,133,5.779,1.18,us,usc000nnq9,2014-05-15T02:23:42.000Z,"239 km E of Leh, India",earthquake,,7.7,0.17,12,reviewed,us,us
2014-03-09T16:02:59.690Z,19.1942,95.7207,24.93,5.1,mb,,33,2.122,0.58,us,usc000n5yd,2022-05-03T16:44:47.304Z,"56 km ESE of Myaydo, Myanmar",earthquake,,3.6,0.054,118,reviewed,us,us
2014-03-09T23:01:13.630Z,12.4854,93.2534,68.68,4.1,mb,,98,0.963,0.58,us,usc000nnrt,2014-05-15T02:24:00.000Z,"104 km NE of Bamboo Flat, India",earthquake,,7.5,0.261,7,reviewed,us,us
2014-03-09T23:53:34.030Z,29.1631,67.7279,9.99,4.2,mb,,97,5.477,1.12,us,usc000n651,2014-05-15T02:24:00.000Z,"16 km NW of Bhag, Pakistan",earthquake,,1.8,0.136,19,reviewed,us,us
2014-03-11T11:23:54.090Z,13.6975,92.9178,35,4.8,mb,,56,2.036,1.08,us,usc000n7lq,2014-05-15T02:24:25.000Z,"222 km N of Bamboo Flat, India",earthquake,,1.9,0.071,67,reviewed,us,us
2014-03-12T17:55:43.370Z,35.7863,82.3465,10,4.5,mb,,93,7.344,0.92,us,usc000n9b3,2014-05-16T21:51:38.000Z,"261 km SE of Hotan, China",earthquake,,1.9,0.118,24,reviewed,us,us
2014-03-14T13:38:06.200Z,7.7631,94.3128,10,5.5,mww,,62,3.631,0.95,us,usc000nb99,2022-05-03T16:45:04.684Z,"235 km NNW of Sabang, Indonesia",earthquake,,1.7,,,reviewed,us,us
2014-03-15T05:09:12.070Z,23.8952,93.8661,63.44,4.3,mb,,115,2.377,1.07,us,usc000nnyl,2014-05-16T21:51:41.000Z,"52 km SSE of Chur?ch?ndpur, India",earthquake,,8.5,0.217,8,reviewed,us,us
2014-03-15T06:30:45.020Z,7.5909,94.1754,10,4.8,mb,,64,3.618,0.91,us,usc000nc9s,2014-05-16T21:51:41.000Z,"226 km NW of Sabang, Indonesia",earthquake,,1.7,0.072,66,reviewed,us,us
2014-03-18T12:48:43.290Z,12.8824,95.5253,35,4.2,mb,,107,6.418,0.82,us,usc000nswq,2014-05-16T21:51:48.000Z,"Andaman Islands, India region",earthquake,,2,0.236,6,reviewed,us,us
2014-03-18T19:20:45.220Z,22.9114,95.9723,22.09,4.4,mb,,71,3.987,0.91,us,usc000nfvi,2014-05-16T21:51:48.000Z,"47 km NE of Shwebo, Myanmar",earthquake,,5.4,0.096,33,reviewed,us,us
2014-03-19T14:02:13.300Z,13.9102,94.0153,34.2,4.4,mb,,194,6.281,0.69,us,usc000nujm,2014-05-24T00:54:33.000Z,"282 km NNE of Bamboo Flat, India",earthquake,,6.7,0.24,6,reviewed,us,us
2014-03-20T04:00:21.220Z,23.362,94.4366,71.15,4.5,mb,,37,2.662,0.83,us,usc000nhzd,2014-05-24T00:54:34.000Z,"31 km S of Mawlaik, Myanmar",earthquake,,6.4,0.096,37,reviewed,us,us
2014-03-20T05:40:36.830Z,36.1997,82.8994,13.78,4.4,mb,,108,8.275,0.7,us,usc000ni11,2014-05-24T00:54:34.000Z,"283 km ESE of Hotan, China",earthquake,,4.8,0.124,26,reviewed,us,us
2014-03-20T14:14:25.900Z,31.565,73.8172,46.03,4.3,mb,,116,2.13,0.8,us,usc000nidv,2022-07-26T10:08:19.094Z,"2 km NNW of Chak Five Hundred Seventy-five, Pakistan",earthquake,,6.4,0.148,16,reviewed,us,us
2014-03-21T12:39:54.180Z,24.1764,94.2542,60.59,4,mb,,159,6.171,0.46,us,usc000njr9,2014-05-24T00:54:36.000Z,"45 km SE of Kakching, India",earthquake,,9.2,0.134,16,reviewed,us,us
2014-03-21T13:41:09.480Z,7.7448,94.3342,21.54,6.4,mww,,35,3.604,1.14,us,usc000njrq,2022-05-03T18:09:07.758Z,"232 km NNW of Sabang, Indonesia",earthquake,,3.3,,,reviewed,us,us
2014-03-21T13:50:32.440Z,7.5409,94.3108,10,4.7,mb,,118,6.653,1.15,us,usc000nuxr,2014-05-24T00:54:36.000Z,"213 km NNW of Sabang, Indonesia",earthquake,,1.9,0.175,11,reviewed,us,us
2014-03-21T13:52:20.150Z,7.6135,94.4067,10,4.8,mb,,79,6.641,1.16,us,usc000nuyg,2014-05-24T00:54:36.000Z,"Nicobar Islands, India region",earthquake,,1.5,0.168,14,reviewed,us,us
2014-03-21T13:53:08.670Z,7.0379,94.447,10,4.6,mb,,171,11.423,1.09,us,usc000nuxt,2014-05-24T00:54:36.000Z,"159 km NW of Sabang, Indonesia",earthquake,,2,0.173,12,reviewed,us,us
2014-03-21T13:54:33.830Z,7.7692,94.7052,10,4.9,mb,,98,6.398,1.27,us,usc000nuxw,2014-05-24T00:54:36.000Z,"218 km NNW of Sabang, Indonesia",earthquake,,1.9,0.28,7,reviewed,us,us
2014-03-21T13:56:40.310Z,7.2829,94.2061,10,4.8,mb,,95,3.404,1.34,us,usc000nuxv,2014-05-24T00:54:36.000Z,"197 km NW of Sabang, Indonesia",earthquake,,1.9,0.196,11,reviewed,us,us
2014-03-21T13:59:25.760Z,7.4264,94.082,10,4.6,mb,,161,3.588,0.76,us,usc000nuyu,2014-05-24T00:54:37.000Z,"217 km NW of Sabang, Indonesia",earthquake,,1.9,0.316,4,reviewed,us,us
2014-03-21T14:03:51.560Z,7.9977,94.4797,10,4.7,mb,,154,6.692,1.1,us,usc000nuxx,2014-05-24T00:54:37.000Z,"250 km NNW of Sabang, Indonesia",earthquake,,1.9,0.275,6,reviewed,us,us
2014-03-21T14:05:07.740Z,7.2328,94.1691,10,4.6,mb,,178,6.539,0.65,us,usc000nuzg,2014-05-24T00:54:37.000Z,"Nicobar Islands, India region",earthquake,,2,0.385,2,reviewed,us,us
2014-03-21T14:10:21.080Z,7.5784,94.0572,10,4.4,mb,,200,3.7,0.52,us,usc000nuyt,2014-05-24T00:54:37.000Z,"232 km NW of Sabang, Indonesia",earthquake,,2,0.268,4,reviewed,us,us
2014-03-21T14:11:13.890Z,7.5417,94.2698,10,5.5,mb,,37,3.515,1.1,us,usc000njsg,2022-05-03T17:16:31.434Z,"216 km NNW of Sabang, Indonesia",earthquake,,1.7,0.061,95,reviewed,us,us
2014-03-21T14:13:29.110Z,7.3232,94.1739,10,5.1,mb,,68,3.453,1,us,usc000nuyk,2014-05-24T00:54:37.000Z,"202 km NW of Sabang, Indonesia",earthquake,,1.8,0.142,19,reviewed,us,us
2014-03-21T14:16:21.080Z,7.7902,94.2711,10,4.8,mb,,158,3.68,1.1,us,usc000nuzi,2014-05-24T00:54:37.000Z,"239 km NNW of Sabang, Indonesia",earthquake,,1.9,0.176,12,reviewed,us,us
2014-03-21T14:17:11.710Z,7.483,94.233,14.93,4.6,mb,,66,6.667,0.98,us,usc000nuyx,2014-05-24T00:54:37.000Z,"213 km NW of Sabang, Indonesia",earthquake,,4.5,0.192,10,reviewed,us,us
2014-03-21T14:18:03.630Z,7.5569,94.3223,10,4.8,mb,,48,3.486,0.94,us,usc000nuxy,2014-05-24T00:54:37.000Z,"214 km NNW of Sabang, Indonesia",earthquake,,1.2,0.115,28,reviewed,us,us
2014-03-21T14:23:58.440Z,7.3819,94.1667,10,4.4,mb,,161,3.494,0.9,us,usc000nuzd,2014-05-24T00:54:37.000Z,"208 km NW of Sabang, Indonesia",earthquake,,1.9,0.239,8,reviewed,us,us
2014-03-21T14:24:23.560Z,7.7396,93.6332,10,4.7,mb,,87,11.332,1.2,us,usc000nuyp,2014-05-24T00:54:37.000Z,"276 km NW of Sabang, Indonesia",earthquake,,1.9,0.138,19,reviewed,us,us
2014-03-21T14:25:08.910Z,7.5037,94.1847,10,5.2,mb,,37,3.556,1.08,us,usc000njsl,2022-05-03T17:16:37.385Z,"217 km NW of Sabang, Indonesia",earthquake,,1.8,0.071,71,reviewed,us,us
2014-03-21T14:26:44.060Z,7.3212,94.3079,10,4.8,mb,,135,6.501,0.81,us,usc000nuyq,2014-05-24T00:54:37.000Z,"193 km NW of Sabang, Indonesia",earthquake,,1.9,0.167,13,reviewed,us,us
2014-03-21T14:28:04.460Z,7.3823,94.0303,10,4.8,mb,,141,11.248,1.16,us,usc000nuzn,2014-05-24T00:54:37.000Z,"217 km NW of Sabang, Indonesia",earthquake,,1.9,0.249,7,reviewed,us,us
2014-03-21T14:36:05.030Z,7.5096,94.4587,10,4.7,mb,,61,3.354,1.06,us,usc000njt1,2014-05-24T00:54:37.000Z,"202 km NNW of Sabang, Indonesia",earthquake,,1.8,0.12,24,reviewed,us,us
2014-03-21T14:40:56.630Z,7.5617,94.4701,10,4.4,mb,,185,3.381,0.98,us,usc000nuy5,2014-05-24T00:54:37.000Z,"207 km NNW of Sabang, Indonesia",earthquake,,1.9,0.269,6,reviewed,us,us
2014-03-21T14:42:06.390Z,7.6063,94.6042,10,4.5,mb,,140,3.316,1.48,us,usc000nuy0,2014-05-24T00:54:37.000Z,"205 km NNW of Sabang, Indonesia",earthquake,,1.9,0.18,11,reviewed,us,us
2014-03-21T14:45:51.850Z,7.5875,94.3114,9.99,5.1,mb,,83,3.514,0.58,us,usc000njtg,2014-05-24T00:54:37.000Z,"218 km NNW of Sabang, Indonesia",earthquake,,2.8,0.134,20,reviewed,us,us
2014-03-21T14:47:39.210Z,7.4628,94.3969,10,4.7,mb,,70,3.369,1.43,us,usc000nuyz,2014-05-24T00:54:37.000Z,"201 km NNW of Sabang, Indonesia",earthquake,,1.9,0.208,13,reviewed,us,us
2014-03-21T14:49:59.250Z,7.7877,94.2322,10,4.8,mb,,63,3.706,1.41,us,usc000njtm,2014-05-24T00:54:37.000Z,"241 km NNW of Sabang, Indonesia",earthquake,,1.7,0.168,14,reviewed,us,us
2014-03-21T14:53:03.830Z,7.3821,94.207,10,4.5,mb,,103,3.463,0.71,us,usc000nuym,2014-05-24T00:54:37.000Z,"205 km NW of Sabang, Indonesia",earthquake,,1.9,0.145,16,reviewed,us,us
2014-03-21T15:08:36.380Z,7.5034,94.2624,10,4.7,mb,,159,3.496,0.83,us,usc000nuy3,2014-05-24T00:54:37.000Z,"213 km NNW of Sabang, Indonesia",earthquake,,1.9,0.174,12,reviewed,us,us
2014-03-21T15:09:07.690Z,7.7145,94.5986,10,4.5,mb,,83,3.397,1.35,us,usc000nuy6,2014-05-24T00:54:37.000Z,"216 km NNW of Sabang, Indonesia",earthquake,,1.9,0.18,12,reviewed,us,us
2014-03-21T15:10:21.060Z,7.3518,94.1824,10,4.6,mb,,173,3.464,0.96,us,usc000nuy4,2014-05-24T00:54:37.000Z,"Nicobar Islands, India region",earthquake,,1.7,0.151,16,reviewed,us,us
2014-03-21T15:23:00.070Z,7.5228,94.2437,10,4.7,mb,,147,3.523,1.12,us,usc000nuy9,2014-05-24T00:54:37.000Z,"216 km NNW of Sabang, Indonesia",earthquake,,1.9,0.194,10,reviewed,us,us
2014-03-21T15:24:33.090Z,7.5591,94.4991,10,4.5,mb,,147,3.358,1.07,us,usc000nuya,2014-05-24T00:54:37.000Z,"205 km NNW of Sabang, Indonesia",earthquake,,1.9,0.171,13,reviewed,us,us
2014-03-21T15:32:05.380Z,7.4534,94.0691,10,4.2,mb,,184,6.762,0.96,us,usc000nuy8,2014-05-24T00:54:37.000Z,"221 km NW of Sabang, Indonesia",earthquake,,1.9,0.215,9,reviewed,us,us
2014-03-21T15:34:21.990Z,7.7994,93.6917,10,4.3,mb,,182,11.249,0.69,us,usc000nuyc,2014-05-24T00:54:37.000Z,"277 km NW of Sabang, Indonesia",earthquake,,1.9,0.189,11,reviewed,us,us
2014-03-21T15:43:25.460Z,7.5373,94.0987,10,4.6,mb,,53,3.643,0.89,us,usc000njvf,2014-05-24T00:54:37.000Z,"226 km NW of Sabang, Indonesia",earthquake,,1.8,0.122,25,reviewed,us,us
2014-03-21T15:46:06.070Z,7.0487,94.1184,10,4.3,mb,,170,3.343,1.1,us,usc000nuyb,2014-05-24T00:54:37.000Z,"184 km NW of Sabang, Indonesia",earthquake,,1.9,0.16,14,reviewed,us,us
2014-03-21T15:48:25.060Z,7.7739,94.2368,10,4.7,mb,,61,3.693,0.92,us,usc000njvr,2014-05-24T00:54:37.000Z,"240 km NNW of Sabang, Indonesia",earthquake,,1.8,0.134,22,reviewed,us,us
2014-03-21T16:33:03.760Z,7.3119,94.0369,10,4.2,mb,,105,3.556,1.47,us,usc000njxn,2014-05-24T00:54:37.000Z,"211 km NW of Sabang, Indonesia",earthquake,,1.9,0.187,11,reviewed,us,us
2014-03-21T16:34:01.160Z,7.4581,94.2868,10,4.3,mb,,102,3.449,0.93,us,usc000nuzm,2014-05-24T00:54:37.000Z,"207 km NNW of Sabang, Indonesia",earthquake,,1.9,0.201,9,reviewed,us,us
2014-03-21T16:47:39.130Z,7.5043,94.037,10,4.3,mb,,98,3.67,1.07,us,usc000njyf,2014-05-24T00:54:37.000Z,"227 km NW of Sabang, Indonesia",earthquake,,1.9,0.188,12,reviewed,us,us
2014-03-21T16:55:40.530Z,7.4318,94.2777,10,4.4,mb,,103,3.439,0.79,us,usc000nuyh,2014-05-24T00:54:37.000Z,"205 km NW of Sabang, Indonesia",earthquake,,1.9,0.219,8,reviewed,us,us
2014-03-21T17:05:20.750Z,7.5485,94.4759,11.72,4.5,mb,,85,3.367,1.48,us,usc000nuyi,2014-05-24T00:54:37.000Z,"205 km NNW of Sabang, Indonesia",earthquake,,4.4,0.145,16,reviewed,us,us
2014-03-21T17:13:59.440Z,7.4663,94.3322,13.43,4.3,mb,,103,3.419,1.28,us,usc000nuyj,2014-05-24T00:54:37.000Z,"205 km NNW of Sabang, Indonesia",earthquake,,5.1,0.168,12,reviewed,us,us
2014-03-21T18:08:25.380Z,7.6486,94.2715,9.08,4.4,mb,,66,3.584,0.98,us,usc000nk2m,2014-05-24T00:54:37.000Z,"226 km NNW of Sabang, Indonesia",earthquake,,4.1,0.11,29,reviewed,us,us
2014-03-21T18:29:45.890Z,7.4885,94.3334,11.51,4.3,mb,,195,3.433,1.73,us,usc000nuzc,2014-05-24T00:54:38.000Z,"207 km NNW of Sabang, Indonesia",earthquake,,7.3,0.265,5,reviewed,us,us
2014-03-21T18:50:37.850Z,7.3223,94.2004,10.93,4.6,mb,,161,3.432,0.92,us,usc000nuys,2014-05-24T00:54:38.000Z,"200 km NW of Sabang, Indonesia",earthquake,,5.3,0.136,17,reviewed,us,us
2014-03-21T19:43:46.730Z,36.2151,82.8769,11.77,4.6,mb,,100,8.294,1.03,us,usc000nk84,2014-05-24T00:54:38.000Z,"280 km ESE of Hotan, China",earthquake,,4,0.091,41,reviewed,us,us
2014-03-21T20:26:23.090Z,7.4915,94.2223,11.64,4.4,mb,,87,3.519,1.1,us,usc000nkbt,2014-05-24T00:54:38.000Z,"214 km NW of Sabang, Indonesia",earthquake,,4.7,0.123,22,reviewed,us,us
2014-03-21T21:03:41.620Z,7.4454,94.2965,9.96,5.2,mb,,25,3.433,0.97,us,usc000nkdy,2022-05-03T16:45:41.726Z,"205 km NNW of Sabang, Indonesia",earthquake,,2.3,0.048,151,reviewed,us,us
2014-03-21T21:11:04.600Z,7.7544,94.71,10.03,4.6,mb,,108,3.352,1.01,us,usc000nkeq,2014-05-24T00:54:38.000Z,"216 km NNW of Sabang, Indonesia",earthquake,,2.7,0.116,31,reviewed,us,us
2014-03-21T21:12:09.870Z,6.9736,94.8312,7.32,4.4,mb,,141,2.726,0.71,us,usc000nuzk,2014-05-24T00:54:38.000Z,"131 km NNW of Sabang, Indonesia",earthquake,,6.6,0.24,6,reviewed,us,us
2014-03-21T22:40:28.580Z,7.4737,94.2181,10,4.4,mb,,113,3.511,0.61,us,usc000nkih,2014-05-24T00:54:38.000Z,"213 km NW of Sabang, Indonesia",earthquake,,1.9,0.118,28,reviewed,us,us
2014-03-21T22:57:14.460Z,7.4554,94.3406,10,4.4,mb,,86,3.406,0.99,us,usc000nkiw,2014-05-24T00:54:38.000Z,"204 km NNW of Sabang, Indonesia",earthquake,,1.9,0.123,23,reviewed,us,us
2014-03-21T23:19:28.330Z,7.444,94.2374,16.31,4,mb,,183,3.478,0.63,us,usc000nuz7,2014-05-24T00:54:38.000Z,"209 km NW of Sabang, Indonesia",earthquake,,5.5,0.258,5,reviewed,us,us
2014-03-21T23:50:10.040Z,7.372,94.2528,7.53,4.6,mb,,81,3.421,0.74,us,usc000nkk0,2014-05-24T00:54:38.000Z,"201 km NW of Sabang, Indonesia",earthquake,,4.1,0.102,37,reviewed,us,us
2014-03-22T00:10:26.200Z,7.4064,94.3283,17.37,4.7,mb,,53,3.384,0.8,us,usc000nkka,2014-05-24T00:54:38.000Z,"200 km NNW of Sabang, Indonesia",earthquake,,3.7,0.075,59,reviewed,us,us
2014-03-22T01:07:44.880Z,7.3978,94.3733,10,4.3,mb,,128,3.344,0.69,us,usc000nytg,2014-05-24T00:54:39.000Z,"196 km NNW of Sabang, Indonesia",earthquake,,1.9,0.169,17,reviewed,us,us
2014-03-22T02:17:56.830Z,7.5016,94.4955,10,4.3,mb,,101,3.321,0.98,us,usc000nyts,2014-05-24T00:54:39.000Z,"200 km NNW of Sabang, Indonesia",earthquake,,1.7,0.177,17,reviewed,us,us
2014-03-22T08:35:34.160Z,22.9777,94.2498,86.24,4.5,mb,,61,2.424,0.64,us,usc000nkwj,2014-05-24T00:54:40.000Z,"59 km E of Falam, Myanmar",earthquake,,6.4,0.083,46,reviewed,us,us
2014-03-22T12:22:26.650Z,7.2573,94.2625,10,4.2,mb,,144,3.344,0.52,us,usc000nyua,2014-05-24T00:54:40.000Z,"190 km NW of Sabang, Indonesia",earthquake,,1.8,0.125,20,reviewed,us,us
2014-03-22T12:58:16.830Z,35.8478,82.3019,10,5.1,mb,,45,7.751,0.53,us,usc000nl0l,2022-05-03T16:45:43.141Z,"253 km SE of Hotan, China",earthquake,,1.8,0.049,139,reviewed,us,us
2014-03-22T21:32:40.820Z,7.4604,94.2899,10,4.2,mb,,159,3.448,1.13,us,usc000nyuj,2014-05-24T00:54:41.000Z,"207 km NNW of Sabang, Indonesia",earthquake,,1.9,0.152,14,reviewed,us,us
2014-03-22T21:41:22.510Z,5.284,94.5391,65.81,4.6,mb,,127,2.398,0.85,us,usc000nlh0,2014-05-24T00:54:41.000Z,"92 km WSW of Banda Aceh, Indonesia",earthquake,,6.2,0.069,66,reviewed,us,us
2014-03-22T22:02:09.600Z,6.9466,94.6976,10,4.1,mb,,118,2.813,1.31,us,usc000nyv2,2014-05-24T00:54:41.000Z,"135 km NNW of Sabang, Indonesia",earthquake,,1.9,0.175,10,reviewed,us,us
2014-03-24T09:53:00.190Z,7.5982,94.1602,10,4.2,mb,,196,3.634,1.13,us,usc000p34m,2014-05-24T00:54:43.000Z,"Nicobar Islands, India region",earthquake,,1.9,0.236,5,reviewed,us,us
2014-03-25T20:46:58.550Z,7.7455,94.5529,10.21,4.6,mb,,76,3.451,1.12,us,usc000nq8d,2014-05-24T00:54:45.000Z,"221 km NNW of Sabang, Indonesia",earthquake,,2.4,0.105,30,reviewed,us,us
2014-03-25T20:48:57.020Z,7.9903,94.674,9.16,4.3,mb,,170,3.553,0.68,us,usc000p4py,2014-05-24T00:54:45.000Z,"242 km NNW of Sabang, Indonesia",earthquake,,4,0.189,9,reviewed,us,us
2014-03-26T08:34:40.070Z,13.8067,92.8859,32.1,4.6,mb,,124,7.433,0.79,us,usc000p59t,2014-05-29T23:32:04.000Z,"233 km N of Bamboo Flat, India",earthquake,,4,0.157,14,reviewed,us,us
2014-03-26T19:52:09.250Z,33.2857,73.4733,5.32,4,mb,,251,0.402,0.7,us,usc000nrug,2014-05-29T23:32:05.000Z,"2 km SSW of Nazir Town, Pakistan",earthquake,,2.4,0.195,8,reviewed,us,us
2014-03-27T04:00:15.540Z,4.1909,86.7252,12.96,5.4,mb,,90,10.239,1.04,us,usc000nsgu,2025-12-22T16:53:53.376Z,"North Indian Ocean",earthquake,,4.5,0.083,50,reviewed,us,us
2014-03-27T07:39:28.990Z,34.7251,73.6564,23.8,4.7,mb,,73,1.118,1.18,us,usc000nsmp,2014-05-29T23:32:06.000Z,"42 km NNE of Muzaffar?b?d, Pakistan",earthquake,,5.2,0.08,50,reviewed,us,us
2014-03-28T03:09:53.690Z,26.4089,95.8483,97.33,4.1,mb,,114,3.689,0.83,us,usc000nu6m,2014-05-29T23:32:06.000Z,"72 km SSE of Khonsa, India",earthquake,,7.5,0.157,20,reviewed,us,us
2014-03-30T17:10:14.880Z,31.3961,86.4624,13.47,5.3,mb,,35,4.363,1.11,us,usc000nx0f,2022-05-03T16:46:32.039Z,"258 km NNE of Saga, China",earthquake,,3.6,0.052,129,reviewed,us,us
2014-03-30T17:58:10.320Z,31.4096,86.4486,25.85,4.2,mb,,43,4.378,0.97,us,usc000nx1a,2014-05-29T23:32:09.000Z,"259 km NNE of Saga, China",earthquake,,2.9,0.136,16,reviewed,us,us
2014-03-31T04:36:32.410Z,12.6077,95.2356,10,4.1,mb,,155,6.807,1.03,us,usb000pmi8,2014-05-29T23:32:10.000Z,"290 km ENE of Port Blair, India",earthquake,,1.9,0.174,11,reviewed,us,us
2014-04-01T11:39:18.000Z,5.3703,95.5948,10,4.4,mb,,158,1.354,1.37,us,usb000pmk0,2014-05-29T23:32:11.000Z,"34 km ESE of Banda Aceh, Indonesia",earthquake,,2,0.219,6,reviewed,us,us
2014-04-01T17:45:04.700Z,26.2313,92.9947,41.23,4.4,mb,,78,3.746,0.96,us,usc000nz4i,2014-05-29T23:32:12.000Z,"28 km NNE of Hoj?i, India",earthquake,,8.1,0.082,47,reviewed,us,us
2014-04-01T22:12:41.970Z,4.8214,95.2145,76.45,4.3,mb,,114,1.772,1.23,us,usb000pmkf,2014-05-29T23:32:12.000Z,"80 km S of Banda Aceh, Indonesia",earthquake,,9.6,0.218,7,reviewed,us,us
2014-04-02T09:30:18.180Z,7.6841,94.41,10,4.2,mb,,193,3.508,0.91,us,usb000pmmr,2014-06-11T06:06:02.000Z,"222 km NNW of Sabang, Indonesia",earthquake,,2,0.237,6,reviewed,us,us
2014-04-04T06:57:43.460Z,23.0504,93.1676,41.45,4.2,mb,,102,1.454,1.24,us,usc000p4ip,2014-06-11T06:06:07.000Z,"13 km SE of North Vanlaiphai, India",earthquake,,8,0.125,20,reviewed,us,us
2014-04-06T06:37:58.910Z,25.461,93.8616,52.33,4.4,mb,,60,3.434,1.03,us,usc000p7dd,2014-06-11T06:06:10.000Z,"34 km SW of Koh?ma, India",earthquake,,7.4,0.102,32,reviewed,us,us
2014-04-08T00:57:25.330Z,4.9936,96.2149,54.07,4.3,mb,,159,0.765,1.21,us,usb000pw09,2014-06-11T06:06:12.000Z,"25 km SSW of Reuleuet, Indonesia",earthquake,,10.1,0.237,6,reviewed,us,us
2014-04-11T00:45:05.810Z,12.2036,93.1363,68.97,4.8,mb,,90,7.886,1.03,us,usc000pfib,2014-07-01T02:37:55.000Z,"72 km NE of Bamboo Flat, India",earthquake,,6.4,0.067,72,reviewed,us,us
2014-04-12T09:50:39.290Z,34.7341,69.5329,26.78,4,mb,,121,0.447,0.76,us,usb000qpvi,2014-07-01T02:37:59.000Z,"17 km SW of Tag?b, Afghanistan",earthquake,,5.9,0.164,11,reviewed,us,us
2014-04-12T16:33:03.760Z,31.498,86.4077,27.65,4.1,mb,,87,4.444,0.91,us,usc000phn5,2014-07-01T02:38:00.000Z,"266 km NNE of Saga, China",earthquake,,5.4,0.151,13,reviewed,us,us
2014-04-12T20:57:57.920Z,7.5787,94.3648,49.01,4.2,mb,,158,3.469,1.13,us,usb000qpwk,2014-07-01T02:38:01.000Z,"214 km NNW of Sabang, Indonesia",earthquake,,13.6,0.237,6,reviewed,us,us
2014-04-14T11:07:21.110Z,11.0186,93.4677,148.61,4.2,mb,,179,0.951,0.67,us,usb000qq46,2014-07-01T02:38:08.000Z,"106 km SE of Port Blair, India",earthquake,,8.4,0.186,9,reviewed,us,us
2014-04-19T08:29:20.330Z,34.1021,76.2379,34,4.1,mb,,133,2.511,1.1,us,usb000pr2b,2014-07-04T01:33:55.000Z,"51 km SSE of Kargil, India",earthquake,,6.2,0.185,8,reviewed,us,us
2014-04-19T10:53:14.200Z,5.3703,94.1713,35,4.5,mb,,167,2.767,0.7,us,usb000ql1p,2014-07-04T01:33:57.000Z,"130 km W of Banda Aceh, Indonesia",earthquake,,2,0.171,11,reviewed,us,us
2014-04-19T20:12:34.600Z,32.8041,73.4085,45.53,4,mb,,248,0.852,0.59,us,usb000prjm,2014-07-04T01:34:19.000Z,"25 km NNW of Mandi Bahauddin, Pakistan",earthquake,,7.1,0.184,8,reviewed,us,us
2014-04-21T04:49:51.300Z,36.2863,71.3573,98.93,4.3,mb,,72,2.57,1.37,us,usb000psbu,2014-07-04T01:34:48.000Z,"Afghanistan-Tajikistan-Pakistan region",earthquake,,5.8,0.096,31,reviewed,us,us
2014-04-24T22:49:50.230Z,22.6909,96.0692,13.14,4.1,mb,,156,4.702,0.88,us,usb000qqug,2014-07-14T20:11:14.000Z,"40 km ENE of Shwebo, Myanmar",earthquake,,5.8,0.151,15,reviewed,us,us
2014-04-26T17:48:54.500Z,35.2063,70.4059,71.39,4.6,mb,,77,1.302,0.59,us,usb000q0la,2022-07-26T13:49:13.210Z,"52 km WSW of P?r?n, Afghanistan",earthquake,,6.4,0.083,46,reviewed,us,us
2014-04-27T11:58:36.610Z,36.3124,69.5357,160.74,4.4,mb,,56,1.812,0.91,us,usb000q194,2014-07-14T20:11:20.000Z,"40 km SW of Farkh?r, Afghanistan",earthquake,,5.6,0.081,45,reviewed,us,us
2014-04-30T07:46:57.260Z,23.157,94.3501,89.17,4.3,mb,,122,2.541,0.62,us,usb000qwhh,2014-07-27T21:51:13.000Z,"54 km S of Mawlaik, Myanmar",earthquake,,10.4,0.168,10,reviewed,us,us
2014-05-01T00:56:11.700Z,13.6122,92.937,28.8,4.1,mb,,79,1.953,1.27,us,usb000q65l,2014-07-27T21:51:14.000Z,"212 km N of Bamboo Flat, India",earthquake,,5,0.13,16,reviewed,us,us
2014-05-01T13:40:12.340Z,31.7368,69.9299,27.84,4.8,mb,,94,2.893,0.67,us,usb000q6av,2014-07-27T21:51:14.000Z,"54 km WSW of Kulachi, Pakistan",earthquake,,4,0.069,65,reviewed,us,us
2014-05-03T18:49:39.170Z,35.2274,72.186,39.36,3.9,mwr,,106,1.809,1.39,us,usb000q8cr,2014-07-27T21:51:20.000Z,"27 km NNE of Kakad Wari Dir Upper, Pakistan",earthquake,,7.5,0.086,13,reviewed,us,us
2014-05-04T00:59:46.160Z,32.0181,95.7687,15.03,4,mb,,84,4.609,0.69,us,usb000q8ua,2014-07-27T21:51:19.000Z,"166 km NW of Qamdo, China",earthquake,,6.2,0.111,22,reviewed,us,us
2014-05-04T02:06:29.140Z,32.2305,95.6182,10,4.4,mb,,71,4.606,1.01,us,usb000q8wr,2014-07-27T21:51:20.000Z,"191 km NW of Qamdo, China",earthquake,,1.7,0.085,45,reviewed,us,us
2014-05-06T01:18:36.080Z,5.57,94.478,65.98,4.2,mb,,189,2.481,0.73,us,usb000r5bl,2014-07-27T21:51:24.000Z,"94 km W of Banda Aceh, Indonesia",earthquake,,10.7,0.264,4,reviewed,us,us
2014-05-08T16:37:42.230Z,32.9768,91.9182,10,4,mb,,86,3.333,1.16,us,usb000r6g7,2014-08-06T00:55:27.000Z,"166 km N of Nagqu, China",earthquake,,1.9,0.126,17,reviewed,us,us
2014-05-08T22:51:15.830Z,26.3868,68.3579,14.73,4.5,mb,,100,8.396,0.79,us,usb000qexd,2022-05-03T16:49:59.882Z,"8 km SSE of Daur, Pakistan",earthquake,,3.1,0.078,48,reviewed,us,us
2014-05-08T23:07:46.860Z,26.3599,68.4009,15.57,4.3,mb,,89,8.4,0.76,us,usb000qey2,2014-08-06T00:55:27.000Z,"13 km N of Nawabshah, Pakistan",earthquake,,4.4,0.08,45,reviewed,us,us
2014-05-08T23:50:11.240Z,26.3678,68.3887,15.35,4.6,mb,,83,8.399,0.78,us,usb000qez2,2020-07-10T18:30:03.385Z,"11 km SE of Daur, Pakistan",earthquake,,4.3,0.061,79,reviewed,us,us
2014-05-09T20:00:49.320Z,4.8804,95.8795,36.89,4.6,mb,,137,1.118,0.72,us,usb000r6jw,2014-08-06T00:55:28.000Z,"56 km S of Sigli, Indonesia",earthquake,,14,0.172,10,reviewed,us,us
2014-05-09T20:23:23.760Z,13.4908,93.505,51.61,4.3,mb,,83,1.969,0.57,us,usb000r6k6,2014-08-06T00:55:28.000Z,"215 km NNE of Bamboo Flat, India",earthquake,,8.2,0.116,23,reviewed,us,us
2014-05-10T09:54:55.540Z,5.3921,96.127,62.12,4.6,mb,,189,0.832,0.36,us,usb000qgvh,2014-08-06T00:55:29.000Z,"18 km E of Sigli, Indonesia",earthquake,,11.2,0.129,18,reviewed,us,us
2014-05-11T11:11:26.030Z,7.7746,94.3282,72.05,4.4,mb,,70,3.628,0.92,us,usc000r8zn,2014-08-06T00:55:30.000Z,"Nicobar Islands, India region",earthquake,,7.3,0.098,30,reviewed,us,us
2014-05-12T08:33:30.570Z,12.1894,95.2604,28.78,4.5,mb,,172,7.041,1.18,us,usc000r92m,2014-08-06T00:55:33.000Z,"279 km ENE of Port Blair, India",earthquake,,7.3,0.222,6,reviewed,us,us
2014-05-15T17:53:37.240Z,7.5623,94.2883,38.89,4.6,mb,,68,3.515,0.69,us,usb000qp4m,2014-08-09T02:53:44.000Z,"217 km NNW of Sabang, Indonesia",earthquake,,2.4,0.103,32,reviewed,us,us
2014-05-15T17:56:59.180Z,7.6589,94.3214,10,4.5,mb,,95,3.554,0.85,us,usc000ragr,2014-08-09T02:53:44.000Z,"224 km NNW of Sabang, Indonesia",earthquake,,1.9,0.192,9,reviewed,us,us
2014-05-16T06:32:10.690Z,29.4664,67.695,18.87,4.9,mb,,97,5.187,0.85,us,usb000qqg4,2014-08-09T02:53:45.000Z,"4 km ESE of Dadhar, Pakistan",earthquake,,2.4,0.057,98,reviewed,us,us
2014-05-18T01:02:32.610Z,4.2485,92.7574,35,6,mww,,19,4.287,0.71,us,usb000qt4l,2022-05-03T16:51:38.353Z,"off the west coast of northern Sumatra",earthquake,,1.6,,,reviewed,us,us
2014-05-18T19:33:55.750Z,26.4109,92.9493,52.02,4.2,mb,,86,1.294,1.14,us,usb000qtv9,2014-08-09T02:53:48.000Z,"28 km SSE of Tezpur, India",earthquake,,9.4,0.236,5,reviewed,us,us
2014-05-21T16:21:54.350Z,18.2012,88.0376,47.23,6,mww,,38,5.59,0.63,us,usb000qy82,2022-07-26T15:30:47.952Z,"276 km SE of Kon?rka, India",earthquake,,3.7,,,reviewed,us,us
2014-05-25T00:13:34.650Z,36.157,70.6958,108.77,4,mb,,81,0.971,1.29,us,usc000reg7,2014-08-23T08:36:46.000Z,"79 km S of Jurm, Afghanistan",earthquake,,6.9,0.118,19,reviewed,us,us
2014-05-25T17:54:21.170Z,5.5637,93.4166,21.91,4.3,mb,,191,3.53,0.82,us,usc000reh0,2014-08-23T08:36:47.000Z,"212 km W of Banda Aceh, Indonesia",earthquake,,6.8,0.137,15,reviewed,us,us
2014-05-26T00:43:08.790Z,36.2785,69.7677,151.28,4,mb,,68,1.066,1.22,us,usb000r3ue,2014-08-23T08:36:49.000Z,"33 km SSW of Farkh?r, Afghanistan",earthquake,,3.3,0.144,13,reviewed,us,us
2014-05-27T06:49:10.020Z,4.6703,96.3089,23.48,4.5,mb,,160,0.844,0.59,us,usc000rf1f,2014-08-23T08:36:51.000Z,"60 km S of Reuleuet, Indonesia",earthquake,,8.4,0.27,4,reviewed,us,us
2014-05-28T03:19:11.050Z,25.2405,95.1224,97,4.4,mb,,90,4.079,0.86,us,usb000r69q,2014-08-26T01:21:01.000Z,"78 km SE of Phek, India",earthquake,,5,0.085,40,reviewed,us,us
2014-05-29T03:23:46.560Z,24.2536,94.4977,85.55,4.6,mb,,75,2.731,0.36,us,usc000r8fh,2014-08-26T01:21:02.000Z,"57 km SE of W?ngjing, India",earthquake,,8.3,0.097,32,reviewed,us,us
2014-05-30T06:37:48.980Z,26.5567,90.227,10,4,mb,,146,1.766,1.15,us,usc000rgqv,2014-08-26T01:21:04.000Z,"17 km NNW of Kokrajhar, India",earthquake,,1.9,0.129,16,reviewed,us,us
2014-05-31T17:31:47.280Z,16.5243,95.6809,22.44,4.7,mb,,35,3.658,0.87,us,usc000r9hr,2022-07-26T16:04:57.258Z,"9 km NNW of Kyaiklat, Myanmar",earthquake,,4.8,0.063,76,reviewed,us,us
2014-06-04T07:20:14.170Z,22.5351,93.3926,55.25,4.6,mb,,67,1.623,0.59,us,usc000rarb,2014-08-30T17:02:56.000Z,"25 km WSW of Hakha, Myanmar",earthquake,,6.1,0.071,60,reviewed,us,us
2014-06-06T00:16:33.040Z,34.2229,89.115,9.68,4.5,mb,,40,4.819,1.25,us,usc000rbw7,2014-08-30T17:03:01.000Z,"Xizang-Qinghai border region",earthquake,,4.7,0.066,67,reviewed,us,us
2014-06-07T06:40:52.840Z,30.2645,81.6031,27.1,4.5,mb,,88,7.844,1.09,us,usc000rity,2014-08-30T17:03:01.000Z,"41 km E of Burang, China",earthquake,,4.4,0.18,9,reviewed,us,us
2014-06-07T22:23:21.680Z,23.3067,94.1108,67.31,4.4,mb,,100,3.047,0.77,us,usc000rcms,2014-08-30T17:02:56.000Z,"47 km SW of Mawlaik, Myanmar",earthquake,,8.3,0.104,27,reviewed,us,us
2014-06-08T09:15:02.260Z,19.6266,96.1897,27.03,4.6,mb,,44,2.725,0.84,us,usc000rcpy,2014-08-30T17:02:56.000Z,"12 km S of Pyinmana, Myanmar",earthquake,,5,0.088,39,reviewed,us,us
2014-06-09T17:40:23.230Z,24.1878,91.5293,31.79,4.1,mb,,127,1.404,0.78,us,usc000rn31,2014-08-30T17:02:54.000Z,"13 km NNW of Khowai, India",earthquake,,5.8,0.158,11,reviewed,us,us
2014-06-10T19:45:45.760Z,10.9021,91.8209,27.97,4,mb,,197,1.175,0.38,us,usc000rlqs,2014-08-30T17:02:52.000Z,"131 km SW of Port Blair, India",earthquake,,7.4,0.183,8,reviewed,us,us
2014-06-11T00:48:25.160Z,31.3833,86.3077,10,4,mb,,140,4.481,1.32,us,usc000rdqf,2014-09-12T15:47:10.000Z,"250 km NNE of Saga, China",earthquake,,1.9,0.156,13,reviewed,us,us
2014-06-11T15:07:31.670Z,23.2957,94.3076,45.51,4.2,mb,,125,3.178,0.61,us,usc000rdzi,2014-09-12T15:47:13.000Z,"39 km SSW of Mawlaik, Myanmar",earthquake,,10.5,0.2,11,reviewed,us,us
2014-06-13T13:32:52.870Z,33.292,75.5807,42.74,5,mb,,91,1.965,1.14,us,usc000rf2p,2022-05-03T16:54:36.331Z,"16 km N of Doda, India",earthquake,,5.2,0.062,87,reviewed,us,us
2014-06-13T16:16:26.220Z,29.3624,86.2519,15.43,4,mb,,97,4.261,1.12,us,usc000rf4z,2014-09-12T15:47:26.000Z,"99 km E of Saga, China",earthquake,,2.3,0.164,13,reviewed,us,us
2014-06-14T05:24:27.440Z,26.8748,92.5167,10,4.3,mb,,91,3.072,1.21,us,usc000rfff,2014-09-12T15:47:28.000Z,"15 km WNW of Rang?p?ra, India",earthquake,,1.9,0.142,18,reviewed,us,us
2014-06-16T05:33:40.070Z,4.8901,95.4919,10,4.4,mb,,287,1.488,0.89,us,usc000rms0,2014-09-12T15:48:04.000Z,"74 km SSE of Banda Aceh, Indonesia",earthquake,,2,0.381,3,reviewed,us,us
2014-06-16T21:30:01.230Z,10.3833,93.925,73.8,4.4,mb,,136,5.931,0.76,us,usc000rmsq,2014-09-12T15:48:06.000Z,"191 km SE of Port Blair, India",earthquake,,10,0.127,20,reviewed,us,us
2014-06-17T17:31:10.950Z,32.3316,76.4467,33.51,4.2,mb,,146,2.977,1.49,us,usc000rgty,2014-09-12T15:47:52.000Z,"17 km NE of Dharamsala, India",earthquake,,6.3,0.121,25,reviewed,us,us
2014-06-18T03:04:09.550Z,24.7211,95.1007,101.17,4.3,mb,,86,3.058,1.19,us,usc000rh4v,2014-09-19T17:22:41.000Z,"105 km E of W?ngjing, India",earthquake,,7.8,0.169,13,reviewed,us,us
2014-06-19T21:24:47.550Z,34.2742,83.2671,48.86,4.1,mb,,94,8.081,0.88,us,usb000rh8f,2014-09-19T17:22:01.000Z,"western Xizang",earthquake,,6.2,0.135,20,reviewed,us,us
2014-06-23T21:34:53.130Z,36.231,70.8555,115.45,4.6,mb,,80,0.92,1.1,us,usb000rvhk,2014-09-19T17:22:24.000Z,"70 km S of Jurm, Afghanistan",earthquake,,10.6,0.273,4,reviewed,us,us
2014-06-24T03:52:25.200Z,23.153,94.2199,64.24,4.1,mb,,153,2.423,0.9,us,usb000rvze,2014-09-19T17:22:31.000Z,"57 km SSW of Mawlaik, Myanmar",earthquake,,12.1,0.234,5,reviewed,us,us
2014-06-26T17:12:48.860Z,8.9101,93.7767,43.21,4.2,mb,,143,2.911,0.48,us,usc000rrp6,2014-09-26T11:49:39.000Z,"Nicobar Islands, India region",earthquake,,8,0.16,11,reviewed,us,us
2014-06-27T07:35:11.510Z,4.9086,96.0377,8.6,4.6,mb,,59,0.96,0.84,us,usc000rmp7,2014-09-26T11:49:39.000Z,"43 km SW of Reuleuet, Indonesia",earthquake,,4.4,0.098,31,reviewed,us,us
2014-06-28T05:57:06.280Z,11.6352,93.4306,37.53,4.4,mb,,124,0.673,0.62,us,usb000rvmt,2014-09-26T11:49:41.000Z,"74 km E of Port Blair, India",earthquake,,11.3,0.191,9,reviewed,us,us
2014-07-01T20:06:29.070Z,25.0114,94.1629,69.7,4.3,mb,,118,2.16,0.72,us,usb000rvv3,2014-09-26T11:49:52.000Z,"31 km NE of Imph?l, India",earthquake,,7.9,0.168,10,reviewed,us,us
2014-07-03T11:35:00.300Z,30.2451,80.3384,35,4,mb,,167,6.9,1.3,us,usb000rvy7,2014-10-04T19:59:52.000Z,"western Xizang-India border region",earthquake,,2,0.211,6,reviewed,us,us
2014-07-03T20:40:01.550Z,35.5535,75.0923,35,4.9,mb,,74,2.422,0.62,us,usc000rqcc,2022-05-03T16:55:58.794Z,"56 km WNW of Skardu, Pakistan",earthquake,,1.9,0.05,126,reviewed,us,us
2014-07-06T14:48:13.060Z,30.3227,80.3415,43.73,4.1,mb,,146,6.862,1.11,us,usc000rqyt,2014-10-04T19:59:57.000Z,"55 km NNW of Dh?rchula, India",earthquake,,6.9,0.213,7,reviewed,us,us
2014-07-06T23:04:49.470Z,35.4726,74.9605,66.53,4.5,mb,,73,2.291,0.97,us,usb000rv1w,2014-10-04T19:59:58.000Z,"64 km WNW of Skardu, Pakistan",earthquake,,7.5,0.104,27,reviewed,us,us
2014-07-07T16:37:12.900Z,29.4202,81.099,16.32,4.4,mb,,130,7.901,0.88,us,usb000rv4l,2014-10-04T19:59:59.000Z,"23 km NE of Dipayal, Nepal",earthquake,,5.5,0.179,14,reviewed,us,us
2014-07-07T21:49:01.540Z,35.5638,75.0393,51.14,4.4,mb,,82,2.403,0.68,us,usc000rrfn,2014-10-04T19:59:59.000Z,"61 km WNW of Skardu, Pakistan",earthquake,,7.2,0.105,26,reviewed,us,us
2014-07-08T15:35:41.630Z,36.2352,73.9147,74.72,4.8,mb,,49,2.632,0.77,us,usc000rrqp,2014-10-04T20:00:01.000Z,"50 km NW of Gilgit, Pakistan",earthquake,,6.7,0.057,96,reviewed,us,us
2014-07-08T17:31:16.430Z,4.8798,96.1036,10.84,4.7,mb,,82,0.909,1.33,us,usc000rrrt,2014-10-04T20:00:01.000Z,"42 km SSW of Reuleuet, Indonesia",earthquake,,2.2,0.08,47,reviewed,us,us
2014-07-11T23:05:23.300Z,30.9429,86.3943,12.25,4.1,mb,,142,4.274,1.29,us,usb000rs8i,2014-10-10T08:02:13.000Z,"211 km NNE of Saga, China",earthquake,,4,0.101,27,reviewed,us,us
2014-07-12T07:15:41.530Z,5.223,94.8011,67.86,4.4,mb,,187,2.137,0.33,us,usb000rwhe,2014-10-10T08:02:14.000Z,"68 km WSW of Banda Aceh, Indonesia",earthquake,,9,0.169,10,reviewed,us,us
2014-07-13T22:50:47.880Z,24.156,94.4741,81.69,4.2,mb,,152,2.762,0.48,us,usb000rwlm,2014-10-10T08:02:17.000Z,"57 km N of Mawlaik, Myanmar",earthquake,,12.2,0.2,7,reviewed,us,us
2014-07-20T06:51:01.350Z,21.7702,93.5718,54.58,4.5,mb,,193,4.093,0.8,us,usb000rz2i,2014-10-17T21:12:11.000Z,"96 km S of Hakha, Myanmar",earthquake,,10.6,0.156,12,reviewed,us,us
2014-07-22T20:54:41.200Z,26.0035,89.7033,16.03,4.3,mb,,147,1.988,0.8,us,usb000rz7m,2014-10-17T21:12:15.000Z,"4 km NNE of Nageswari, Bangladesh",earthquake,,3.5,0.169,11,reviewed,us,us
2014-07-22T22:58:29.150Z,26.0259,89.5651,8.4,4.2,mb,,127,2.115,0.82,us,usb000rwbn,2014-10-17T21:12:15.000Z,"14 km WNW of Nageswari, Bangladesh",earthquake,,3.4,0.104,38,reviewed,us,us
2014-07-22T23:35:15.370Z,26.2364,89.5355,14.91,4,mb,,146,2.193,1.26,us,usb000rwbx,2014-10-17T21:12:15.000Z,"13 km SE of Koch Bih?r, India",earthquake,,5.2,0.156,16,reviewed,us,us
2014-07-25T04:56:16.680Z,33.1264,76.3749,17.03,4,mb,,148,2.65,0.83,us,usb000rx2e,2014-10-25T01:49:35.000Z,"60 km ESE of Kishtw?r, India",earthquake,,5,0.298,5,reviewed,us,us
2014-07-29T07:07:07.130Z,14.3603,93.0904,12,5.3,mwb,,28,2.709,1.18,us,usb000ry7u,2022-05-03T16:57:35.039Z,"297 km N of Bamboo Flat, India",earthquake,,1.7,0.046,46,reviewed,us,us
2014-07-29T07:42:41.540Z,23.7831,94.4006,41.3,4.1,mb,,160,2.917,0.64,us,usb000s1er,2014-10-25T01:49:42.000Z,"15 km N of Mawlaik, Myanmar",earthquake,,13.5,0.214,6,reviewed,us,us
2014-07-29T10:23:24.210Z,22.4269,94.6179,121.57,4.6,mb,,66,4.401,0.71,us,usb000s1e1,2014-10-25T01:49:42.000Z,"63 km WNW of Monywa, Myanmar",earthquake,,6.3,0.117,22,reviewed,us,us
2014-07-31T13:41:00.830Z,12.4337,95.2033,10,5.8,mww,,61,2.527,0.98,us,usb000ryuh,2022-05-03T17:17:22.968Z,"280 km ENE of Port Blair, India",earthquake,,1.8,,,reviewed,us,us
2014-07-31T14:21:11.960Z,12.4404,95.3165,10,4.6,mb,,110,2.634,0.52,us,usb000s24c,2014-10-29T19:52:52.000Z,"292 km ENE of Port Blair, India",earthquake,,1.9,0.193,8,reviewed,us,us
2014-07-31T17:33:29.240Z,12.4743,95.2033,10,4.9,mb,,42,2.539,0.82,us,usb000ryxu,2014-10-29T19:52:52.000Z,"282 km ENE of Port Blair, India",earthquake,,1.8,0.07,65,reviewed,us,us
2014-07-31T17:34:08.620Z,12.3436,95.0439,26.23,5.1,mb,,79,2.352,0.78,us,usb000s24x,2014-10-29T19:52:52.000Z,"261 km ENE of Port Blair, India",earthquake,,4.9,0.106,29,reviewed,us,us
2014-08-01T16:20:21.740Z,12.0898,95.6271,25.63,4.1,mb,,174,5.229,0.89,us,usb000s2pg,2014-10-29T19:52:53.000Z,"Andaman Islands, India region",earthquake,,8.7,0.262,4,reviewed,us,us
2014-08-01T20:27:50.430Z,24.3849,94.7039,85.67,4.7,mb,,57,2.839,1.12,us,usb000s2p9,2014-10-29T19:52:53.000Z,"68 km ESE of W?ngjing, India",earthquake,,8.1,0.12,21,reviewed,us,us
2014-08-01T21:11:08.780Z,12.4019,95.5705,10,4.6,mb,,111,2.863,1.3,us,usb000s2pc,2014-10-29T19:52:53.000Z,"Andaman Islands, India region",earthquake,,1.9,0.129,18,reviewed,us,us
2014-08-01T21:47:04.450Z,11.9976,95.1248,10,4.6,mb,,86,2.355,1.06,us,usb000s2pb,2014-10-29T19:52:53.000Z,"261 km E of Port Blair, India",earthquake,,1.9,0.128,18,reviewed,us,us
2014-08-02T00:28:10.890Z,33.9035,72.4189,35,4.1,mb,,107,0.751,1.26,us,usb000rzds,2014-10-29T19:52:53.000Z,"6 km W of Hazro City, Pakistan",earthquake,,2,0.184,8,reviewed,us,us
2014-08-02T01:02:00.150Z,12.5741,95.5532,21.24,4,mb,,122,2.895,0.98,us,usb000s2pq,2014-10-29T19:52:53.000Z,"Andaman Islands, India region",earthquake,,8.3,0.26,4,reviewed,us,us
2014-08-02T16:18:59.530Z,11.8708,93.6433,129.36,4.7,mb,,40,0.906,0.78,us,usb000rzhf,2014-10-29T19:52:54.000Z,"100 km ENE of Port Blair, India",earthquake,,5.2,0.069,63,reviewed,us,us
2014-08-03T05:15:55.150Z,36.3138,71.1352,102.38,4.3,mb,,79,0.926,0.89,us,usb000rzlu,2014-10-29T19:52:58.000Z,"54 km SW of Ashk?sham, Afghanistan",earthquake,,4.2,0.133,18,reviewed,us,us
2014-08-03T05:46:22.020Z,29.1576,85.322,10,4.3,mb,,100,5.092,0.81,us,usb000s2vj,2014-10-29T19:52:58.000Z,"20 km SSE of Saga, China",earthquake,,1.9,0.101,28,reviewed,us,us
2014-08-03T05:57:30.560Z,29.2757,85.4967,10,5.2,mb,,38,4.926,0.61,us,usb000rzm0,2022-05-03T16:58:08.308Z,"26 km ESE of Saga, China",earthquake,,1.7,0.041,199,reviewed,us,us
2014-08-03T07:34:13.610Z,34.5399,85.865,10,4.2,mb,,128,6.569,0.45,us,usb000rzm7,2014-10-29T19:52:58.000Z,"western Xizang",earthquake,,1.9,0.121,19,reviewed,us,us
2014-08-04T09:11:50.500Z,16.1393,96.0109,10,2.9,ml,,306,3.627,0.71,us,usb000s0pa,2022-07-26T21:37:01.044Z,"39 km ESE of Pyapon, Myanmar",earthquake,,2,0.256,2,reviewed,us,us
2014-08-04T10:36:09.830Z,5.3986,94.6532,56.96,5.3,mb,,31,2.29,0.88,us,usb000rzt4,2025-12-22T16:57:47.936Z,"77 km WSW of Banda Aceh, Indonesia",earthquake,,4.9,0.048,149,reviewed,us,us
2014-08-05T13:03:33.890Z,35.2764,69.6946,95.74,4.1,mb,,92,0.908,1.25,us,usb000s0bm,2014-10-29T19:53:01.000Z,"16 km ESE of B?z?rak, Afghanistan",earthquake,,8.6,0.301,4,reviewed,us,us
2014-08-05T15:34:09.120Z,15.8472,96.2235,22.9,4.2,mb,,88,3.673,0.59,us,usb000s30w,2014-10-29T19:53:01.000Z,"75 km SE of Pyapon, Myanmar",earthquake,,5.8,0.236,5,reviewed,us,us
2014-08-05T16:11:53.300Z,15.8545,96.2541,24.31,4.6,mb,,87,3.647,0.38,us,usb000s31a,2014-10-29T19:53:01.000Z,"77 km SE of Pyapon, Myanmar",earthquake,,5.4,0.316,5,reviewed,us,us
2014-08-05T23:28:34.780Z,15.9283,96.1768,10,4.2,mb,,174,3.649,0.68,us,usb000s31e,2014-10-29T19:53:02.000Z,"near the south coast of Myanmar",earthquake,,2,0.186,10,reviewed,us,us
2014-08-08T03:51:05.010Z,7.8259,94.5595,46.68,4.2,mb,,194,3.504,0.5,us,usb000s4tp,2014-11-07T21:47:35.000Z,"229 km NNW of Sabang, Indonesia",earthquake,,8.5,0.304,5,reviewed,us,us
2014-08-09T21:11:48.350Z,12.5912,95.3368,21.33,4.3,mb,,101,2.7,0.69,us,usb000s4wq,2014-11-07T21:47:37.000Z,"299 km ENE of Port Blair, India",earthquake,,5.5,0.113,25,reviewed,us,us
2014-08-09T22:18:37.270Z,10.5702,91.7169,29.52,4.4,mb,,60,1.476,0.65,us,usb000s4ws,2014-11-07T21:47:37.000Z,"165 km SW of Port Blair, India",earthquake,,5.2,0.099,31,reviewed,us,us
2014-08-10T15:16:44.010Z,36.0739,69.1613,19.95,4.5,mb,,65,1.532,1.46,us,usb000s1q1,2014-11-07T21:47:38.000Z,"2 km ENE of Nahr?n, Afghanistan",earthquake,,4.9,0.156,17,reviewed,us,us
2014-08-11T12:17:13.360Z,33.0466,87.7462,10,4.2,mb,,120,4.412,1.07,us,usb000s1ve,2014-11-07T21:47:39.000Z,"western Xizang",earthquake,,1.9,0.167,15,reviewed,us,us
2014-08-12T12:17:55.870Z,33.353,95.5845,10,4,mb,,88,5.264,0.4,us,usb000s5cs,2014-11-07T21:47:40.000Z,"288 km NNW of Qamdo, China",earthquake,,1.9,0.157,12,reviewed,us,us
2014-08-12T20:52:06.470Z,9.2284,93.5937,105.45,4.9,mb,,38,2.552,0.82,us,usb000s28b,2014-11-07T21:47:41.000Z,"285 km SSE of Port Blair, India",earthquake,,4.3,0.053,116,reviewed,us,us
2014-08-16T16:39:55.170Z,24.593,94.5693,91.24,5,mb,,32,2.644,0.95,us,usb000s3dx,2022-07-26T22:23:46.385Z,"51 km E of W?ngjing, India",earthquake,,5.6,0.057,104,reviewed,us,us
2014-08-17T20:34:32.440Z,23.6717,91.4071,38,4.1,mb,,111,1.93,1.14,us,usc000s7yq,2014-11-15T04:07:13.000Z,"7 km NE of Barjala, India",earthquake,,7.1,0.213,8,reviewed,us,us
2014-08-17T23:10:40.320Z,19.713,95.663,32.61,4.2,mb,,70,2.205,0.57,us,usc000s7yp,2014-11-15T04:07:13.000Z,"34 km SSE of Taungdwingyi, Myanmar",earthquake,,6.1,0.152,14,reviewed,us,us
2014-08-19T06:24:34.500Z,4.9928,94.455,48.53,4.3,mb,,179,2.493,0.42,us,usc000s8pu,2014-11-15T04:07:16.000Z,"114 km WSW of Banda Aceh, Indonesia",earthquake,,11.1,0.307,5,reviewed,us,us
2014-08-20T08:05:03.110Z,27.5614,92.5625,38.3,4.1,mb,,110,2.084,0.66,us,usc000s8xh,2014-11-22T02:06:23.000Z,"Arunachal Pradesh, India",earthquake,11.6,9.6,0.214,11,reviewed,us,us
2014-08-20T09:26:12.560Z,35.7029,69.7273,104.43,4.3,mb,,82,1.287,0.6,us,usb000s4i5,2014-11-22T02:06:23.000Z,"47 km NNE of B?z?rak, Afghanistan",earthquake,5.2,7.6,0.178,12,reviewed,us,us
2014-08-21T08:11:18.820Z,32.3289,76.4266,10,4.9,mb,,45,2.963,0.75,us,usb000s4v3,2022-07-26T22:54:51.614Z,"15 km NE of Dharamsala, India",earthquake,7.6,1.8,0.05,134,reviewed,us,us
2014-08-21T23:15:35.080Z,18.2994,94.5089,49.45,4.3,mb,,80,3.424,0.9,us,usc000s8zt,2014-11-22T02:06:25.000Z,"85 km W of Myanaung, Myanmar",earthquake,8.8,8,0.169,12,reviewed,us,us
2014-08-22T07:35:22.450Z,34.6774,70.9189,47.05,4.4,mb,,96,1.553,0.95,us,usb000s592,2014-11-22T02:06:26.000Z,"30 km SW of Asad?b?d, Afghanistan",earthquake,6.3,3.5,0.115,22,reviewed,us,us
2014-08-22T15:59:36.390Z,28.0356,87.7815,59.96,4.4,mb,,163,3.371,0.72,us,usb000s5e9,2014-11-22T02:06:26.000Z,"92 km NE of Kh??db?ri??, Nepal",earthquake,9.5,9.1,0.149,13,reviewed,us,us
2014-08-23T19:58:43.750Z,8.4186,93.4851,88.46,4.7,mb,,39,3.298,0.81,us,usb000s5qq,2014-11-22T02:06:30.000Z,"Nicobar Islands, India region",earthquake,7.8,5.8,0.069,63,reviewed,us,us
2014-08-24T08:29:31.740Z,30.0384,79.9591,10,4.4,mb,,68,6.734,0.81,us,usb000s5ta,2014-11-22T02:06:32.000Z,"28 km NE of B?geshwar, India",earthquake,8.7,1.9,0.11,24,reviewed,us,us
2014-08-24T15:54:20.290Z,9.0717,85.8,17.23,4.1,mb,,125,5.353,1.02,us,usb000s9nj,2014-11-22T02:06:34.000Z,"Bay of Bengal",earthquake,13.6,4.1,0.166,13,reviewed,us,us
2014-08-25T08:43:03.870Z,14.3762,93.1925,37.18,4.6,mb,,94,2.739,0.77,us,usb000s9q5,2014-11-22T02:06:35.000Z,"Andaman Islands, India region",earthquake,8.3,8.2,0.116,22,reviewed,us,us
2014-08-26T18:05:02.680Z,8.2661,91.8534,29.61,4.6,mb,,170,3.48,0.91,us,usb000s9rx,2014-11-22T02:06:37.000Z,"Nicobar Islands, India region",earthquake,10.9,6.6,0.244,6,reviewed,us,us
2014-08-27T01:54:51.210Z,8.0733,91.8412,32.79,4.3,mb,,127,3.669,0.91,us,usb000sad8,2014-11-29T00:09:16.000Z,"Nicobar Islands, India region",earthquake,3.9,6.5,0.168,11,reviewed,us,us
2014-08-27T02:09:47.910Z,8.1279,91.7162,28.11,4.4,mb,,127,3.648,0.82,us,usc000s7bk,2014-11-29T00:09:16.000Z,"Nicobar Islands, India region",earthquake,8,5.3,0.117,22,reviewed,us,us
2014-08-29T11:01:21.720Z,29.8382,87.8748,25.32,4.2,mb,,140,5.527,1.39,us,usb000sb0s,2014-11-29T00:09:20.000Z,"117 km WNW of Rikaze, China",earthquake,10.8,5.4,0.12,24,reviewed,us,us
2014-08-30T03:35:03.490Z,7.1116,94.2148,12.85,4.5,mb,,114,3.298,0.56,us,usc000s881,2014-11-29T00:09:21.000Z,"181 km NW of Sabang, Indonesia",earthquake,9.7,3.3,0.127,23,reviewed,us,us
2014-09-02T12:39:14.250Z,36.0758,69.995,113.6,4.7,mb,,70,1.147,1.46,us,usc000s8wt,2014-11-29T00:09:25.000Z,"56 km SSE of Farkh?r, Afghanistan",earthquake,5.7,5.5,0.072,63,reviewed,us,us
2014-09-02T20:55:25.040Z,4.5259,95.5235,74.99,4.2,mb,,134,1.581,0.9,us,usb000sbrd,2014-11-29T00:09:25.000Z,"79 km WNW of Meulaboh, Indonesia",earthquake,7.7,8.4,0.159,14,reviewed,us,us
2014-09-04T07:30:46.190Z,23.8778,94.111,10,4.4,mb,,171,2.651,1.35,us,usb000scjw,2014-12-05T23:36:31.040Z,"39 km NW of Mawlaik, Myanmar",earthquake,14.6,1.9,0.24,6,reviewed,us,us
2014-09-05T21:36:59.550Z,31.1205,70.1415,46.16,4.5,mb,,59,3.533,1.21,us,usb000s9q1,2014-12-05T23:36:33.040Z,"67 km NW of Taunsa, Pakistan",earthquake,8.6,7.6,0.109,28,reviewed,us,us
2014-09-06T01:08:32.590Z,26.2028,68.367,12.67,4.3,mb,,131,8.331,1.11,us,usb000s9ty,2014-12-05T23:36:34.040Z,"5 km SW of Nawabshah, Pakistan",earthquake,9.5,4.7,0.147,17,reviewed,us,us
2014-09-06T17:12:18.440Z,25.0074,95.365,134.14,4.7,mb,,41,3.225,0.59,us,usb000sa01,2014-12-05T23:36:37.040Z,"Myanmar",earthquake,7.5,6.2,0.054,109,reviewed,us,us
2014-09-08T13:11:00.360Z,14.2877,92.8678,27.77,4.6,mb,,66,2.618,0.81,us,usb000sabl,2014-12-05T23:36:39.040Z,"286 km N of Bamboo Flat, India",earthquake,7.9,4.2,0.098,44,reviewed,us,us
2014-09-09T01:47:40.080Z,7.9281,91.9296,29.83,4.5,mb,,52,8.656,0.49,us,usb000sdza,2014-12-05T23:36:40.040Z,"Nicobar Islands, India region",earthquake,7.3,5.1,0.11,29,reviewed,us,us
2014-09-09T07:39:54.250Z,34.0785,81.0639,10,4.5,mb,,96,6.498,1.24,us,usb000sdzb,2014-12-05T23:36:40.040Z,"western Xizang",earthquake,12.2,1.9,0.27,5,reviewed,us,us
2014-09-09T09:28:22.190Z,22.1989,93.244,10,5.4,mwb,,24,3.585,0.87,us,usb000samy,2022-07-27T01:19:59.293Z,"42 km SE of Saiha, India",earthquake,7.2,1.7,0.089,12,reviewed,us,us
2014-09-09T09:58:09.760Z,5.5245,94.5456,41.13,4.5,mb,,203,2.409,1.4,us,usb000sdzl,2014-12-05T23:36:40.040Z,"87 km W of Banda Aceh, Indonesia",earthquake,9.7,13.1,0.156,13,reviewed,us,us
2014-09-09T23:11:50.690Z,10.6033,91.7456,27.11,4,mb,,87,1.433,0.52,us,usb000se03,2014-12-05T23:36:41.040Z,"160 km SW of Port Blair, India",earthquake,7.8,6.8,0.211,9,reviewed,us,us
2014-09-10T08:39:57.080Z,26.2777,68.327,10,4.2,mb,,107,8.259,1.01,us,usb000sazn,2014-12-08T23:30:55.040Z,"8 km WNW of Nawabshah, Pakistan",earthquake,6,1.9,0.2,11,reviewed,us,us
2014-09-11T10:56:03.440Z,32.3974,71.2374,10,4,mb,,146,2.115,0.52,us,usb000sbbg,2014-12-08T23:30:56.040Z,"23 km WSW of Kundian, Pakistan",earthquake,9.8,1.9,0.232,9,reviewed,us,us
2014-09-12T07:56:41.570Z,25.6524,89.9947,15,4.1,mb,,132,1.682,0.68,us,usb000sf6i,2014-12-08T23:30:57.040Z,"18 km NE of Mank?char, India",earthquake,6,6.4,0.174,10,reviewed,us,us
2014-09-12T09:25:57.440Z,6.0429,94.4536,69.16,5.3,mb,,27,2.61,0.73,us,usb000sbn5,2014-12-08T23:30:57.040Z,"97 km W of Sabang, Indonesia",earthquake,4.5,4,0.046,163,reviewed,us,us
2014-09-12T13:06:33.630Z,8.5661,92.5561,39.08,5,mb,,92,3.075,0.93,us,usb000sbrr,2014-12-08T23:30:58.040Z,"Nicobar Islands, India region",earthquake,8.1,6.2,0.084,56,reviewed,us,us
2014-09-13T03:31:26.050Z,27.737,92.9356,51.18,4.1,mb,,59,2.367,0.68,us,usb000sfhk,2014-12-08T23:30:58.040Z,"72 km NE of Bomdila, India",earthquake,8.4,8.2,0.185,14,reviewed,us,us
2014-09-13T22:31:58.810Z,36.0019,70.6992,94.97,5.2,mww,,18,1.125,0.92,us,usb000sc6p,2025-12-22T16:59:18.882Z,"67 km NNW of P?r?n, Afghanistan",earthquake,4.1,4.1,,,reviewed,us,us
2014-09-15T05:16:35.060Z,6.7624,91.8773,35,4.5,mb,,99,4.936,0.64,us,usb000scek,2014-12-08T23:31:01.040Z,"Nicobar Islands, India region",earthquake,8.3,1.9,0.089,40,reviewed,us,us
2014-09-15T08:19:25.760Z,20.5933,92.9736,10,4.5,mb,,170,5.056,0.82,us,usb000sfwp,2014-12-08T23:31:01.040Z,"50 km N of Sittwe, Myanmar",earthquake,10.8,1.8,0.22,7,reviewed,us,us
2014-09-15T16:55:42.580Z,32.9489,95.9551,41.05,4,mb,,95,5.246,0.65,us,usb000scml,2014-12-08T23:31:02.040Z,"232 km NNW of Qamdo, China",earthquake,11.3,7.8,0.172,14,reviewed,us,us
2014-09-15T21:38:59.490Z,24.5258,94.7457,90.15,4.3,mb,,147,2.818,1.03,us,usb000sfxh,2014-12-08T23:31:02.040Z,"69 km E of W?ngjing, India",earthquake,6,9.9,0.148,14,reviewed,us,us
2014-09-17T06:18:28.030Z,36.0497,71.5284,91.14,4.6,mb,,77,1.319,1.18,us,usb000sdcs,2014-12-19T00:05:18.040Z,"70 km S of Ashk?sham, Afghanistan",earthquake,6.5,7.3,0.123,23,reviewed,us,us
2014-09-17T10:04:40.560Z,23.1078,94.3299,90.01,4.3,mb,,143,3.329,0.45,us,usb000sgdu,2014-12-19T00:05:19.040Z,"59 km S of Mawlaik, Myanmar",earthquake,10.9,5.6,0.125,20,reviewed,us,us
2014-09-18T21:32:32.260Z,34.4044,70.1119,32.33,4.3,mb,,128,0.893,0.74,us,usb000se4j,2014-12-19T00:05:21.040Z,"30 km SSW of Mehtar L?m, Afghanistan",earthquake,6.5,5.4,0.089,36,reviewed,us,us
2014-09-20T13:16:38.410Z,23.4256,94.6821,95.97,4.5,mb,,146,5.106,0.82,us,usb000seh9,2014-12-19T00:05:23.040Z,"37 km SE of Mawlaik, Myanmar",earthquake,10.4,10.3,0.135,18,reviewed,us,us
2014-09-21T01:46:09.280Z,29.8495,95.2495,26.68,4.1,mb,,114,3.586,0.95,us,usb000shqs,2014-12-19T00:05:24.040Z,"169 km NNE of Shi Yomi, India",earthquake,13.8,7.3,0.175,12,reviewed,us,us
2014-09-21T06:10:57.270Z,36.2512,71.0297,110.9,4,mb,,87,0.945,1.05,us,usb000senj,2014-12-19T00:05:24.040Z,"65 km SW of Ashk?sham, Afghanistan",earthquake,6.1,5.5,0.184,12,reviewed,us,us
2014-09-21T06:31:20.640Z,29.8636,95.3383,24.81,4,mb,,115,3.664,0.82,us,usb000shr0,2014-12-19T00:05:24.040Z,"175 km NNE of Shi Yomi, India",earthquake,8.4,7.7,0.196,12,reviewed,us,us
2014-09-22T20:49:10.820Z,34.2939,73.9193,26.73,4.7,mb,,94,0.839,0.75,us,usb000sf2b,2022-07-27T02:56:46.145Z,"26 km NNW of Uri, India",earthquake,7.2,5,0.076,57,reviewed,us,us
2014-09-23T15:41:31.640Z,5.4065,93.2767,26.83,4.6,mb,,144,3.659,0.45,us,usb000si5m,2014-12-19T00:05:27.040Z,"228 km W of Banda Aceh, Indonesia",earthquake,10.6,7.2,0.193,12,reviewed,us,us
2014-09-24T00:59:17.040Z,14.0956,93.1949,40.58,4.3,mb,,93,2.464,0.74,us,usb000sff0,2014-12-20T00:53:55.040Z,"270 km N of Bamboo Flat, India",earthquake,8.1,5.7,0.129,22,reviewed,us,us
2014-09-24T12:06:09.260Z,4.2461,95.6838,80.97,4.5,mb,,131,1.593,1.01,us,usb000sfju,2014-12-20T00:53:56.040Z,"50 km WNW of Meulaboh, Indonesia",earthquake,7.5,7.6,0.103,33,reviewed,us,us
2014-09-25T08:29:58.390Z,6.0011,95.5588,194.66,5,mb,,19,1.58,1.06,us,usb000sftr,2025-12-22T16:59:38.703Z,"29 km ENE of Sabang, Indonesia",earthquake,4.1,4.4,0.049,141,reviewed,us,us
2014-09-26T04:21:24.080Z,12.5193,95.2254,20.22,5.5,mwc,,18,2.574,0.69,us,usb000sg5e,2022-05-03T17:02:37.866Z,"285 km ENE of Port Blair, India",earthquake,6.2,2.6,,,reviewed,us,gcmt
2014-09-27T15:15:43.180Z,5.0546,94.2029,50.24,4.7,mb,,174,2.738,1.11,us,usb000sgqu,2014-12-20T00:54:00.040Z,"136 km WSW of Banda Aceh, Indonesia",earthquake,10,6.9,0.085,45,reviewed,us,us
2014-09-27T16:22:41.820Z,35.9113,73.0647,41.91,4.7,mb,,46,2.261,1.06,us,usb000sgr2,2014-12-20T00:54:00.040Z,"88 km ENE of Thal, Pakistan",earthquake,7,6.7,0.093,38,reviewed,us,us
2014-09-28T14:54:19.860Z,36.1506,68.873,25.22,4.2,mb,,51,1.612,1.31,us,usb000sgvw,2014-12-20T00:54:02.040Z,"14 km E of Baghl?n, Afghanistan",earthquake,4.4,5.7,0.187,13,reviewed,us,us
2014-09-29T00:32:30.210Z,32.5356,86.0217,10,4.1,mb,,110,5.208,1.08,us,usb000sgy4,2014-12-20T00:54:02.040Z,"western Xizang",earthquake,9.5,1.9,0.123,20,reviewed,us,us
2014-09-30T17:38:23.610Z,7.8676,93.9861,29.28,4.4,mb,,211,3.94,1.24,us,usb000skpc,2014-12-20T00:54:04.040Z,"263 km NW of Sabang, Indonesia",earthquake,7.6,9.3,0.269,4,reviewed,us,us
2014-10-01T18:52:43.750Z,30.4289,82.1111,44.3,4.2,mb,,163,7.847,0.99,us,usb000skrn,2014-12-23T01:41:57.040Z,"91 km E of Burang, China",earthquake,10.2,8.4,0.124,22,reviewed,us,us
2014-10-03T03:48:44.910Z,10.5141,92.0977,30.65,4.3,mb,,196,1.299,0.65,us,usb000smdp,2014-12-23T01:41:59.040Z,"145 km SSW of Port Blair, India",earthquake,11.8,6.4,0.216,10,reviewed,us,us
2014-10-06T14:10:21.210Z,14.2611,93.1258,35.18,4.6,mb,,75,2.616,0.54,us,usb000snd2,2014-12-23T01:42:05.040Z,"286 km N of Bamboo Flat, India",earthquake,8.2,7.6,0.141,21,reviewed,us,us
2014-10-06T19:21:41.350Z,4.2835,94.8166,39.75,4.4,mb,,203,2.321,0.8,us,usb000snd9,2014-12-23T01:42:05.040Z,"146 km W of Meulaboh, Indonesia",earthquake,12.2,11.6,0.239,6,reviewed,us,us
2014-10-08T00:22:53.570Z,10.8841,92.7316,49.34,4,mb,,217,0.766,0.88,us,usb000sngr,2015-01-06T23:49:46.040Z,"86 km S of Port Blair, India",earthquake,15.1,11.6,0.519,5,reviewed,us,us
2014-10-08T11:06:26.460Z,7.461,94.2304,23.35,4.7,mb,,54,3.494,0.83,us,usb000snh4,2015-01-06T23:49:47.040Z,"211 km NW of Sabang, Indonesia",earthquake,8.3,4.6,0.11,29,reviewed,us,us
2014-10-08T11:15:39.400Z,5.3788,94.253,35,4.6,mb,,171,2.687,0.95,us,usb000sjxu,2015-01-06T23:49:47.040Z,"121 km W of Banda Aceh, Indonesia",earthquake,6.5,2,0.116,26,reviewed,us,us
2014-10-08T12:42:40.590Z,7.5686,94.3374,10,4.3,mb,,182,3.482,0.66,us,usb000snh6,2015-01-06T23:49:47.040Z,"214 km NNW of Sabang, Indonesia",earthquake,10.8,2,0.217,9,reviewed,us,us
2014-10-09T01:41:20.090Z,14.0353,93.0968,32.52,4.4,mb,,102,7.13,0.89,us,usb000spfj,2015-01-06T23:49:47.040Z,"261 km N of Bamboo Flat, India",earthquake,9.9,6.4,0.219,8,reviewed,us,us
2014-10-09T10:03:28.490Z,18.2953,95.2938,59.14,4.5,mb,,98,3.469,1.01,us,usb000sk7j,2015-01-06T23:49:48.040Z,"Myanmar",earthquake,12,4.2,0.156,17,reviewed,us,us
2014-10-09T20:34:41.600Z,7.6062,94.5076,30.32,4.6,mb,,65,3.384,0.76,us,usb000skeu,2015-01-06T23:49:48.040Z,"209 km NNW of Sabang, Indonesia",earthquake,7.7,4.3,0.1,35,reviewed,us,us
2014-10-10T05:05:53.460Z,5.492,94.7665,96.26,4.2,mb,,186,2.186,0.82,us,usb000spr5,2015-01-06T23:49:49.040Z,"63 km W of Banda Aceh, Indonesia",earthquake,12.1,10.8,0.187,9,reviewed,us,us
2014-10-10T11:18:45.240Z,4.9262,93.8982,10,4.3,mb,,177,3.052,0.84,us,usb000sprs,2015-01-06T23:49:49.040Z,"173 km WSW of Banda Aceh, Indonesia",earthquake,10.4,2,0.201,7,reviewed,us,us
2014-10-10T21:49:37.690Z,34.3271,79.1521,45.27,4,mb,,124,4.934,1.15,us,usb000sps1,2015-01-06T23:49:50.040Z,"145 km E of Leh, India",earthquake,8.6,8.7,0.173,10,reviewed,us,us
2014-10-11T01:59:59.120Z,4.5292,94.8435,29.75,4.3,mb,,179,2.208,0.72,us,usb000sq06,2015-01-06T23:49:50.040Z,"124 km SSW of Banda Aceh, Indonesia",earthquake,11.1,7.3,0.375,8,reviewed,us,us
2014-10-11T06:06:36.130Z,5.9556,94.319,72.24,4.6,mb,,132,2.713,0.27,us,usb000sq0k,2015-01-06T23:49:50.040Z,"110 km W of Sabang, Indonesia",earthquake,10.8,7.9,0.206,9,reviewed,us,us
2014-10-11T08:13:37.870Z,34.3887,79.2005,35,4.5,mb,,115,4.98,0.59,us,usb000sl0g,2015-01-06T23:49:51.040Z,"150 km E of Leh, India",earthquake,8.5,2,0.131,19,reviewed,us,us
2014-10-11T16:09:13.150Z,7.3967,94.3768,35,4.5,mb,,108,3.341,0.83,us,usb000sl3f,2015-01-06T23:49:51.040Z,"196 km NNW of Sabang, Indonesia",earthquake,12.3,2,0.172,12,reviewed,us,us
2014-10-11T20:36:30.520Z,7.328,94.3262,27.7,4.5,mb,,172,3.337,0.74,us,usb000sq0t,2015-01-06T23:49:51.040Z,"193 km NW of Sabang, Indonesia",earthquake,9,6.3,0.116,25,reviewed,us,us
2014-10-12T03:32:46.310Z,12.8728,93.8655,136.26,4.9,mb,,19,1.632,0.8,us,usb000sl7f,2025-12-22T16:49:49.383Z,"180 km NE of Bamboo Flat, India",earthquake,7.5,4.1,0.054,127,reviewed,us,us
2014-10-13T00:37:26.190Z,7.6132,94.5216,35,4.3,mb,,184,3.379,0.92,us,usb000sqe4,2015-01-06T23:49:54.040Z,"209 km NNW of Sabang, Indonesia",earthquake,10,2,0.142,15,reviewed,us,us
2014-10-13T13:55:07.530Z,5.0804,95.9419,40.97,4.3,mb,,154,1.012,0.71,us,usb000sqdf,2015-01-06T23:49:55.040Z,"33 km S of Sigli, Indonesia",earthquake,8.2,9.6,0.239,8,reviewed,us,us
2014-10-13T17:21:18.190Z,7.392,94.304,23.06,4.7,mb,,78,3.394,0.9,us,usb000slnd,2015-01-06T23:49:55.040Z,"200 km NW of Sabang, Indonesia",earthquake,11.6,5.7,0.126,22,reviewed,us,us
2014-10-13T17:28:26.650Z,7.2174,94.093,37.34,4,mb,,199,3.457,1.25,us,usb000sqdv,2015-01-06T23:49:55.040Z,"199 km NW of Sabang, Indonesia",earthquake,4.6,11,0.231,7,reviewed,us,us
2014-10-14T03:32:59.080Z,7.5258,94.4428,37.18,4.5,mb,,51,3.376,0.6,us,usb000slwl,2015-01-06T23:49:56.040Z,"205 km NNW of Sabang, Indonesia",earthquake,10.2,6.1,0.121,26,reviewed,us,us
2014-10-14T07:56:54.550Z,7.5897,94.4737,10,4.2,mb,,208,3.397,0.72,us,usb000sr4j,2015-01-06T23:49:56.040Z,"209 km NNW of Sabang, Indonesia",earthquake,7.9,2,0.216,7,reviewed,us,us
2014-10-14T08:23:54.380Z,7.4337,94.3533,20.5,4.3,mb,,196,6.548,0.63,us,usb000sr4c,2015-01-06T23:49:56.040Z,"201 km NNW of Sabang, Indonesia",earthquake,11.2,9.4,0.187,9,reviewed,us,us
2014-10-14T18:36:06.270Z,7.5569,94.2408,10,5,mb,,32,3.547,0.84,us,usb000sm3q,2025-12-22T16:49:50.140Z,"Nicobar Islands, India region",earthquake,7.6,1.8,0.06,95,reviewed,us,us
2014-10-17T18:48:55.900Z,7.3955,94.2754,34.2,4.4,mb,,189,3.418,0.99,us,usb000srq9,2015-01-15T20:03:30.040Z,"202 km NW of Sabang, Indonesia",earthquake,11.3,5.4,0.19,9,reviewed,us,us
2014-10-17T23:32:49.180Z,7.5479,94.5951,42.97,4.7,mb,,38,3.282,0.73,us,usb000snpy,2015-01-15T20:03:30.040Z,"199 km NNW of Sabang, Indonesia",earthquake,5.9,6.4,0.081,50,reviewed,us,us
2014-10-18T01:22:40.260Z,7.5574,94.699,60.6,4.2,mb,,93,3.216,0.94,us,usb000ss00,2015-01-15T20:03:30.040Z,"196 km NNW of Sabang, Indonesia",earthquake,7.9,8.2,0.215,15,reviewed,us,us
2014-10-18T04:28:51.800Z,7.4962,94.33,7.05,4.2,mb,,188,3.44,0.31,us,usb000srzk,2015-01-15T20:03:31.040Z,"208 km NNW of Sabang, Indonesia",earthquake,9.9,6.6,0.236,8,reviewed,us,us
2014-10-18T09:47:45.640Z,7.6598,94.4064,10,4.7,mb,,71,3.493,0.82,us,usb000snsi,2015-01-15T20:03:31.040Z,"220 km NNW of Sabang, Indonesia",earthquake,8.5,1.8,0.102,34,reviewed,us,us
2014-10-18T09:57:12.130Z,7.6597,94.5227,45.91,4.6,mb,,126,6.526,0.6,us,usb000ss08,2015-01-15T20:03:31.040Z,"214 km NNW of Sabang, Indonesia",earthquake,5.2,9.7,0.158,12,reviewed,us,us
2014-10-18T10:10:56.530Z,7.6165,94.5896,41.02,4.6,mb,,86,3.334,0.58,us,usb000srzn,2015-01-15T20:03:31.040Z,"207 km NNW of Sabang, Indonesia",earthquake,5,7.3,0.122,23,reviewed,us,us
2014-10-18T13:59:41.940Z,6.9551,92.3706,31.9,4.7,mb,,59,4.685,0.87,us,usb000sntc,2015-01-15T20:03:31.040Z,"Nicobar Islands, India region",earthquake,7.9,4.9,0.126,22,reviewed,us,us
2014-10-19T00:35:33.200Z,5.3828,94.4111,69.4,4.5,mb,,170,2.53,0.9,us,usb000snxj,2015-01-15T20:03:32.040Z,"103 km W of Banda Aceh, Indonesia",earthquake,9.9,7.6,0.076,56,reviewed,us,us
2014-10-19T08:46:02.020Z,7.4631,94.525,53.71,4.4,mb,,189,3.274,0.52,us,usb000snz4,2015-01-15T20:03:33.040Z,"194 km NNW of Sabang, Indonesia",earthquake,12,10.7,0.117,23,reviewed,us,us
2014-10-21T17:49:33.690Z,7.5957,94.7024,61.48,4.4,mb,,62,3.241,1.41,us,usb000spih,2015-01-15T20:03:37.040Z,"200 km NNW of Sabang, Indonesia",earthquake,9.3,7.5,0.109,28,reviewed,us,us
2014-10-21T20:26:41.810Z,36.0857,78.1864,54.37,4,mb,,112,4.716,1.08,us,usb000spki,2015-01-15T20:03:37.040Z,"142 km SSW of Zangguy, China",earthquake,7.5,7.1,0.196,11,reviewed,us,us
2014-10-23T04:05:35.260Z,34.9154,73.8777,34.56,4.8,mb,,39,1.358,0.42,us,usb000spya,2015-01-17T01:25:33.040Z,"71 km NNE of Muzaffar?b?d, Pakistan",earthquake,3.9,4.2,0.079,57,reviewed,us,us
2014-10-23T23:33:28.280Z,7.4924,94.3858,41.58,4.3,mb,,158,3.396,1.27,us,usc000sulq,2015-01-17T01:25:34.040Z,"204 km NNW of Sabang, Indonesia",earthquake,10.2,10.9,0.178,11,reviewed,us,us
2014-10-24T00:05:26.880Z,23.9814,93.9631,69.37,4.6,mb,,40,2.481,0.86,us,usb000sq85,2015-01-17T01:25:34.040Z,"49 km SE of Chur?ch?ndpur, India",earthquake,8,7.2,0.079,51,reviewed,us,us
2014-10-24T05:11:56.070Z,23.6866,94.6864,108.67,4.6,mb,,63,3.184,0.87,us,usb000sq9d,2015-01-17T01:25:35.040Z,"29 km E of Mawlaik, Myanmar",earthquake,5.9,7.1,0.096,34,reviewed,us,us
2014-10-24T05:56:45.470Z,27.8491,91.8364,10,4.3,mb,,63,1.949,0.84,us,usb000sq9f,2015-01-17T01:25:35.040Z,"31 km NNW of Tawang, India",earthquake,6.3,1.9,0.117,22,reviewed,us,us
2014-10-24T15:25:12.030Z,5.0631,95.1783,87.24,4.5,mb,,177,1.769,0.67,us,usb000sqcy,2015-01-17T01:25:36.040Z,"55 km SSW of Banda Aceh, Indonesia",earthquake,13.3,8.6,0.135,19,reviewed,us,us
2014-10-24T15:26:44.010Z,7.6177,94.2305,45.42,4.5,mb,,179,3.594,0.96,us,usc000suzy,2015-01-17T01:25:36.040Z,"225 km NNW of Sabang, Indonesia",earthquake,13.9,10.8,0.157,12,reviewed,us,us
2014-10-24T17:23:49.890Z,7.4067,94.2272,11.38,4.7,mb,,81,3.462,0.82,us,usb000sqek,2015-01-17T01:25:36.040Z,"206 km NW of Sabang, Indonesia",earthquake,9.2,4.6,0.085,45,reviewed,us,us
2014-10-26T02:56:20.520Z,7.1484,94.2304,10,4.3,mb,,82,3.306,1.2,us,usb000sqp4,2015-01-17T01:25:39.040Z,"183 km NW of Sabang, Indonesia",earthquake,10.4,1.9,0.133,34,reviewed,us,us
2014-10-26T02:58:44.360Z,7.5323,94.412,10,4.7,mb,,39,3.403,0.8,us,usb000sqp2,2025-12-22T17:00:58.440Z,"207 km NNW of Sabang, Indonesia",earthquake,7.5,1.8,0.104,58,reviewed,us,us
2014-10-26T05:13:40.400Z,34.4211,68.9861,9.54,3.7,mb,,133,0.128,0.41,us,usb000sqt0,2022-07-27T05:58:23.249Z,"11 km ENE of Maydanshakhr, Afghanistan",earthquake,8.3,6.1,0.292,3,reviewed,us,us
2014-10-26T22:07:15.240Z,7.4901,94.1879,18.94,4.7,mb,,85,3.545,0.58,us,usb000sqsx,2022-05-03T17:05:17.600Z,"216 km NW of Sabang, Indonesia",earthquake,7.7,5,0.112,25,reviewed,us,us
2014-10-27T14:06:41.690Z,7.3712,94.4289,10,4.4,mb,,46,3.285,0.46,us,usb000sqvi,2015-01-17T01:25:41.040Z,"190 km NNW of Sabang, Indonesia",earthquake,9.8,1.9,0.112,31,reviewed,us,us
2014-10-27T14:33:47.490Z,17.5671,94.343,38.31,4.4,mb,,176,3.851,0.33,us,usc000sver,2015-01-17T01:25:41.040Z,"96 km NNW of Pathein, Myanmar",earthquake,11.6,8,0.179,13,reviewed,us,us
2014-10-28T16:22:40.730Z,7.2636,94.138,38.7,4.5,mb,,103,6.84,0.71,us,usc000sw1x,2015-01-17T01:25:43.040Z,"200 km NW of Sabang, Indonesia",earthquake,13.1,8.4,0.18,12,reviewed,us,us
2014-10-29T00:02:59.940Z,7.4833,94.4399,35,4.3,mb,,197,3.35,0.84,us,usc000swbe,2015-01-20T09:02:58.040Z,"201 km NNW of Sabang, Indonesia",earthquake,8.8,2,0.202,8,reviewed,us,us
2014-10-29T13:57:16.430Z,31.0958,86.5364,29.52,4.3,mb,,153,4.201,0.41,us,usc000swaw,2015-01-20T09:03:00.040Z,"233 km NNE of Saga, China",earthquake,10.8,5.6,0.217,8,reviewed,us,us
2014-11-01T00:11:00.580Z,7.408,94.2069,10,4.5,mb,,46,3.479,0.71,us,usc000sta5,2015-01-20T09:03:07.040Z,"207 km NW of Sabang, Indonesia",earthquake,8.4,1.9,0.097,35,reviewed,us,us
2014-11-01T16:58:34.980Z,7.3792,94.2778,51.86,4.3,mb,,191,4.51,0.97,us,usc000swze,2015-01-20T09:03:09.040Z,"200 km NW of Sabang, Indonesia",earthquake,13.6,13.9,0.266,4,reviewed,us,us
2014-11-02T00:58:10.580Z,7.3939,94.3027,30.29,4.5,mb,,178,3.396,0.5,us,usc000stfi,2015-01-20T09:03:09.040Z,"200 km NW of Sabang, Indonesia",earthquake,10.2,6.6,0.1,32,reviewed,us,us
2014-11-02T05:41:04.300Z,26.7052,94.045,57.37,4.3,mb,,56,2.27,0.66,us,usc000sx9z,2015-01-20T09:03:10.040Z,"7 km E of Dergaon, India",earthquake,7.3,4.8,0.154,15,reviewed,us,us
2014-11-02T11:37:31.210Z,7.5659,94.5962,10,4,mb,,198,3.293,1.27,us,usc000sxau,2015-01-20T09:03:11.040Z,"201 km NNW of Sabang, Indonesia",earthquake,8.9,1.9,0.26,5,reviewed,us,us
2014-11-02T11:38:21.300Z,7.4705,94.3464,29.8,4.6,mb,,56,3.411,0.6,us,usc000sthl,2015-01-20T09:03:11.040Z,"205 km NNW of Sabang, Indonesia",earthquake,6.5,4.5,0.099,35,reviewed,us,us
2014-11-02T12:12:12.710Z,7.6281,94.6309,10,4.4,mb,,179,3.313,0.96,us,usc000sxal,2015-01-20T09:03:11.040Z,"206 km NNW of Sabang, Indonesia",earthquake,5.9,1.9,0.149,15,reviewed,us,us
2014-11-02T19:20:31.670Z,7.7597,94.6198,15.61,4.4,mb,,139,3.416,1.15,us,usc000sxb2,2015-01-20T09:03:12.040Z,"220 km NNW of Sabang, Indonesia",earthquake,9.5,5.4,0.17,10,reviewed,us,us
2014-11-02T20:14:11.050Z,7.4329,94.5724,52.32,4.1,mb,,181,3.219,1,us,usc000sxac,2015-01-20T09:03:12.040Z,"189 km NNW of Sabang, Indonesia",earthquake,12.6,9.9,0.234,6,reviewed,us,us
2014-11-03T18:30:44.030Z,7.385,94.4001,41.96,4.4,mb,,210,3.316,0.96,us,usc000sxbe,2015-01-20T09:03:15.040Z,"193 km NNW of Sabang, Indonesia",earthquake,7,14.7,0.268,5,reviewed,us,us
2014-11-03T19:06:23.460Z,16.0932,86.0768,15.79,4.4,mb,,86,7.833,0.6,us,usc000sxc9,2015-01-20T09:03:15.040Z,"Bay of Bengal",earthquake,11.5,4.9,0.155,16,reviewed,us,us
2014-11-04T03:52:21.440Z,7.6514,94.752,48.65,4.4,mb,,144,3.248,0.83,us,usc000stts,2015-01-20T09:03:16.040Z,"204 km NNW of Sabang, Indonesia",earthquake,6.7,7.7,0.162,15,reviewed,us,us
2014-11-04T05:36:16.560Z,7.3012,94.1892,10,4.5,mb,,184,3.428,0.77,us,usc000sy3z,2015-01-20T09:03:16.040Z,"199 km NW of Sabang, Indonesia",earthquake,8.8,1.9,0.191,9,reviewed,us,us
2014-11-05T09:29:14.060Z,7.7506,94.5586,10,4.2,mb,,88,3.45,0.47,us,usc000syf9,2015-01-31T02:50:01.040Z,"222 km NNW of Sabang, Indonesia",earthquake,9.3,1.9,0.236,5,reviewed,us,us
2014-11-06T15:46:20.400Z,7.4197,94.3316,28.75,5.3,mb,,31,3.39,0.91,us,usc000suzb,2025-12-22T17:01:18.048Z,"201 km NNW of Sabang, Indonesia",earthquake,5.9,3.3,0.048,154,reviewed,us,us
2014-11-06T22:00:02.230Z,7.3431,94.1963,10,4.5,mb,,53,3.448,0.88,us,usc000sv6r,2015-01-31T02:50:05.040Z,"202 km NW of Sabang, Indonesia",earthquake,8,1.8,0.087,44,reviewed,us,us
2014-11-07T00:20:47.170Z,4.78,95.0654,39,5.5,mww,,21,1.927,1.08,us,usc000sv89,2022-07-27T06:44:15.749Z,"89 km SSW of Banda Aceh, Indonesia",earthquake,6.3,1.5,,,reviewed,us,us
2014-11-07T02:46:56.170Z,4.8082,94.9602,35,4.6,mb,,85,2.023,1.04,us,usc000sv91,2015-01-31T02:50:06.040Z,"91 km SSW of Banda Aceh, Indonesia",earthquake,7.8,1.9,0.114,41,reviewed,us,us
2014-11-07T05:13:32.680Z,7.765,94.6493,27.42,4.3,mb,,155,3.4,0.59,us,usc000sywr,2015-01-31T02:50:06.040Z,"220 km NNW of Sabang, Indonesia",earthquake,12.9,5.1,0.168,11,reviewed,us,us
2014-11-07T07:29:39.820Z,6.7483,93.3762,40.44,4.4,mb,,193,3.859,0.57,us,usc000sywn,2015-01-31T02:50:07.040Z,"234 km WNW of Sabang, Indonesia",earthquake,14.7,12.9,0.203,7,reviewed,us,us
2014-11-07T20:24:59.600Z,7.5576,94.4271,9.04,4.2,mb,,178,6.58,0.34,us,usc000syxn,2015-01-31T02:50:08.040Z,"209 km NNW of Sabang, Indonesia",earthquake,15.1,7.1,0.374,3,reviewed,us,us
2014-11-08T03:18:04.960Z,7.0473,93.8879,10,4.1,mb,,207,3.537,1.27,us,usb000sy88,2015-01-31T02:50:09.040Z,"203 km NW of Sabang, Indonesia",earthquake,13.4,2,0.234,9,reviewed,us,us
2014-11-08T17:06:46.170Z,24.8777,96.298,66.19,4.8,mb,,86,4.081,0.61,us,usc000svpv,2015-01-31T02:50:11.040Z,"117 km NW of Bhamo, Myanmar",earthquake,5.1,6.6,0.071,65,reviewed,us,us
2014-11-08T17:44:45.170Z,34.681,81.3092,34.41,4.1,mb,,119,6.743,1.16,us,usc000svpz,2015-01-31T02:50:11.040Z,"western Xizang",earthquake,8.4,4.5,0.151,18,reviewed,us,us
2014-11-08T18:19:39.990Z,24.8744,94.866,87.48,4.8,mb,,29,2.812,0.79,us,usc000svq2,2015-01-31T02:50:11.040Z,"85 km ENE of Yairipok, India",earthquake,5.6,5.7,0.059,96,reviewed,us,us
2014-11-09T11:43:12.800Z,7.2213,94.1815,10,4.5,mb,,108,3.387,0.59,us,usc000svty,2015-01-31T02:50:13.040Z,"193 km NW of Sabang, Indonesia",earthquake,7,1.9,0.096,39,reviewed,us,us
2014-11-10T10:34:29.100Z,19.4662,94.9167,67.46,4.6,mb,,61,3.862,0.82,us,usc000svzk,2022-07-27T07:20:31.299Z,"32 km WNW of Thayetmyo, Myanmar",earthquake,8.8,1.5,0.151,20,reviewed,us,us
2014-11-10T21:47:12.720Z,7.3739,94.3992,10,4.4,mb,,96,3.309,1.44,us,usc000sw4i,2015-01-31T02:50:16.040Z,"192 km NNW of Sabang, Indonesia",earthquake,5.6,1.9,0.117,23,reviewed,us,us
2014-11-11T03:48:09.550Z,7.4008,94.4044,10,4.4,mb,,163,6.49,0.31,us,usb000sytv,2015-01-31T02:50:17.040Z,"195 km NNW of Sabang, Indonesia",earthquake,8.2,1.9,0.17,11,reviewed,us,us
2014-11-11T04:57:22.770Z,7.5495,94.4594,10,4.2,mb,,204,3.38,0.52,us,usb000syt4,2015-01-31T02:50:17.040Z,"206 km NNW of Sabang, Indonesia",earthquake,15.7,2,0.235,6,reviewed,us,us
2014-11-11T05:04:42.180Z,7.5806,94.361,10,5.1,mb,,72,3.473,0.83,us,usc000sw6s,2025-12-22T16:49:56.355Z,"214 km NNW of Sabang, Indonesia",earthquake,8.6,1.8,0.081,52,reviewed,us,us
2014-11-11T05:38:41.440Z,7.5896,94.3856,10,4.6,mb,,95,3.461,1.29,us,usb000syt9,2015-01-31T02:50:17.040Z,"214 km NNW of Sabang, Indonesia",earthquake,10.2,1.5,0.157,13,reviewed,us,us
2014-11-11T07:41:44.990Z,7.7007,94.5157,10,4.7,mb,,62,3.445,0.92,us,usc000sw7h,2015-01-31T02:50:17.040Z,"218 km NNW of Sabang, Indonesia",earthquake,5.2,1.9,0.093,38,reviewed,us,us
2014-11-11T07:50:07.740Z,7.4608,94.3042,8,5.3,mwb,,38,3.437,0.87,us,usc000sw7i,2025-12-22T17:13:35.220Z,"206 km NNW of Sabang, Indonesia",earthquake,6.9,1.7,0.066,22,reviewed,us,us
2014-11-11T08:04:35.670Z,7.4484,94.1965,10,5.1,mb,,46,3.512,0.76,us,usc000sw7k,2022-05-03T17:06:16.718Z,"212 km NW of Sabang, Indonesia",earthquake,5,1.7,0.068,75,reviewed,us,us
2014-11-11T08:40:18.250Z,7.7587,94.637,10,4.4,mb,,178,3.403,0.55,us,usb000syt6,2015-01-31T02:50:17.040Z,"219 km NNW of Sabang, Indonesia",earthquake,14.6,1.9,0.139,15,reviewed,us,us
2014-11-11T10:54:31.260Z,7.2996,93.9834,10,4.3,mb,,200,3.593,1.16,us,usb000syty,2015-01-31T02:50:17.040Z,"214 km NW of Sabang, Indonesia",earthquake,6.2,2,0.217,7,reviewed,us,us
2014-11-11T13:42:21.700Z,7.5236,94.2536,10,4.4,mb,,201,3.516,0.54,us,usb000sytx,2015-01-31T02:50:18.040Z,"215 km NNW of Sabang, Indonesia",earthquake,9.4,2,0.189,9,reviewed,us,us
2014-11-11T15:24:37.050Z,7.6197,94.4715,26.43,4.6,mb,,54,3.419,0.74,us,usc000swa3,2015-01-31T02:50:18.040Z,"212 km NNW of Sabang, Indonesia",earthquake,9.8,5.1,0.091,41,reviewed,us,us
2014-11-11T18:35:50.430Z,23.5981,94.0857,71.86,4.7,mb,,158,2.821,0.71,us,usb000sytb,2015-01-31T02:50:18.040Z,"32 km W of Mawlaik, Myanmar",earthquake,12.1,10.6,0.167,14,reviewed,us,us
2014-11-11T19:22:17.320Z,7.3328,94.3588,25.47,4.2,mb,,143,3.314,0.76,us,usb000syte,2015-01-31T02:50:18.040Z,"191 km NNW of Sabang, Indonesia",earthquake,7.6,7.2,0.2,8,reviewed,us,us
2014-11-13T08:49:20.150Z,4.7499,95.0126,35,4.9,mb,,85,1.985,0.7,us,usc000swvx,2015-02-12T01:42:38.040Z,"94 km SSW of Banda Aceh, Indonesia",earthquake,8.8,1.9,0.073,65,reviewed,us,us
2014-11-13T21:29:29.760Z,24.8093,95.2728,129.63,4.4,mb,,114,3.186,0.64,us,usb000t0gn,2015-02-12T01:42:40.040Z,"122 km SE of Phek, India",earthquake,5.1,8.1,0.11,27,reviewed,us,us
2014-11-14T21:19:37.130Z,7.3769,94.31,10,4.5,mb,,112,3.38,0.96,us,usc000sxfa,2015-02-12T01:42:42.040Z,"198 km NW of Sabang, Indonesia",earthquake,5.8,1.9,0.099,33,reviewed,us,us
2014-11-15T01:07:29.830Z,6.7502,93.8782,21.57,4,mb,,205,3.406,0.86,us,usb000t0r9,2015-02-12T01:42:44.040Z,"185 km WNW of Sabang, Indonesia",earthquake,15.8,6.7,0.3,5,reviewed,us,us
2014-11-16T20:33:34.210Z,24.0419,93.581,60.62,4.3,mb,,156,2.182,0.82,us,usc000sxxk,2015-02-12T01:42:51.040Z,"33 km SSW of Chur?ch?ndpur, India",earthquake,13.3,9.6,0.187,13,reviewed,us,us
2014-11-17T01:25:28.970Z,29.4653,70.1163,26.39,4.4,mb,,109,4.964,1,us,usc000sy0f,2015-02-12T01:42:52.040Z,"27 km WSW of Dajal, Pakistan",earthquake,5.5,5.8,0.12,21,reviewed,us,us
2014-11-17T02:06:37.150Z,27.5222,90.3078,31.87,4.2,mb,,153,2.289,0.41,us,usb000t235,2015-02-12T01:42:52.040Z,"19 km W of Trongsa, Bhutan",earthquake,10.6,6,0.186,10,reviewed,us,us
2014-11-17T02:33:35.230Z,8.0524,94.8639,10,4.4,mb,,168,6.367,0.73,us,usb000t24w,2015-02-12T01:42:52.040Z,"244 km NNW of Sabang, Indonesia",earthquake,15.9,1.9,0.267,4,reviewed,us,us
2014-11-17T04:34:12.360Z,20.7795,94.4211,66,5.3,mwb,,18,3.634,1,us,usc000sy0y,2025-12-22T17:01:32.389Z,"43 km WSW of Chauk, Myanmar",earthquake,7.3,1.8,0.11,8,reviewed,us,us
2014-11-17T05:08:09.560Z,7.6114,94.3569,10,4.8,mb,,60,3.496,0.72,us,usc000sy1k,2015-02-12T01:42:53.040Z,"217 km NNW of Sabang, Indonesia",earthquake,9.5,1.8,0.084,48,reviewed,us,us
2014-11-17T08:59:44.000Z,35.359,77.1167,35,4.4,mb,,97,3.605,0.92,us,usc000sy2n,2015-02-12T01:42:53.040Z,"56 km NNE of Thang, India",earthquake,5.1,2,0.144,17,reviewed,us,us
2014-11-18T03:25:37.490Z,7.484,94.359,6.61,5.6,mww,,23,3.411,0.43,us,usc000syca,2022-05-03T18:20:07.341Z,"205 km NNW of Sabang, Indonesia",earthquake,7.8,2.9,,,reviewed,us,us
2014-11-18T06:06:24.960Z,7.4528,94.3818,10,5.2,mb,,52,3.373,1.06,us,usc000syd1,2025-12-22T17:01:37.423Z,"201 km NNW of Sabang, Indonesia",earthquake,7.6,1.8,0.064,83,reviewed,us,us
2014-11-18T06:12:03.740Z,7.3994,94.3178,10,4.6,mb,,59,3.388,0.94,us,usc000syd3,2015-02-12T01:42:58.040Z,"200 km NNW of Sabang, Indonesia",earthquake,8.9,1.8,0.112,35,reviewed,us,us
2014-11-18T06:36:33.340Z,7.5218,94.5221,10,4.3,mb,,194,3.316,0.34,us,usb000t27v,2015-02-12T01:42:58.040Z,"200 km NNW of Sabang, Indonesia",earthquake,15.9,2,0.237,8,reviewed,us,us
2014-11-18T15:55:32.580Z,32.9378,76.059,60.82,4.3,mb,,115,2.442,1.07,us,usc000syhy,2015-02-12T01:42:59.040Z,"32 km E of Bhadarw?h, India",earthquake,9.3,7.8,0.147,18,reviewed,us,us
2014-11-20T02:52:01.930Z,7.5627,94.4259,35,4.4,mb,,88,3.413,0.63,us,usc000t3qp,2015-02-18T03:30:47.040Z,"209 km NNW of Sabang, Indonesia",earthquake,10.7,2,0.12,23,reviewed,us,us
2014-11-20T06:05:45.990Z,7.4278,94.3335,27.22,5,mb,,44,3.394,0.79,us,usb000sy5x,2015-02-18T03:30:47.040Z,"201 km NNW of Sabang, Indonesia",earthquake,8.9,3.8,0.061,93,reviewed,us,us
2014-11-20T18:14:37.790Z,23.5081,93.5148,49,5.6,mwb,,10,2.546,0.78,us,usb000sybr,2022-07-27T08:17:12.248Z,"42 km ENE of Khawhai, India",earthquake,7.3,1.8,0.049,40,reviewed,us,us
2014-11-20T22:45:24.230Z,23.4809,93.4722,63.57,4.1,mb,,138,2.545,0.53,us,usb000sye7,2015-02-18T03:30:48.040Z,"36 km ENE of Khawhai, India",earthquake,11.5,10.3,0.123,20,reviewed,us,us
2014-11-21T16:11:16.370Z,23.5043,93.5255,67.72,4.6,mb,,122,2.555,0.69,us,usb000syke,2015-02-18T03:30:51.040Z,"42 km ENE of Khawhai, India",earthquake,11.2,8.3,0.108,28,reviewed,us,us
2014-11-21T22:45:36.370Z,34.4008,79.0039,36.66,4.3,mb,,95,4.821,1.03,us,usb000syre,2015-02-18T03:30:52.040Z,"133 km E of Leh, India",earthquake,7.4,6.4,0.099,34,reviewed,us,us
2014-11-22T10:49:29.640Z,7.248,94.442,35,4.5,mb,,182,6.355,0.49,us,usc000t40z,2015-02-18T03:30:53.040Z,"178 km NNW of Sabang, Indonesia",earthquake,8.1,2,0.27,5,reviewed,us,us
2014-11-23T10:45:27.990Z,23.8065,93.7677,65.96,4.5,mb,,164,2.468,0.48,us,usc000t424,2015-02-18T03:30:55.040Z,"59 km S of Chur?ch?ndpur, India",earthquake,13.1,13.1,0.241,8,reviewed,us,us
2014-11-24T22:04:05.290Z,30.24,67.5154,18.29,4.5,mb,,96,4.478,0.82,us,usb000szpg,2015-02-18T03:30:58.040Z,"Pakistan",earthquake,7.1,3.6,0.098,31,reviewed,us,us
2014-11-25T15:49:07.720Z,28.2061,84.7414,21.05,4.4,mb,,135,5.79,0.68,us,usb000szw6,2015-02-18T03:30:59.040Z,"65 km NNE of Bharatpur, Nepal",earthquake,10,5.1,0.085,47,reviewed,us,us
2014-11-26T05:07:34.140Z,7.8725,95.2648,83.43,4.4,mb,,150,5.932,0.68,us,usc000t57h,2015-02-24T00:35:04.040Z,"219 km N of Sabang, Indonesia",earthquake,15.4,8.6,0.219,6,reviewed,us,us
2014-11-26T08:04:49.460Z,7.364,94.4622,23.56,4.3,mb,,177,6.423,0.44,us,usc000t56a,2015-02-24T00:35:05.040Z,"188 km NNW of Sabang, Indonesia",earthquake,15.8,7.7,0.177,10,reviewed,us,us
2014-11-26T15:56:40.590Z,21.1981,93.7431,60.4,4.2,mb,,202,4.382,0.36,us,usc000t571,2015-02-24T00:35:06.040Z,"116 km WNW of Chauk, Myanmar",earthquake,14.2,11.5,0.236,6,reviewed,us,us
2014-11-26T19:28:48.960Z,34.2075,83.5541,10,4.5,mb,,131,7.845,0.59,us,usc000t56f,2015-02-24T00:35:06.040Z,"western Xizang",earthquake,10.1,1.6,0.127,18,reviewed,us,us
2014-11-27T11:17:29.720Z,22.1044,95.8985,22.23,4.1,mb,,160,3.382,0.49,us,usc000t5kf,2022-07-27T13:54:05.536Z,"23 km NW of Mandalay, Myanmar",earthquake,10.7,4.6,0.234,7,reviewed,us,us
2014-11-28T01:18:45.610Z,12.5135,92.7957,43.76,5.3,mb,,24,0.854,0.64,us,usb000t0sq,2022-07-27T08:58:31.772Z,"90 km N of Bamboo Flat, India",earthquake,7,4.2,0.048,170,reviewed,us,us
2014-11-29T18:01:01.570Z,11.1086,93.6105,128.58,4.6,mb,,138,1.008,0.78,us,usb000t17l,2015-02-24T00:35:12.040Z,"112 km ESE of Port Blair, India",earthquake,9.5,6.1,0.076,56,reviewed,us,us
2014-11-30T02:51:12.240Z,35.696,78.0392,10,4,mb,,193,4.429,1.1,us,usc000t6sv,2015-02-24T00:35:13.040Z,"141 km NE of Thang, India",earthquake,12.1,1.9,0.232,7,reviewed,us,us
2014-12-04T23:53:51.870Z,26.886,92.6206,53.1,4.6,mb,,61,1.482,0.73,us,usc000t3w5,2022-07-27T09:35:33.509Z,"7 km NW of Rang?p?ra, India",earthquake,4.4,6.5,0.047,136,reviewed,us,us
2014-12-06T04:27:42.580Z,30.6685,80.0267,10,4.1,mb,,175,6.455,1.36,us,usc000t88g,2015-02-28T02:16:10.040Z,"western Xizang-India border region",earthquake,9.6,1.9,0.521,3,reviewed,us,us
2014-12-08T05:39:01.540Z,11.8283,93.5972,126.47,4.5,mb,,103,0.853,0.62,us,usc000t4jd,2015-02-28T02:16:13.040Z,"94 km E of Port Blair, India",earthquake,12.1,9,0.164,11,reviewed,us,us
2014-12-10T14:44:46.300Z,24.401,94.5466,84.1,4.2,mb,,153,2.703,0.79,us,usc000t9r6,2015-03-04T21:54:54.040Z,"53 km ESE of W?ngjing, India",earthquake,7.9,9.7,0.153,15,reviewed,us,us
2014-12-10T23:38:08.580Z,7.5472,94.419,10,4.3,mb,,162,3.408,0.71,us,usc000t9ra,2015-03-04T21:54:57.040Z,"208 km NNW of Sabang, Indonesia",earthquake,7.9,2,0.187,9,reviewed,us,us
2014-12-11T19:27:36.410Z,24.405,94.5261,79.9,4.7,mb,,108,2.684,0.64,us,usc000t9t1,2015-03-04T21:54:58.040Z,"51 km ESE of W?ngjing, India",earthquake,11.4,8.3,0.129,19,reviewed,us,us
2014-12-18T04:13:22.010Z,7.4751,94.4044,23.06,4.2,mb,,185,3.371,0.38,us,usc000tcpi,2015-03-06T02:59:00.040Z,"202 km NNW of Sabang, Indonesia",earthquake,9.9,8.3,0.16,11,reviewed,us,us
2014-12-18T15:32:12.950Z,27.7395,86.3702,33.6,5,mb,,40,4.612,0.84,us,usc000t7wj,2022-07-27T10:57:44.431Z,"34 km WSW of Namche Bazar, Nepal",earthquake,7.2,4.3,0.054,110,reviewed,us,us
2014-12-18T20:31:46.290Z,7.4311,94.5521,63.4,4.3,mb,,141,3.233,0.8,us,usc000t7zi,2015-03-06T02:59:01.040Z,"190 km NNW of Sabang, Indonesia",earthquake,13,9.6,0.16,12,reviewed,us,us
2014-12-19T02:36:15.090Z,7.4533,94.2726,23.4,4.8,mb,,61,3.456,0.73,us,usc000t84s,2015-03-06T02:59:02.040Z,"207 km NW of Sabang, Indonesia",earthquake,8.5,4.6,0.082,63,reviewed,us,us
2014-12-19T14:39:15.160Z,6.9036,94.7053,35,4.3,mb,,189,2.781,0.62,us,usc000t8ag,2015-03-06T02:59:03.040Z,"130 km NNW of Sabang, Indonesia",earthquake,14.2,2,0.148,13,reviewed,us,us
2014-12-19T14:41:46.490Z,6.9475,94.7191,35,5.3,mb,,53,2.797,1.28,us,usc000t8a1,2022-05-03T17:08:38.823Z,"134 km NNW of Sabang, Indonesia",earthquake,6.5,1.7,0.073,65,reviewed,us,us
2014-12-19T15:48:04.100Z,7.0038,94.8284,35,4.4,mb,,188,2.747,0.7,us,usc000t8ar,2015-03-06T02:59:04.040Z,"134 km NNW of Sabang, Indonesia",earthquake,14.3,2,0.203,7,reviewed,us,us
2014-12-19T23:30:38.340Z,35.5214,74.9357,66.27,4.2,mb,,90,2.318,1.12,us,usc000t8li,2015-03-06T02:59:04.040Z,"68 km WNW of Skardu, Pakistan",earthquake,6.3,11.3,0.175,9,reviewed,us,us
2014-12-21T01:32:00.540Z,30.3573,69.6709,4.22,4.4,mb,,97,4.205,1.12,us,usc000t8t7,2015-03-06T02:59:06.040Z,"52 km NNE of Barkhan, Pakistan",earthquake,9,5.1,0.11,36,reviewed,us,us
2014-12-21T05:37:39.090Z,24.2001,94.6939,99.66,5.1,mb,,24,5.732,0.61,us,usc000t8ua,2025-12-22T17:02:29.296Z,"68 km NNE of Mawlaik, Myanmar",earthquake,8.3,4.9,0.055,112,reviewed,us,us
2014-12-21T05:59:52.120Z,34.91,73.843,41.11,4.2,mb,,74,1.343,0.57,us,usc000t8uj,2015-03-06T02:59:07.040Z,"68 km NNE of Muzaffar?b?d, Pakistan",earthquake,7.3,7.4,0.166,15,reviewed,us,us
2014-12-22T23:24:48.140Z,22.4184,93.0824,48.25,4.4,mb,,107,3.328,0.61,us,usc000t9ae,2015-03-06T02:59:11.040Z,"13 km SE of Saiha, India",earthquake,10.8,9,0.143,15,reviewed,us,us
2014-12-24T05:38:33.440Z,36.2347,75.7881,74.09,4.1,mb,,166,3.305,1.3,us,usc000t9mx,2015-03-17T02:36:52.040Z,"98 km E of Barishal, Pakistan",earthquake,6.3,7.5,0.233,5,reviewed,us,us
2014-12-26T07:08:09.590Z,28.5278,87.3541,57.27,4.9,mb,,62,3.502,0.84,us,usc000ta1g,2015-03-17T02:37:13.040Z,"82 km NE of Lobujya, Nepal",earthquake,8.6,5.3,0.061,87,reviewed,us,us
2014-12-26T10:46:25.570Z,6.9926,95.0049,53.33,4.3,mb,,184,2.607,0.59,us,usc000teb0,2015-03-17T02:37:15.040Z,"126 km NNW of Sabang, Indonesia",earthquake,10.4,8.8,0.154,15,reviewed,us,us
2014-12-26T13:00:09.400Z,6.9411,94.8245,35,4.8,mb,,97,2.711,0.48,us,usc000ta28,2015-03-17T02:37:16.040Z,"128 km NNW of Sabang, Indonesia",earthquake,12.9,2,0.127,21,reviewed,us,us
2014-12-26T17:40:17.070Z,7.5236,94.5363,60.16,4.2,mb,,141,3.307,0.94,us,usc000teb4,2015-03-17T02:37:18.040Z,"200 km NNW of Sabang, Indonesia",earthquake,10.1,9.8,0.136,18,reviewed,us,us
2014-12-26T20:38:40.740Z,7.4602,94.3739,41.59,4.6,mb,,58,3.384,0.77,us,usc000teb8,2015-03-17T02:37:19.040Z,"202 km NNW of Sabang, Indonesia",earthquake,8.9,6.5,0.087,43,reviewed,us,us
2014-12-27T02:02:34.830Z,23.2423,94.908,122.04,4.2,mb,,132,4.836,0.74,us,usc000ta5t,2015-03-17T02:37:23.040Z,"67 km SE of Mawlaik, Myanmar",earthquake,10.7,6.7,0.141,30,reviewed,us,us
2014-12-27T06:37:50.010Z,36.3085,70.8852,124.72,4.1,mb,,111,0.852,0.62,us,usc000ta6j,2015-03-17T02:37:26.040Z,"61 km S of Jurm, Afghanistan",earthquake,5.2,10.5,0.261,4,reviewed,us,us
2014-12-28T01:50:08.090Z,30.5395,69.8556,30.35,4.1,mb,,125,4.048,0.6,us,usc000tac5,2015-03-17T02:37:36.040Z,"77 km NNE of Barkhan, Pakistan",earthquake,9.2,5.3,0.165,12,reviewed,us,us
2014-12-28T17:22:52.590Z,22.6329,94.1131,54.32,4.5,mb,,181,4.882,0.47,us,usc000tg2l,2015-03-17T02:37:44.040Z,"51 km E of Hakha, Myanmar",earthquake,8.8,12.3,0.18,9,reviewed,us,us
2014-12-29T17:26:57.600Z,26.2946,91.6204,45.02,4,mb,,131,0.755,0.68,us,usc000taqh,2022-07-27T11:58:39.837Z,"10 km ENE of H?jo, India",earthquake,8.8,4.9,0.13,16,reviewed,us,us
2014-12-31T16:12:02.950Z,21.9688,93.3698,57.44,4.5,mb,,69,3.84,0.68,us,usc000taym,2015-03-17T02:38:27.040Z,"70 km SE of Saiha, India",earthquake,8.4,6.5,0.099,30,reviewed,us,us
2015-01-02T23:23:20.420Z,22.7664,96.0449,16.27,4.1,mb,,131,3.873,0.7,us,usc000tbct,2015-03-27T07:01:19.040Z,"41 km ENE of Shwebo, Myanmar",earthquake,6.4,5.8,0.145,13,reviewed,us,us
2015-01-05T15:39:33.240Z,24.257,93.6863,61.69,4.2,mb,,171,2.112,0.83,us,usc000th5a,2015-03-27T07:02:01.040Z,"8 km S of Chur?ch?ndpur, India",earthquake,17.2,6,0.371,6,reviewed,us,us
2015-01-05T19:41:44.280Z,28.8652,81.6126,34.47,4.2,mb,,98,8.351,0.79,us,usc000tbwx,2015-03-27T07:02:04.040Z,"9 km WNW of Dailekh, Nepal",earthquake,10.9,4.3,0.124,18,reviewed,us,us
2015-01-05T23:25:38.310Z,32.6654,93.0194,28.18,4.6,mb,,28,3.368,1.23,us,usc000tc0r,2015-03-27T07:02:07.040Z,"160 km NE of Nagqu, China",earthquake,7.6,5.4,0.084,42,reviewed,us,us
2015-01-10T13:06:35.640Z,10.9378,93.5415,123.96,4.6,mb,,175,1.058,0.66,us,usc000tegh,2015-04-10T18:56:28.040Z,"118 km SE of Port Blair, India",earthquake,10.5,8.4,0.123,22,reviewed,us,us
2015-01-11T20:55:33.800Z,36.2717,70.8293,106.01,4.5,mb,,82,0.876,1.34,us,usc000tenk,2015-04-10T18:56:29.040Z,"65 km S of Jurm, Afghanistan",earthquake,7,5.3,0.122,20,reviewed,us,us
2015-01-15T01:33:04.600Z,22.6215,92.6144,50.37,4.3,mb,,144,3.012,0.79,us,usc000tfx6,2015-04-20T15:34:40.040Z,"32 km SSW of Lunglei, India",earthquake,9.6,8.6,0.133,17,reviewed,us,us
2015-01-15T16:57:18.140Z,5.2009,94.3363,44.05,4.7,mb,,108,2.6,0.77,us,usc000tg3x,2015-04-20T15:34:45.040Z,"116 km WSW of Banda Aceh, Indonesia",earthquake,8.6,6.6,0.073,62,reviewed,us,us
2015-01-17T23:30:17.060Z,36.2383,69.6703,133.72,4.4,mb,,56,1.146,1.06,us,usc000tgv9,2015-04-20T16:05:33.040Z,"40 km SSW of Farkh?r, Afghanistan",earthquake,6.6,6.4,0.072,59,reviewed,us,us
2015-01-18T13:09:51.220Z,26.0195,95.5982,78.99,4.2,mb,,110,3.403,0.9,us,usc000tgy8,2015-04-20T16:05:33.040Z,"82 km ESE of Tuensang, India",earthquake,8.8,14.5,0.167,10,reviewed,us,us
2015-01-22T03:42:38.040Z,29.3853,81.0522,40.66,4,mb,,129,7.887,0.79,us,usc000ti3p,2015-04-24T16:54:57.040Z,"17 km NE of Dipayal, Nepal",earthquake,9.2,6.8,0.15,16,reviewed,us,us
2015-01-22T07:43:14.270Z,12.8591,93.048,35,4,mb,,83,1.232,0.52,us,usc000tkcy,2015-04-24T16:55:47.040Z,"Andaman Islands, India region",earthquake,7,2,0.211,7,reviewed,us,us
2015-01-23T00:10:52.350Z,5.2675,96.2029,187,4,mb,,100,0.742,0.73,us,usc000tkxu,2015-04-24T16:55:53.040Z,"10 km WNW of Reuleuet, Indonesia",earthquake,9.1,7.9,0.156,12,reviewed,us,us
2015-01-23T00:29:41.070Z,12.4886,92.8765,33.17,4.2,mb,,177,8.583,0.85,us,usc000tkxl,2015-04-24T16:55:52.040Z,"88 km NNE of Bamboo Flat, India",earthquake,15.9,8,0.176,11,reviewed,us,us
2015-01-24T16:11:42.660Z,25.0231,95.1923,120.19,4.7,mb,,72,5.898,1.06,us,usc000tit8,2015-04-24T16:55:20.040Z,"99 km SE of Phek, India",earthquake,7.6,5.6,0.077,59,reviewed,us,us
2015-01-24T17:19:18.560Z,36.145,70.242,87.51,4,mb,,74,1.014,1,us,usc000titd,2015-04-24T16:55:21.040Z,"58 km SE of Farkh?r, Afghanistan",earthquake,6.8,6.3,0.197,10,reviewed,us,us
2015-01-26T18:29:23.530Z,12.3316,92.7859,29.61,4.4,mb,,83,8.504,0.49,us,usc000tj70,2015-04-24T16:55:43.040Z,"70 km N of Bamboo Flat, India",earthquake,10.4,5.7,0.112,27,reviewed,us,us
2015-01-27T12:41:34.870Z,23.1027,95.9982,38.62,4.2,mb,,126,4.191,1.02,us,usc000tli6,2015-04-24T16:56:12.040Z,"56 km WNW of Mogok, Myanmar",earthquake,9.6,8.8,0.125,20,reviewed,us,us
2015-01-27T13:42:14.520Z,4.6251,96.2158,35.13,4.2,mb,,175,3.567,0.22,us,usc000tlia,2015-04-24T16:56:13.040Z,"54 km N of Meulaboh, Indonesia",earthquake,11,16,0.216,7,reviewed,us,us
2015-01-30T06:37:34.860Z,12.5865,95.2811,10,4.2,mb,,120,2.648,0.58,us,usc000tmgy,2015-05-02T14:05:29.040Z,"294 km ENE of Port Blair, India",earthquake,6.1,1.9,0.187,9,reviewed,us,us
2015-01-31T13:59:45.250Z,28.2987,83.9732,32.41,4.8,mb,,96,6.419,0.82,us,usc000tkl8,2022-07-27T18:09:11.883Z,"3 km N of Pokhara, Nepal",earthquake,9.7,5.3,0.08,54,reviewed,us,us
2015-02-01T16:00:48.230Z,26.4166,93.3551,45.22,4.2,mb,,100,1.592,0.86,us,usc000tkr7,2022-07-27T22:11:33.935Z,"34 km SW of Bok?kh?t, India",earthquake,9.7,7.3,0.124,22,reviewed,us,us
2015-02-04T10:44:16.740Z,32.866,83.4305,10,5.1,mb,,38,8.547,0.73,us,usc000tlgv,2022-05-03T17:12:39.109Z,"western Xizang",earthquake,7.9,1.8,0.053,124,reviewed,us,us
2015-02-07T06:27:19.450Z,32.9159,83.4162,10,4.3,mb,,145,7.333,0.65,us,usc000tmzm,2015-05-04T22:47:46.040Z,"western Xizang",earthquake,9.6,1.9,0.168,11,reviewed,us,us
2015-02-09T00:33:26.480Z,8.8706,92.3705,30.62,4.1,mb,,151,2.791,0.97,us,usb000tp3e,2015-05-04T22:47:49.040Z,"Nicobar Islands, India region",earthquake,12.2,3.5,0.234,6,reviewed,us,us
2015-02-09T14:13:06.360Z,10.1025,92.9256,43.86,4.7,mb,,96,1.553,0.81,us,usc000tncd,2015-05-04T22:47:50.040Z,"174 km S of Port Blair, India",earthquake,8.7,7,0.11,26,reviewed,us,us
2015-02-11T03:30:11.780Z,13.2332,92.3474,20.15,5.1,mwb,,46,8.1,0.47,us,usc000tnwj,2022-07-27T20:22:21.063Z,"174 km NNW of Bamboo Flat, India",earthquake,8.1,3.6,0.061,26,reviewed,us,us
2015-02-12T14:33:07.830Z,23.9982,93.923,65.84,4.8,mb,,66,2.443,0.72,us,usb000tnl7,2025-12-22T17:03:43.134Z,"45 km SE of Chur?ch?ndpur, India",earthquake,3.7,7.8,0.083,48,reviewed,us,us
2015-02-12T15:33:50.100Z,23.7765,93.7186,54.61,4.4,mb,,133,2.459,0.62,us,usb000tqaa,2015-05-11T23:20:09.040Z,"61 km S of Chur?ch?ndpur, India",earthquake,13.1,11.3,0.162,15,reviewed,us,us
2015-02-13T22:21:52.220Z,31.215,80.3855,29.91,4.1,mb,,145,6.488,0.71,us,usb000tpa2,2015-05-11T23:20:13.040Z,"107 km NE of Josh?math, India",earthquake,8.9,6.5,0.151,13,reviewed,us,us
2015-02-14T00:44:36.430Z,31.3449,80.3877,32.72,4.2,mb,,111,6.438,0.64,us,usc000trhi,2015-05-11T23:20:13.040Z,"117 km NE of Josh?math, India",earthquake,4.7,6,0.128,20,reviewed,us,us
2015-02-15T14:14:20.990Z,34.4283,76.2031,48.05,4.7,mb,,84,2.557,0.65,us,usb000tpit,2022-07-27T21:16:35.775Z,"15 km SSE of Kargil, India",earthquake,8.1,7.2,0.059,97,reviewed,us,us
2015-02-15T20:51:40.490Z,9.9607,91.7393,35,4,mb,,192,1.952,0.46,us,usb000tpkl,2015-05-11T23:20:17.040Z,"218 km SSW of Port Blair, India",earthquake,14.4,2,0.232,8,reviewed,us,us
2015-02-16T05:31:15.360Z,25.1347,95.3089,35,4,mb,,173,3.153,0.53,us,usc000trvb,2015-05-11T23:20:18.040Z,"100 km SE of Phek, India",earthquake,13.8,2,0.259,4,reviewed,us,us
2015-02-23T06:32:07.690Z,10.8233,92.0612,29.72,4.5,mb,,120,1.064,0.9,us,usc000tses,2015-05-12T20:29:41.040Z,"119 km SW of Port Blair, India",earthquake,8.3,4.3,0.113,25,reviewed,us,us
2015-02-23T06:36:34.870Z,25.7707,95.1743,94.12,4.4,mb,,93,3.001,0.64,us,usc000tseu,2015-05-12T20:29:41.040Z,"65 km SSE of Tuensang, India",earthquake,3.7,7.8,0.098,30,reviewed,us,us
2015-02-24T08:04:27.930Z,34.3206,73.6631,59.79,3.7,mb,,92,0.744,0.63,us,usc000tsmy,2022-07-27T23:01:22.947Z,"18 km ESE of Muzaffar?b?d, Pakistan",earthquake,5.2,14.6,0.225,5,reviewed,us,us
2015-02-26T18:52:32.790Z,9.6585,90.326,29.47,4.4,mb,,133,3.096,1.31,us,usc000ttet,2015-05-19T00:28:45.040Z,"Nicobar Islands, India region",earthquake,9.6,6.6,0.149,14,reviewed,us,us
2015-02-26T21:59:05.140Z,34.671,73.2777,29.74,5.4,mb,,16,1.017,0.86,us,usc000ttgc,2022-07-27T23:19:31.542Z,"23 km E of Battagram, Pakistan",earthquake,4.6,3.6,0.036,270,reviewed,us,us
2015-02-27T01:04:38.690Z,34.5936,73.3801,32.59,4.2,mb,,85,0.945,0.66,us,usc000tti0,2015-05-19T00:28:51.040Z,"22 km NE of Baffa, Pakistan",earthquake,7.5,6.7,0.264,6,reviewed,us,us
2015-02-27T01:29:21.270Z,34.5484,73.307,27.37,4,mb,,67,0.896,1.26,us,usc000tti2,2015-05-19T00:28:51.040Z,"14 km NNE of Baffa, Pakistan",earthquake,7.8,5.9,0.232,7,reviewed,us,us
2015-02-27T03:39:10.950Z,34.5959,73.3339,26.86,4.2,mb,,87,0.944,1.4,us,usc000ttik,2015-05-19T00:28:52.040Z,"20 km NNE of Baffa, Pakistan",earthquake,6.2,4.3,0.303,7,reviewed,us,us
2015-03-02T10:33:15.090Z,4.8049,96.1271,12.19,4.7,mb,,70,0.919,1.24,us,usc000tubr,2015-05-19T00:29:37.040Z,"48 km SSW of Reuleuet, Indonesia",earthquake,6.3,4.3,0.096,34,reviewed,us,us
2015-03-02T14:19:53.830Z,4.7632,96.0123,7.94,4.9,mb,,110,1.039,0.88,us,usc000tuc5,2015-05-19T00:29:39.040Z,"58 km SSW of Reuleuet, Indonesia",earthquake,4.3,4.1,0.073,60,reviewed,us,us
2015-03-02T20:51:54.570Z,35.6466,76.799,10,4.5,mb,,78,3.526,1.02,us,usc000tuf6,2015-05-19T00:29:42.040Z,"79 km N of Thang, India",earthquake,6.7,1.9,0.093,34,reviewed,us,us
2015-03-02T23:48:40.680Z,4.9129,96.252,52.03,4.5,mb,,120,0.76,0.8,us,usc000tvj6,2015-05-19T00:29:44.040Z,"33 km S of Reuleuet, Indonesia",earthquake,7.1,9.6,0.14,17,reviewed,us,us
2015-03-04T06:00:52.190Z,36.1937,69.4824,135.8,4.1,mb,,92,1.28,0.92,us,usc000tuux,2015-05-19T00:29:59.040Z,"34 km ENE of Nahr?n, Afghanistan",earthquake,3.6,8.3,0.261,4,reviewed,us,us
2015-03-05T23:57:33.580Z,30.9635,70.4473,35,4,mb,,181,3.589,0.87,us,usc000twtb,2015-05-28T00:48:34.040Z,"34 km NW of Taunsa, Pakistan",earthquake,10.9,2,0.144,13,reviewed,us,us
2015-03-08T05:45:15.900Z,22.5853,95.8284,10,4.4,mb,,77,3.816,0.62,us,usc000twi8,2015-05-28T00:48:38.040Z,"13 km E of Shwebo, Myanmar",earthquake,8,1.8,0.134,18,reviewed,us,us
2015-03-08T15:43:47.220Z,13.4596,92.7483,40.08,4.6,mb,,123,1.792,0.82,us,us10001ll4,2015-05-28T00:48:38.040Z,"194 km N of Bamboo Flat, India",earthquake,10.7,7.9,0.129,18,reviewed,us,us
2015-03-10T17:52:02.220Z,35.6511,76.82,39.2,4.1,mb,,108,3.542,1.14,us,us10001m44,2015-05-28T00:48:41.040Z,"80 km N of Thang, India",earthquake,9,6.8,0.139,14,reviewed,us,us
2015-03-13T04:17:24.150Z,9.9915,93.4516,88.33,4.1,mb,,174,1.794,0.57,us,us10001n3s,2015-06-04T00:46:17.040Z,"200 km SSE of Port Blair, India",earthquake,9.1,8.7,0.174,9,reviewed,us,us
2015-03-14T19:42:19.500Z,36.1426,70.4107,130.35,4.2,mb,,80,0.99,0.42,us,us10001meg,2015-06-04T00:46:19.040Z,"68 km SE of Farkh?r, Afghanistan",earthquake,6.6,6.7,0.141,15,reviewed,us,us
2015-03-17T15:28:39.650Z,24.3192,94.6817,98.9,4.3,mb,,101,2.85,0.71,us,us10001p7g,2015-06-04T00:46:24.040Z,"69 km ESE of W?ngjing, India",earthquake,12.6,9.2,0.178,9,reviewed,us,us
2015-03-20T08:24:27.700Z,33.773,69.3536,10,4.2,mb,,127,0.808,1.17,us,us10001p3z,2015-06-09T21:29:59.040Z,"22 km NNE of Gardez, Afghanistan",earthquake,6.5,1.8,0.136,15,reviewed,us,us
2015-03-21T23:14:18.810Z,36.2775,70.9036,126.29,4.2,mb,,77,0.886,0.89,us,us10001phq,2015-06-09T21:30:01.040Z,"65 km S of Jurm, Afghanistan",earthquake,7.2,4.6,0.115,21,reviewed,us,us
2015-03-25T10:13:10.700Z,13.474,91.9212,29.3,4.3,mb,,81,1.977,0.45,us,us10001s9z,2015-06-09T21:30:06.040Z,"214 km NNW of Bamboo Flat, India",earthquake,5,6.1,0.117,21,reviewed,us,us
2015-03-26T03:20:42.950Z,7.5207,91.6389,29.98,4.6,mb,,105,4.25,0.53,us,us10001qu2,2015-06-12T01:53:22.040Z,"Nicobar Islands, India region",earthquake,9.1,5.5,0.107,26,reviewed,us,us
2015-03-26T10:44:02.100Z,7.4635,91.5815,30.05,4.3,mb,,134,4.32,0.42,us,us10001sd7,2015-06-12T01:53:22.040Z,"Nicobar Islands, India region",earthquake,10.6,5.2,0.153,12,reviewed,us,us
2015-03-27T18:51:49.170Z,9.891,93.3838,89.84,4.9,mb,,33,1.863,1,us,us10001rae,2015-06-12T01:53:25.040Z,"208 km SSE of Port Blair, India",earthquake,5.9,4.6,0.048,137,reviewed,us,us
2015-03-27T20:25:15.340Z,4.882,96.0969,18.14,4.6,mb,,82,0.914,0.89,us,us10001rb8,2015-06-12T01:53:25.040Z,"42 km SSW of Reuleuet, Indonesia",earthquake,6.4,4.5,0.075,53,reviewed,us,us
2015-04-01T21:23:54.400Z,30.3521,79.5107,10,4.9,mb,,31,6.238,0.52,us,us10001sx7,2022-07-28T05:43:36.289Z,"11 km SE of P?palkoti, India",earthquake,6.9,1.8,0.05,124,reviewed,us,us
2015-04-02T00:56:38.960Z,28.7007,86.3309,57.33,4.6,mb,,75,4.31,0.54,us,us10001szi,2015-06-16T01:00:22.040Z,"89 km NNE of Kod?ri??, Nepal",earthquake,8.6,6.6,0.062,77,reviewed,us,us
2015-04-03T12:23:55.350Z,23.255,94.263,109.7,4.5,mb,,129,3.179,0.79,us,us200025np,2015-06-16T01:00:25.040Z,"45 km SSW of Mawlaik, Myanmar",earthquake,8.6,9.6,0.163,11,reviewed,us,us
2015-04-03T12:45:21.710Z,10.5197,93.3413,104.21,4.6,mb,,128,1.272,1.08,us,us10001tkc,2015-06-16T01:00:25.040Z,"142 km SSE of Port Blair, India",earthquake,9.6,5.8,0.082,44,reviewed,us,us
2015-04-07T04:41:50.850Z,32.8699,83.4081,11.91,4.8,mb,,54,7.32,0.62,us,us10001v9w,2022-05-03T17:19:11.009Z,"western Xizang",earthquake,7.4,4.1,0.06,86,reviewed,us,us
2015-04-08T01:43:47.840Z,21.8203,89.5318,17.68,4.6,mb,,71,4.294,0.8,us,us200024wx,2015-06-16T01:00:32.040Z,"60 km SSW of Sarankhola, Bangladesh",earthquake,8.1,4.2,0.082,44,reviewed,us,us
2015-04-09T22:49:42.590Z,14.0702,92.8474,27.94,5.1,mb,,19,2.401,0.61,us,us200025i0,2015-06-22T23:18:54.040Z,"262 km N of Bamboo Flat, India",earthquake,5.8,3.1,0.046,153,reviewed,us,us
2015-04-10T09:19:56.020Z,33.394,81.0836,10,4.5,mb,,87,6.532,1.24,us,us2000279j,2015-06-22T23:18:55.040Z,"western Xizang",earthquake,7.2,1.9,0.102,28,reviewed,us,us
2015-04-13T05:55:04.530Z,13.7526,93.8242,35,4.3,mb,,154,6.788,0.57,us,us20002825,2015-06-22T23:18:59.040Z,"256 km NNE of Bamboo Flat, India",earthquake,11.9,2,0.168,10,reviewed,us,us
2015-04-14T22:01:59.150Z,10.8469,93.8077,138.56,4.1,mb,,98,9.05,0.51,us,us2000283r,2015-06-22T23:19:02.040Z,"147 km SE of Port Blair, India",earthquake,5.1,10.4,0.145,13,reviewed,us,us
2015-04-15T12:42:44.040Z,29.8751,67.8637,18.43,4,mb,,184,4.758,0.99,us,us2000284m,2015-06-22T23:19:02.040Z,"26 km SSW of Harnai, Pakistan",earthquake,11.1,6.1,0.231,5,reviewed,us,us
2015-04-15T17:57:00.890Z,24.3994,96.1785,42.01,4.2,mb,,118,4.091,0.73,us,us200026rk,2015-06-22T23:19:03.040Z,"108 km W of Bhamo, Myanmar",earthquake,9.3,7.4,0.128,17,reviewed,us,us
2015-04-16T22:05:49.650Z,26.7924,92.7714,35,4.8,mb,,48,1.471,0.64,us,us20002763,2022-07-30T23:34:06.008Z,"11 km ESE of Rang?p?ra, India",earthquake,7.5,1.9,0.045,152,reviewed,us,us
2015-04-18T17:22:28.990Z,10.6798,93.2625,101.08,4.2,mb,,146,6.53,0.65,us,us200028tx,2015-06-26T23:15:56.040Z,"122 km SSE of Port Blair, India",earthquake,12,4.9,0.115,21,reviewed,us,us
2015-04-21T00:17:28.930Z,14.1208,92.9493,27.07,5.1,mb,,46,7.052,0.75,us,us200027ye,2015-06-26T23:16:00.040Z,"269 km N of Bamboo Flat, India",earthquake,6.9,3.2,0.044,171,reviewed,us,us
2015-04-21T14:02:15.550Z,28.8947,82.3938,10,5,mb,,35,7.668,0.7,us,us2000281p,2022-07-31T00:32:25.483Z,"46 km SSE of Jumla, Nepal",earthquake,7.9,1.8,0.045,162,reviewed,us,us
2015-04-22T01:29:09.390Z,28.9068,82.5414,10,4.4,mb,,99,3.877,0.98,us,us20002a35,2015-06-26T23:16:01.040Z,"53 km SE of Jumla, Nepal",earthquake,9.9,1.9,0.094,33,reviewed,us,us
2015-04-23T23:58:22.380Z,12.2983,94.9874,34.43,4.9,mb,,51,2.286,0.77,us,us200028p4,2015-07-03T00:23:37.040Z,"253 km ENE of Port Blair, India",earthquake,6.9,3.2,0.052,115,reviewed,us,us
2015-04-24T06:20:46.960Z,36.282,68.6365,36.94,4.6,mb,,80,1.768,1.31,us,us200028rq,2015-07-03T00:23:38.040Z,"17 km NNW of Baghl?n, Afghanistan",earthquake,5.9,6.9,0.111,24,reviewed,us,us
2015-04-25T06:11:25.950Z,28.2305,84.7314,8.22,7.8,mww,,12,1.857,0.96,us,us20002926,2025-08-07T10:31:11.955Z,"67 km NNE of Bharatpur, Nepal",earthquake,7.3,2.9,,,reviewed,us,us
2015-04-25T06:15:22.910Z,27.6285,85.5398,10,6.1,mb,,43,1.173,1.02,us,us20002bi4,2024-06-16T23:45:44.729Z,"0 km NNW of Dhulikhel, Nepal",earthquake,8,1.8,0.089,48,reviewed,us,us
2015-04-25T06:18:10.870Z,27.6857,86.0213,10,5.6,mb,,42,0.751,0.76,us,us20002bi0,2024-06-16T23:45:39.737Z,"31 km SSE of Kod?ri??, Nepal",earthquake,7.4,1.9,0.109,30,reviewed,us,us
2015-04-25T06:20:40.340Z,28.2046,84.492,10,5.4,mb,,151,2.064,0.88,us,us20002bi6,2022-05-03T17:22:49.242Z,"Nepal",earthquake,4.3,1.9,0.13,20,reviewed,us,us
2015-04-25T06:22:02.750Z,27.8006,85.1141,10,5.1,mb,,99,1.511,0.86,us,us20002bhs,2024-01-17T21:09:09.592Z,"21 km NW of Kirtipur, Nepal",earthquake,7.8,1.5,0.131,19,reviewed,us,us
2015-04-25T06:22:23.350Z,27.813,85.448,18,5.26,mw,,,,,iscgem,iscgem607260025,2022-05-03T17:22:52.632Z,"12 km NNW of Nagarkot, Nepal",earthquake,,8.4,0.22,,reviewed,iscgem,iscgem
2015-04-25T06:25:55.260Z,27.687,85.5854,10,5,mb,,58,1.119,0.63,us,us20002bfk,2022-05-03T17:22:53.826Z,"7 km ESE of Nagarkot, Nepal",earthquake,8.3,1.8,0.075,57,reviewed,us,us
2015-04-25T06:28:05.780Z,27.7006,85.5043,10,4.8,mb,,75,1.186,0.96,us,us20002bf2,2022-05-03T17:22:54.929Z,"2 km SW of Nagarkot, Nepal",earthquake,7.9,1.8,0.087,41,reviewed,us,us
2015-04-25T06:29:46.130Z,27.8478,85.0717,10,4.7,mb,,98,1.543,0.58,us,us20002bfi,2015-07-03T00:23:39.040Z,"Nepal",earthquake,8.4,1.9,0.159,12,reviewed,us,us
2015-04-25T06:32:48.870Z,27.7244,85.9479,10,4.6,mb,,128,0.799,1.07,us,us20002bfx,2015-07-03T00:23:39.040Z,"26 km S of Kod?ri??, Nepal",earthquake,8,1.9,0.126,19,reviewed,us,us
2015-04-25T06:37:58.690Z,27.7435,85.8302,10,5.1,mb,,76,0.895,0.65,us,us2000292w,2022-07-31T01:09:42.615Z,"27 km SSW of Kod?ri??, Nepal",earthquake,4.2,1.8,0.057,101,reviewed,us,us
2015-04-25T06:44:39.040Z,27.5862,85.5012,10,4.6,mb,,117,1.219,1.14,us,us20002bim,2015-07-03T00:23:39.040Z,"1 km W of Panauti??, Nepal",earthquake,5,1.9,0.114,23,reviewed,us,us
2015-04-25T06:45:21.320Z,28.2244,84.8216,10,6.6,mww,,16,1.778,0.64,us,us2000292y,2025-02-22T05:33:18.829Z,"71 km NNE of Bharatpur, Nepal",earthquake,7.4,1.7,,,reviewed,us,us
2015-04-25T06:53:42.750Z,27.672,85.2009,10,5,mb,,42,1.455,0.65,us,us20002bf3,2022-05-03T17:22:58.327Z,"7 km W of Kirtipur, Nepal",earthquake,8,1.8,0.095,35,reviewed,us,us
2015-04-25T06:56:33.860Z,27.8822,85.7505,10,5.5,mb,,39,0.942,0.65,us,us20002934,2022-07-31T01:12:49.171Z,"22 km WSW of Kod?ri??, Nepal",earthquake,3,1.8,0.053,123,reviewed,us,us
2015-04-25T06:58:27.570Z,27.7219,86.0061,10,5.1,mb,,76,0.751,0.55,us,us20002bfz,2022-05-03T17:23:00.632Z,"26 km S of Kod?ri??, Nepal",earthquake,6.8,1.8,0.077,55,reviewed,us,us
2015-04-25T07:03:09.350Z,27.4173,86.0237,10,4.4,mb,,110,0.882,0.92,us,us20002bhp,2015-07-03T00:23:39.040Z,"52 km ESE of Dhulikhel, Nepal",earthquake,6,1.9,0.144,14,reviewed,us,us
2015-04-25T07:03:49.750Z,27.964,84.6843,10,4.4,mb,,147,1.881,0.45,us,us20002bg3,2022-07-31T07:16:01.874Z,"40 km NE of Bharatpur, Nepal",earthquake,4.3,1.8,0.084,41,reviewed,us,us
2015-04-25T07:05:00.930Z,28.029,85.3682,10,4.2,mb,,104,1.278,0.68,us,us20002bhk,2015-07-03T00:23:39.040Z,"36 km N of Kathmandu, Nepal",earthquake,5.6,1.8,0.112,22,reviewed,us,us
2015-04-25T07:05:28.010Z,27.9482,85.5837,10,4.3,mb,,97,1.086,0.84,us,us20002bg2,2015-07-03T00:23:39.040Z,"26 km NNE of Nagarkot, Nepal",earthquake,5.8,1.9,0.116,21,reviewed,us,us
2015-04-25T07:07:59.920Z,27.7879,85.914,10,4.9,mb,,57,0.812,0.73,us,us20002939,2022-07-31T01:11:44.856Z,"19 km SSW of Kod?ri??, Nepal",earthquake,6,1.8,0.054,108,reviewed,us,us
2015-04-25T07:13:44.150Z,27.615,85.7307,10,4.8,mb,,105,1.017,0.72,us,us2000293i,2022-07-31T01:10:44.269Z,"18 km E of Dhulikhel, Nepal",earthquake,6.4,1.5,0.07,63,reviewed,us,us
2015-04-25T07:16:55.060Z,27.8818,85.6791,10,4.7,mb,,81,1.005,0.85,us,us2000293d,2015-07-03T00:23:39.040Z,"24 km NE of Nagarkot, Nepal",earthquake,3.1,1.8,0.064,75,reviewed,us,us
2015-04-25T07:20:24.230Z,27.7574,85.3405,10,4,mb,,120,1.317,0.75,us,us20002bf6,2015-07-03T00:23:39.040Z,"6 km NNE of Kathmandu, Nepal",earthquake,6.7,1.9,0.116,20,reviewed,us,us
2015-04-25T07:22:55.740Z,27.8854,85.8478,10,4.2,mb,,149,0.856,0.88,us,us20002bf5,2015-07-03T00:23:39.040Z,"13 km SW of Kod?ri??, Nepal",earthquake,7.4,1.9,0.136,15,reviewed,us,us
2015-04-25T07:23:38.520Z,27.8053,85.8924,10,4.4,mb,,119,0.828,0.73,us,us20002bg5,2015-07-03T00:23:39.040Z,"18 km SSW of Kod?ri??, Nepal",earthquake,7,1.9,0.088,37,reviewed,us,us
2015-04-25T07:33:47.410Z,27.6891,84.9918,10,4.3,mb,,157,1.634,0.77,us,us20002bf8,2015-07-03T00:23:39.040Z,"28 km W of Kirtipur, Nepal",earthquake,8.9,1.9,0.108,24,reviewed,us,us
2015-04-25T07:34:55.190Z,27.9633,85.6099,10,4.3,mb,,166,1.063,0.54,us,us20002bic,2015-07-03T00:23:39.040Z,"28 km NNE of Nagarkot, Nepal",earthquake,7.8,1.9,0.133,16,reviewed,us,us
2015-04-25T07:39:33.970Z,27.6821,85.7383,10,4.5,mb,,99,0.989,0.66,us,us2000293l,2015-07-03T00:23:39.040Z,"20 km ENE of Dhulikhel, Nepal",earthquake,6.5,1.3,0.076,51,reviewed,us,us
2015-04-25T07:47:01.480Z,27.8172,85.5955,10,5,mb,,79,1.085,0.59,us,us2000293p,2022-07-31T01:13:44.729Z,"13 km NNE of Nagarkot, Nepal",earthquake,6.9,1.8,0.052,118,reviewed,us,us
2015-04-25T07:55:44.070Z,27.846,85.4875,10,4.4,mb,,146,1.177,0.65,us,us20002bg8,2015-07-03T00:23:39.040Z,"14 km NNW of Nagarkot, Nepal",earthquake,3.9,1.9,0.088,37,reviewed,us,us
2015-04-25T07:59:14.660Z,27.8426,85.7676,10,4.4,mb,,166,0.931,0.57,us,us20002bfc,2015-07-03T00:23:39.040Z,"22 km SW of Kod?ri??, Nepal",earthquake,5.4,1.9,0.098,30,reviewed,us,us
2015-04-25T08:05:37.950Z,27.8132,85.7943,10,4.6,mb,,104,0.912,0.75,us,us2000293v,2022-07-31T01:14:45.061Z,"22 km SW of Kod?ri??, Nepal",earthquake,5.6,1.4,0.058,90,reviewed,us,us
2015-04-25T08:16:59.230Z,27.7014,85.7563,10,4.9,mb,,76,0.969,0.55,us,us20002942,2022-05-03T17:20:47.163Z,"22 km ENE of Dhulikhel, Nepal",earthquake,6.2,1.8,0.051,123,reviewed,us,us
2015-04-25T08:20:11.160Z,27.8549,85.7931,10,4.7,mb,,82,0.907,0.72,us,us20002944,2015-07-03T00:23:39.040Z,"19 km SW of Kod?ri??, Nepal",earthquake,4.2,1.8,0.063,76,reviewed,us,us
2015-04-25T08:20:48.800Z,27.6429,85.16,10,4.9,mb,,69,1.496,0.79,us,us20002bfd,2022-05-03T17:23:06.480Z,"12 km WSW of Kirtipur, Nepal",earthquake,7.2,1.8,0.057,96,reviewed,us,us
2015-04-25T08:22:47.620Z,27.8166,85.5666,10,4.6,mb,,149,1.111,0.66,us,us20002bik,2015-07-03T00:23:39.040Z,"12 km NNE of Nagarkot, Nepal",earthquake,8.6,1.9,0.1,30,reviewed,us,us
2015-04-25T08:29:24.560Z,27.9351,84.6218,10,5,mb,,99,1.937,0.68,us,us20002946,2022-07-31T01:15:40.894Z,"33 km NNE of Bharatpur, Nepal",earthquake,8.2,1.8,0.05,129,reviewed,us,us
2015-04-25T08:31:32.430Z,27.6708,85.9539,10,4.6,mb,,166,0.812,0.78,us,us20002bgc,2015-07-03T00:23:39.040Z,"32 km S of Kod?ri??, Nepal",earthquake,7.2,1.9,0.107,26,reviewed,us,us
2015-04-25T08:36:05.260Z,27.7292,85.1727,10,4.2,mb,,123,1.469,0.62,us,us20002bgd,2015-07-03T00:23:39.040Z,"Nepal",earthquake,7.8,1.6,0.092,33,reviewed,us,us
2015-04-25T08:49:09.080Z,27.7404,84.8893,10,4.4,mb,,98,1.716,0.63,us,us2000294a,2015-07-03T00:23:39.040Z,"37 km NNW of Hetauda, Nepal",earthquake,5.5,1.7,0.074,53,reviewed,us,us
2015-04-25T08:55:55.960Z,27.5866,85.5058,10,5.3,mb,,41,1.215,0.8,us,us2000294d,2022-07-31T01:16:42.886Z,"0 km WNW of Panauti??, Nepal",earthquake,6.6,1.8,0.045,168,reviewed,us,us
2015-04-25T09:01:51.540Z,27.8084,85.0718,10,4.4,mb,,146,1.547,0.46,us,us20002bfy,2015-07-03T00:23:39.040Z,"24 km NW of Kirtipur, Nepal",earthquake,6.5,1.9,0.144,14,reviewed,us,us
2015-04-25T09:03:14.960Z,27.8743,85.3426,10,4.8,mb,,82,1.302,0.61,us,us2000294e,2015-07-03T00:23:39.040Z,"19 km N of Kathmandu, Nepal",earthquake,7.3,1.8,0.055,102,reviewed,us,us
2015-04-25T09:17:02.310Z,28.3902,87.3173,10,5.7,mb,,22,0.619,0.7,us,us2000294g,2022-07-31T01:17:38.200Z,"69 km NE of Lobujya, Nepal",earthquake,5.8,1.4,0.033,328,reviewed,us,us
2015-04-25T09:22:36.900Z,27.7192,85.7503,10,4.7,mb,,50,0.969,0.81,us,us20002bg6,2015-07-03T00:23:39.040Z,"22 km E of Nagarkot, Nepal",earthquake,5.3,1.9,0.088,39,reviewed,us,us
2015-04-25T09:28:00.080Z,28.0061,85.3104,10,4.4,mb,,77,1.328,0.85,us,us20002bfh,2015-07-03T00:23:39.040Z,"33 km N of Kathmandu, Nepal",earthquake,8.1,1.9,0.1,32,reviewed,us,us
2015-04-25T09:30:29.690Z,27.9945,85.5209,10,4.9,mb,,42,1.142,0.68,us,us2000294i,2022-07-31T01:18:33.237Z,"30 km N of Nagarkot, Nepal",earthquake,6.8,1.8,0.043,173,reviewed,us,us
2015-04-25T09:43:00.840Z,28.0668,84.8842,10,4.4,mb,,159,1.707,0.6,us,us20002bfj,2015-07-03T00:23:40.040Z,"57 km NW of Kirtipur, Nepal",earthquake,8.3,1.8,0.088,37,reviewed,us,us
2015-04-25T09:53:32.600Z,27.5326,85.7255,10,4,mb,,123,1.052,0.59,us,us20002bfn,2015-07-03T00:23:40.040Z,"20 km ESE of Dhulikhel, Nepal",earthquake,7.8,1.7,0.173,11,reviewed,us,us
2015-04-25T10:10:32.840Z,28.2838,84.7255,10,4.2,mb,,57,1.87,0.92,us,us20002bfp,2015-07-03T00:23:40.040Z,"73 km NNE of Bharatpur, Nepal",earthquake,4.6,1.9,0.088,36,reviewed,us,us
2015-04-25T10:23:17.670Z,27.7999,85.8035,10,4.4,mb,,143,0.906,0.8,us,us2000294u,2022-07-31T01:20:34.399Z,"23 km SW of Kod?ri??, Nepal",earthquake,6.5,1.9,0.086,39,reviewed,us,us
2015-04-25T10:40:13.500Z,27.7704,85.8322,10,4.1,mb,,147,0.887,0.65,us,us20002bgn,2015-07-03T00:23:40.040Z,"24 km SSW of Kod?ri??, Nepal",earthquake,3.2,1.9,0.1,29,reviewed,us,us
2015-04-25T10:40:35.550Z,27.6033,85.9565,10,4.8,mb,,43,0.836,0.81,us,us2000294x,2022-07-31T01:21:34.219Z,"Nepal",earthquake,5.9,1.9,0.047,141,reviewed,us,us
2015-04-25T10:50:45.880Z,28.1447,84.6237,10,4.2,mb,,170,1.942,0.28,us,us20002bft,2015-07-03T00:23:40.040Z,"55 km NNE of Bharatpur, Nepal",earthquake,8,1.9,0.2,7,reviewed,us,us
2015-04-25T10:52:00.490Z,27.5075,85.6304,10,4,mb,,137,1.139,0.65,us,us20002bfs,2015-07-03T00:23:40.040Z,"13 km SE of Panauti, Nepal",earthquake,5.7,1.9,0.138,15,reviewed,us,us
2015-04-25T10:53:43.530Z,27.8061,85.8842,10,4.6,mb,,52,0.835,0.75,us,us2000294y,2015-07-03T00:23:40.040Z,"18 km SSW of Kod?ri??, Nepal",earthquake,6,1.9,0.065,70,reviewed,us,us
2015-04-25T11:05:01.240Z,27.933,85.5471,10,4.2,mb,,69,1.119,0.86,us,us2000299g,2015-07-03T00:23:40.040Z,"24 km N of Nagarkot, Nepal",earthquake,8.1,1.9,0.093,32,reviewed,us,us
2015-04-25T11:15:18.020Z,27.6021,86.0505,10,4,mb,,150,0.762,0.81,us,us20002bgq,2015-07-03T00:23:40.040Z,"40 km SSE of Kod?ri??, Nepal",earthquake,5,1.8,0.125,17,reviewed,us,us
2015-04-25T11:18:30.100Z,27.4923,86.0058,10,4.4,mb,,170,0.852,0.48,us,us20002bgp,2015-07-03T00:23:40.040Z,"47 km ESE of Dhulikhel, Nepal",earthquake,7.3,1.9,0.138,15,reviewed,us,us
2015-04-25T11:23:47.560Z,27.6483,85.4309,10,4.5,mb,,46,1.261,0.68,us,us20002bgs,2022-07-31T08:34:33.409Z,"3 km NW of Hari Bdr Tamang House, Nepal",earthquake,8,1.9,0.096,32,reviewed,us,us
2015-04-25T11:41:47.700Z,28.0596,85.0566,10,4.2,mb,,102,1.555,0.77,us,us2000299i,2015-07-03T00:23:40.040Z,"47 km NNW of Kathmandu, Nepal",earthquake,6.2,1.9,0.093,32,reviewed,us,us
2015-04-25T12:01:10.730Z,27.8638,85.9255,10,4.2,mb,,161,0.789,0.69,us,us2000295a,2022-07-31T01:22:25.689Z,"11 km SSW of Kod?ri??, Nepal",earthquake,6.5,1.9,0.098,29,reviewed,us,us
2015-04-25T12:12:14.790Z,27.6645,85.8954,10,4.3,mb,,127,0.862,0.8,us,us2000295c,2015-07-03T00:23:40.040Z,"33 km S of Kod?ri??, Nepal",earthquake,3.2,1.9,0.08,44,reviewed,us,us
2015-04-25T12:17:54.790Z,27.9261,85.449,10,4.5,mb,,79,1.206,0.88,us,us2000295f,2022-07-31T01:24:26.398Z,"24 km NNW of Nagarkot, Nepal",earthquake,7.6,1.9,0.069,61,reviewed,us,us
2015-04-25T12:39:52.630Z,27.4844,86.0952,10,4,mb,,101,0.791,0.96,us,us20002bg4,2015-07-03T00:23:40.040Z,"54 km SSE of Kod?ri??, Nepal",earthquake,4.5,1.9,0.108,23,reviewed,us,us
2015-04-25T12:44:05.170Z,28.0979,84.5594,10,5.2,mb,,39,1.995,0.91,us,us2000295i,2022-07-31T01:23:20.220Z,"48 km NNE of Bharatpur, Nepal",earthquake,4,1.8,0.038,234,reviewed,us,us
2015-04-25T13:29:31.610Z,27.8055,85.7909,10,4.3,mb,,98,0.916,0.94,us,us2000298a,2015-07-03T00:23:40.040Z,"23 km SW of Kod?ri??, Nepal",earthquake,5.3,1.9,0.123,19,reviewed,us,us
2015-04-25T13:30:28.030Z,28.0768,85.0378,10,4.6,mb,,86,1.572,1.22,us,us2000295v,2022-07-31T01:25:28.240Z,"50 km NNW of Kirtipur, Nepal",earthquake,7.8,1.9,0.084,42,reviewed,us,us
2015-04-25T13:36:14.620Z,27.7266,85.9826,10,4.7,mb,,166,0.769,0.98,us,us2000295x,2015-07-03T00:23:40.040Z,"26 km S of Kod?ri??, Nepal",earthquake,3.2,1.9,0.079,48,reviewed,us,us
2015-04-25T14:10:03.730Z,27.7109,85.8748,10,4.6,mb,,72,0.865,0.78,us,us20002965,2022-07-31T01:27:15.296Z,"28 km SSW of Kod?ri??, Nepal",earthquake,5.5,1.7,0.077,50,reviewed,us,us
2015-04-25T16:27:21.660Z,27.8695,85.6359,10,4.9,mb,,76,1.044,0.89,us,us20002970,2022-07-31T01:31:58.085Z,"20 km NNE of Nagarkot, Nepal",earthquake,3.2,1.8,0.047,143,reviewed,us,us
2015-04-25T17:42:50.910Z,28.238,85.829,10,5.1,mwr,,31,0.911,0.99,us,us2000297g,2022-07-31T01:32:52.897Z,"33 km NNW of Kod?ri??, Nepal",earthquake,5.7,1.7,0.11,8,reviewed,us,us
2015-04-25T17:46:17.590Z,28.2139,86.1072,35.26,4.5,mb,,182,0.672,1.33,us,us20002bir,2015-07-03T00:23:40.040Z,"31 km NNE of Kod?ri??, Nepal",earthquake,13,17.1,0.272,5,reviewed,us,us
2015-04-25T18:58:34.530Z,27.6376,85.3501,14.2,4.2,mb,,107,0.028,0.86,us,us20002984,2015-07-03T00:23:40.040Z,"5 km SE of P?tan, Nepal",earthquake,9.1,3.2,0.084,39,reviewed,us,us
2015-04-25T20:07:01.970Z,27.9754,84.5282,10,4.4,mb,,40,2.019,0.72,us,us20002bh2,2015-07-03T00:23:41.040Z,"34 km NNE of Bharatpur, Nepal",earthquake,8.7,1.8,0.089,36,reviewed,us,us
2015-04-25T20:32:48.240Z,27.6437,85.9241,10,4.4,mb,,79,0.846,0.71,us,us2000298x,2015-07-03T00:23:41.040Z,"35 km S of Kod?ri??, Nepal",earthquake,6,1.9,0.066,67,reviewed,us,us
2015-04-25T21:07:20.000Z,27.7657,85.8114,23.88,4.6,mb,,86,0.906,0.69,us,us20002993,2022-07-31T01:36:45.810Z,"25 km SSW of Kod?ri??, Nepal",earthquake,4.9,4.4,0.051,117,reviewed,us,us
2015-04-25T23:12:52.060Z,27.6038,86.0873,9.21,4,mb,,160,0.732,0.3,us,us200029bb,2015-07-03T00:23:41.040Z,"41 km SSE of Kod?ri??, Nepal",earthquake,4.6,5.1,0.122,18,reviewed,us,us
2015-04-25T23:16:15.450Z,27.7993,84.8715,13.61,5.1,mww,,26,1.724,0.67,us,us2000299v,2022-07-31T01:37:39.168Z,"42 km WNW of Kirtipur, Nepal",earthquake,7,3.1,,,reviewed,us,us
2015-04-25T23:41:53.750Z,27.6678,86.0726,15.68,4.5,mb,,86,0.715,0.71,us,us2000299x,2022-07-31T01:39:28.444Z,"34 km SSE of Kod?ri??, Nepal",earthquake,5.5,2.9,0.057,91,reviewed,us,us
2015-04-25T23:55:46.070Z,27.6098,85.8354,6.57,4.1,mb,,144,0.932,0.81,us,us20002bhg,2015-07-03T00:23:41.040Z,"28 km E of Dhulikhel, Nepal",earthquake,5.3,4.2,0.093,32,reviewed,us,us
2015-04-26T02:02:07.850Z,27.5936,85.4424,10,4.2,mb,,151,1.266,0.92,us,us20002brx,2015-07-03T00:23:41.040Z,"4 km SSW of Hari Bdr Tamang House, Nepal",earthquake,10,1.9,0.263,5,reviewed,us,us
2015-04-26T02:33:26.940Z,27.6257,86.0531,10,4.1,mb,,174,0.749,0.79,us,us20002bs0,2015-07-03T00:23:41.040Z,"38 km SSE of Kod?ri??, Nepal",earthquake,7.6,1.9,0.213,6,reviewed,us,us
2015-04-26T02:48:39.070Z,28.2272,84.5858,10,4.5,mb,,62,1.984,0.87,us,us200029b1,2022-07-31T01:43:52.187Z,"60 km E of Pokhara, Nepal",earthquake,8.7,1.9,0.065,70,reviewed,us,us
2015-04-26T03:21:36.160Z,27.469,85.5624,10,4.3,mb,,135,1.21,1.16,us,us200029b9,2015-07-03T00:23:41.040Z,"13 km SSE of Panauti, Nepal",earthquake,7.5,1.9,0.09,35,reviewed,us,us
2015-04-26T04:40:16.330Z,28.1724,84.6699,10,4,mb,,168,1.904,1.46,us,us20002bs4,2022-07-31T05:30:56.315Z,"59 km NNE of Bharatpur, Nepal",earthquake,8.6,1.9,0.211,8,reviewed,us,us
2015-04-26T04:50:29.550Z,28.0281,85.3595,10,4.1,mb,,146,1.286,1.07,us,us20002bsp,2015-07-03T00:23:41.040Z,"36 km N of Kathmandu, Nepal",earthquake,9,1.8,0.198,7,reviewed,us,us
2015-04-26T04:58:40.040Z,27.9966,84.7082,10,4.5,mb,,125,1.86,1.05,us,us200029bl,2022-07-31T01:44:45.736Z,"44 km NE of Bharatpur, Nepal",earthquake,9.5,1.9,0.086,42,reviewed,us,us
2015-04-26T07:09:10.670Z,27.7711,86.0173,22.91,6.7,mww,,13,0.727,0.86,us,us200029bt,2025-02-22T05:38:38.490Z,"21 km SSE of Kod?ri??, Nepal",earthquake,6.6,2.9,,,reviewed,us,us
2015-04-26T07:26:04.190Z,27.7004,85.9136,10,4.9,mb,,40,0.835,0.57,us,us200029bx,2022-07-31T01:46:56.457Z,"29 km S of Kod?ri??, Nepal",earthquake,5.1,1.8,0.055,102,reviewed,us,us
2015-04-26T07:36:26.570Z,27.7555,85.9822,10,4.7,mb,,141,0.761,0.72,us,us200029by,2022-07-31T01:47:50.289Z,"22 km S of Kod?ri??, Nepal",earthquake,6.5,1.9,0.079,49,reviewed,us,us
2015-04-26T07:43:17.480Z,27.0336,85.9863,10,4.3,mb,,147,1.177,0.72,us,us20002bsf,2015-07-03T00:23:41.040Z,"34 km N of Janakpur, Nepal",earthquake,6.8,1.9,0.143,15,reviewed,us,us
2015-04-26T07:50:26.020Z,27.7325,86.0078,10,4.2,mb,,92,0.746,0.9,us,us20002bsg,2015-07-03T00:23:41.040Z,"25 km SSE of Kod?ri??, Nepal",earthquake,6.5,1.9,0.159,11,reviewed,us,us
2015-04-26T08:10:37.340Z,27.8072,85.781,10,4.3,mb,,154,0.924,0.98,us,us20002bsh,2015-07-03T00:23:42.040Z,"24 km SW of Kod?ri??, Nepal",earthquake,5.8,1.9,0.142,14,reviewed,us,us
2015-04-26T08:22:12.350Z,28.0119,85.8449,10,4.4,mb,,140,0.856,0.79,us,us20002bty,2015-07-03T00:23:42.040Z,"12 km WNW of Kod?ri??, Nepal",earthquake,6.6,1.9,0.162,11,reviewed,us,us
2015-04-26T08:40:55.820Z,27.7307,85.854,10,4.6,mb,,85,0.877,0.91,us,us200029c4,2022-07-31T01:48:44.592Z,"27 km SSW of Kod?ri??, Nepal",earthquake,6.2,1.8,0.062,77,reviewed,us,us
2015-04-26T08:46:17.050Z,27.9232,85.8032,10,4.4,mb,,124,0.893,0.51,us,us200029c5,2022-07-31T01:49:38.907Z,"15 km WSW of Kod?ri??, Nepal",earthquake,5,1.9,0.081,44,reviewed,us,us
2015-04-26T09:14:36.730Z,35.9811,68.8122,70.66,4.1,mb,,95,1.449,0.63,us,us200029c8,2015-07-03T00:23:42.040Z,"9 km ENE of Pul-e Khumr?, Afghanistan",earthquake,4.6,11.1,0.233,5,reviewed,us,us
2015-04-26T09:42:03.630Z,27.4422,85.9371,10,4.3,mb,,181,0.93,0.81,us,us20002bsn,2022-07-31T05:21:49.328Z,"43 km ESE of Dhulikhel, Nepal",earthquake,12.7,1.9,0.201,10,reviewed,us,us
2015-04-26T12:34:41.310Z,27.5683,85.7179,8.42,4,mb,,144,0.384,0.39,us,us20002bt2,2022-07-31T05:35:43.110Z,"18 km ESE of Dhulikhel, Nepal",earthquake,6.7,3.9,0.122,22,reviewed,us,us
2015-04-26T13:11:15.170Z,27.8112,85.4088,10,4.5,mb,,79,5.362,0.6,us,us200029dc,2022-07-31T01:53:24.260Z,"14 km N of Madhyapur Thimi, Nepal",earthquake,8.9,1.9,0.069,61,reviewed,us,us
2015-04-26T14:44:50.510Z,27.686,85.9657,10,4.5,mb,,149,0.797,0.71,us,us200029dv,2022-07-31T01:56:22.480Z,"30 km S of Kod?ri??, Nepal",earthquake,4.9,1.9,0.081,45,reviewed,us,us
2015-04-26T14:57:04.380Z,28.1223,84.6464,10,4.3,mb,,141,1.92,0.6,us,us200029dx,2022-07-31T01:57:21.763Z,"53 km NNE of Bharatpur, Nepal",earthquake,5.8,1.7,0.079,45,reviewed,us,us
2015-04-26T16:26:06.730Z,27.8297,85.865,14,5,mwb,,22,0.847,0.73,us,us200029ea,2022-07-31T01:55:22.787Z,"17 km SSW of Kod?ri??, Nepal",earthquake,5.6,1.7,0.044,50,reviewed,us,us
2015-04-26T18:06:31.490Z,27.7579,85.3686,10,4.2,mb,,108,1.293,0.88,us,us20002btb,2015-07-03T00:23:42.040Z,"7 km NE of Kathmandu, Nepal",earthquake,8.8,1.9,0.186,8,reviewed,us,us
2015-04-26T18:54:49.080Z,27.9888,84.7645,10,4.4,mb,,146,1.81,0.82,us,us200029ev,2015-07-03T00:23:43.040Z,"47 km NE of Bharatpur, Nepal",earthquake,6,1.9,0.077,49,reviewed,us,us
2015-04-26T20:39:20.030Z,27.8804,85.7813,10,4.3,mb,,69,5.03,0.96,us,us200029fa,2022-07-31T02:00:10.350Z,"19 km WSW of Kod?ri??, Nepal",earthquake,7.2,1.9,0.122,19,reviewed,us,us
2015-04-26T22:32:34.720Z,27.5298,85.6751,10,4.6,mb,,69,1.094,0.53,us,us200029gc,2022-07-31T02:04:50.500Z,"16 km ESE of Panauti, Nepal",earthquake,4.7,1.7,0.07,61,reviewed,us,us
2015-04-27T00:39:16.330Z,27.6794,84.9579,10,4.1,mb,,137,0.318,0.73,us,us200029h7,2022-07-31T02:08:29.056Z,"28 km NNW of Hetauda, Nepal",earthquake,5.4,1.8,0.094,31,reviewed,us,us
2015-04-27T01:15:51.060Z,27.4565,85.7818,10,4.3,mb,,173,5.205,0.95,us,us20002bvj,2022-07-31T04:33:34.401Z,"29 km ESE of Panauti, Nepal",earthquake,12.5,1.9,0.154,12,reviewed,us,us
2015-04-27T04:14:44.840Z,27.9352,84.7251,10,4.1,mb,,128,5.886,1.3,us,us20002bvt,2015-07-03T00:23:43.040Z,"40 km NE of Bharatpur, Nepal",earthquake,11.6,1.9,0.13,16,reviewed,us,us
2015-04-27T06:00:00.390Z,27.8347,86.1373,10,4,mb,,109,0.738,1.11,us,us20002bvi,2015-07-03T00:23:43.040Z,"22 km SE of Kod?ri??, Nepal",earthquake,6.3,1.9,0.144,13,reviewed,us,us
2015-04-27T12:35:53.930Z,26.8644,88.055,31.71,5.1,mb,,29,2.58,0.73,us,us200029k7,2022-07-31T02:18:01.136Z,"13 km ESE of Il?m, Nepal",earthquake,6.6,3.3,0.041,201,reviewed,us,us
2015-04-27T13:17:47.600Z,28.0231,84.5829,19.52,4.3,mb,,187,5.978,0.66,us,us20002bw0,2015-07-03T00:23:44.040Z,"41 km NNE of Bharatpur, Nepal",earthquake,9.8,5.3,0.178,9,reviewed,us,us
2015-04-27T14:42:39.210Z,27.6802,85.6085,10,4.3,mb,,128,5.249,0.32,us,us20002bw5,2015-07-03T00:23:44.040Z,"9 km NE of Dhulikhel, Nepal",earthquake,8.9,1.9,0.153,12,reviewed,us,us
2015-04-27T14:57:00.080Z,27.8065,85.8855,10,4,mb,,146,4.974,0.85,us,us200029la,2022-07-31T02:20:02.291Z,"18 km SSW of Kod?ri??, Nepal",earthquake,7,1.9,0.106,24,reviewed,us,us
2015-04-27T15:51:46.110Z,27.6728,85.1212,10,4.3,mb,,140,5.65,0.81,us,us200029lc,2022-07-31T02:20:59.094Z,"15 km W of Kirtipur, Nepal",earthquake,10.6,1.9,0.087,37,reviewed,us,us
2015-04-27T18:59:57.010Z,28.0066,84.682,21.35,4.8,mb,,61,1.884,0.74,us,us200029ma,2022-07-31T02:23:48.301Z,"43 km NNE of Bharatpur, Nepal",earthquake,3.9,4.5,0.055,102,reviewed,us,us
2015-04-27T20:21:55.240Z,31.7602,83.5157,10,4.2,mb,,80,6.865,0.8,us,us200029n5,2022-07-31T02:25:50.677Z,"276 km NE of Burang, China",earthquake,9.1,1.9,0.084,40,reviewed,us,us
2015-04-27T21:14:57.990Z,27.8402,85.4008,10,3.7,mb,,157,1.254,0.64,us,us200029pj,2022-07-31T02:24:46.223Z,"Nepal",earthquake,10,2,0.169,9,reviewed,us,us
2015-04-27T21:27:41.790Z,27.841,85.7877,10,4.2,mb,,166,0.913,0.68,us,us200029p0,2022-07-31T02:22:54.032Z,"21 km SW of Kod?ri??, Nepal",earthquake,7.1,1.9,0.091,34,reviewed,us,us
2015-04-27T23:20:28.520Z,27.9641,85.2821,10,4.2,mb,,53,1.353,1,us,us200029qa,2022-07-31T02:29:29.675Z,"29 km N of Kathmandu, Nepal",earthquake,5.2,1.8,0.083,40,reviewed,us,us
2015-04-28T21:44:23.980Z,27.9577,85.8817,10,4.1,mb,,177,0.822,0.71,us,us20002c6a,2022-07-31T06:41:49.405Z,"7 km W of Kod?ri??, Nepal",earthquake,7,1.8,0.158,11,reviewed,us,us
2015-04-29T01:29:52.960Z,13.8314,93.0926,64.87,4.2,mb,,125,2.189,0.72,us,us20002c90,2015-07-03T00:23:46.040Z,"239 km N of Bamboo Flat, India",earthquake,11.8,9.9,0.128,17,reviewed,us,us
2015-04-29T09:39:14.120Z,27.7449,84.564,10,4.2,mb,,149,6.084,0.67,us,us20002c9g,2015-07-03T00:23:47.040Z,"14 km ENE of Bharatpur, Nepal",earthquake,11.4,1.9,0.103,27,reviewed,us,us
2015-04-29T11:27:45.310Z,27.864,85.4086,10,4.6,mb,,94,5.342,0.59,us,us20002a59,2022-07-31T02:49:09.193Z,"19 km NW of Nagarkot, Nepal",earthquake,8.6,1.8,0.06,83,reviewed,us,us
2015-04-29T17:16:14.460Z,28.0838,84.676,18.76,4.1,mb,,165,5.881,1.03,us,us20002c9q,2015-07-03T00:23:47.040Z,"50 km NNE of Bharatpur, Nepal",earthquake,9.9,4.8,0.094,31,reviewed,us,us
2015-04-29T17:16:33.470Z,27.8677,85.7031,10,4.4,mb,,116,5.099,1.29,us,us20002a8d,2022-07-31T03:01:54.330Z,"24 km NE of Nagarkot, Nepal",earthquake,8.5,1.9,0.08,45,reviewed,us,us
2015-04-29T22:10:52.110Z,28.33,87.2319,10,4.5,mb,,55,3.675,0.85,us,us20002abh,2022-07-31T03:00:42.869Z,"58 km NE of Lobujya, Nepal",earthquake,6.7,1.9,0.062,75,reviewed,us,us
2015-04-30T00:37:10.880Z,27.9057,84.6664,10,4.3,mb,,99,1.898,0.8,us,us20002acq,2022-07-31T03:02:57.605Z,"34 km NE of Bharatpur, Nepal",earthquake,8.9,1.9,0.075,50,reviewed,us,us
2015-04-30T17:34:37.620Z,28.2119,85.8071,10,3.8,mb,,162,0.922,0.86,us,us20002ajz,2022-07-31T03:09:46.680Z,"31 km NNW of Kod?ri??, Nepal",earthquake,7.9,1.6,0.12,18,reviewed,us,us
2015-04-30T19:21:18.100Z,26.2401,94.7996,10,4.8,mb,,45,2.734,1.23,us,us20002aid,2022-07-31T03:10:42.284Z,"3 km SW of Tuensang, India",earthquake,7.2,1.9,0.049,129,reviewed,us,us
2015-05-01T04:39:19.300Z,28.5301,86.2397,10,4,mb,,87,0.76,1.24,us,us20002dh3,2022-07-31T10:23:33.787Z,"68 km NNE of Kod?ri??, Nepal",earthquake,3.4,2,0.259,4,reviewed,us,us
2015-05-01T08:58:41.800Z,10.7112,91.9645,29.31,5.3,mb,,62,1.21,0.75,us,us20002aml,2022-07-31T03:24:38.959Z,"135 km SW of Port Blair, India",earthquake,6.8,4.1,0.056,108,reviewed,us,us
2015-05-01T18:47:16.520Z,27.7249,84.6329,10,4.1,mb,,169,1.943,1.01,us,us20002dhi,2015-07-09T22:00:05.040Z,"20 km ENE of Bharatpur, Nepal",earthquake,6.4,2,0.234,5,reviewed,us,us
2015-05-01T22:10:09.980Z,27.6072,85.5759,10,4,mb,,119,1.149,0.51,us,us20002arr,2015-07-09T22:00:05.040Z,"3 km ESE of Dhulikhel, Nepal",earthquake,8.9,1.7,0.116,20,reviewed,us,us
2015-05-02T00:10:49.450Z,27.3802,85.1775,10,4,mb,,93,5.722,1.03,us,us20002auq,2015-07-09T22:00:05.040Z,"15 km ESE of Hetauda, Nepal",earthquake,4.2,1.9,0.101,26,reviewed,us,us
2015-05-02T01:03:10.740Z,27.7751,85.9042,10,4,mb,,180,0.824,0.92,us,us20002dti,2015-07-09T22:00:05.040Z,"21 km SSW of Kod?ri??, Nepal",earthquake,9.5,2,0.211,7,reviewed,us,us
2015-05-02T03:47:03.740Z,27.7972,85.3532,10,4,mb,,190,1.301,0.68,us,us20002dsh,2015-07-09T22:00:05.040Z,"11 km NNE of Kathmandu, Nepal",earthquake,12.3,2,0.173,10,reviewed,us,us
2015-05-02T05:35:46.930Z,28.3143,84.6576,10,4.9,mb,,91,1.935,0.86,us,us20002atq,2022-07-31T03:32:26.883Z,"Nepal",earthquake,7.9,1.8,0.058,93,reviewed,us,us
2015-05-02T09:41:16.290Z,27.9171,85.369,10,4.2,mb,,106,1.277,0.51,us,us20002dsz,2015-07-09T22:00:06.040Z,"24 km NNE of Kathmandu, Nepal",earthquake,6.1,1.9,0.128,17,reviewed,us,us
2015-05-02T15:16:18.050Z,27.6545,85.9494,10,4.3,mb,,87,0.821,0.94,us,us20002avd,2015-07-09T22:00:06.040Z,"33 km S of Kod?ri??, Nepal",earthquake,6.1,1.5,0.08,44,reviewed,us,us
2015-05-02T21:44:09.970Z,27.6395,85.9324,10,4.3,mb,,77,0.841,0.81,us,us20002awm,2022-07-31T03:36:24.089Z,"35 km S of Kod?ri??, Nepal",earthquake,6.1,1.9,0.07,57,reviewed,us,us
2015-05-03T02:15:26.910Z,27.7665,84.6005,10,4,mb,,162,1.967,1.19,us,us20002du3,2015-07-09T22:00:07.040Z,"19 km ENE of Bharatpur, Nepal",earthquake,10.6,1.9,0.195,11,reviewed,us,us
2015-05-03T05:43:14.270Z,35.2031,87.3764,30.71,4.2,mb,,64,6.333,1,us,us20002ay7,2015-07-09T22:00:07.040Z,"western Xizang",earthquake,8.6,5.6,0.113,22,reviewed,us,us
2015-05-03T11:35:11.090Z,27.6999,84.9331,10,4.3,mb,,87,1.683,0.67,us,us20002az8,2022-07-31T03:55:37.914Z,"31 km NNW of Hetauda, Nepal",earthquake,8.2,1.9,0.079,45,reviewed,us,us
2015-05-03T23:14:15.460Z,27.7349,85.8791,10,4.2,mb,,184,0.855,0.71,us,us20002b2a,2015-07-09T22:00:08.040Z,"26 km SSW of Kod?ri??, Nepal",earthquake,4.3,1.9,0.078,46,reviewed,us,us
2015-05-04T01:15:07.070Z,27.6326,85.9746,10,4.5,mb,,54,0.809,0.89,us,us20002b2y,2022-07-31T03:59:20.556Z,"36 km S of Kod?ri??, Nepal",earthquake,6,1.8,0.066,66,reviewed,us,us
2015-05-04T08:50:00.820Z,27.926,86.1704,10,4,mb,,174,0.568,1.08,us,us20002el6,2015-07-09T22:00:10.040Z,"21 km E of Kod?ri??, Nepal",earthquake,9,2,0.231,5,reviewed,us,us
2015-05-04T12:17:13.450Z,27.7864,86.0097,10,4.1,mb,,116,0.73,0.59,us,us20002b68,2022-07-31T04:15:59.346Z,"19 km SSE of Kod?ri??, Nepal",earthquake,5.5,1.8,0.098,32,reviewed,us,us
2015-05-04T14:19:03.470Z,27.8147,85.9036,10,4.2,mb,,168,0.816,0.5,us,us20002elh,2015-07-09T22:00:10.040Z,"16 km SSW of Kod?ri??, Nepal",earthquake,5.6,1.9,0.141,14,reviewed,us,us
2015-05-05T10:38:47.120Z,27.7226,85.9867,10,4.1,mb,,168,0.767,0.59,us,us20002ey5,2015-07-09T22:00:13.040Z,"26 km S of Kod?ri??, Nepal",earthquake,8.4,1.9,0.139,14,reviewed,us,us
2015-05-05T11:15:40.410Z,27.6962,85.9535,10,4.1,mb,,166,0.803,1.27,us,us20002ey0,2015-07-09T22:00:13.040Z,"29 km S of Kod?ri??, Nepal",earthquake,6.8,2,0.166,10,reviewed,us,us
2015-05-06T14:45:25.850Z,12.5837,95.1783,18.77,4.4,mb,,105,2.553,0.54,us,us100029ai,2015-07-09T22:00:15.040Z,"283 km ENE of Port Blair, India",earthquake,5.5,5.7,0.13,17,reviewed,us,us
2015-05-06T15:13:19.940Z,27.6348,85.5861,10,3.8,mb,,170,1.132,1.17,us,us20002cdc,2022-07-31T04:52:26.584Z,"4 km ENE of Dhulikhel, Nepal",earthquake,7.3,1.9,0.153,11,reviewed,us,us
2015-05-06T21:56:28.670Z,27.5965,85.1661,10,3.5,mb,,193,1.502,1.32,us,us20002ced,2022-07-31T04:56:57.984Z,"14 km SW of Kirtipur, Nepal",earthquake,8.3,2,0.22,5,reviewed,us,us
2015-05-07T03:13:59.450Z,36.1943,71.0441,101.54,4.3,mb,,77,1.002,0.74,us,us20002d91,2015-07-17T07:05:54.040Z,"69 km SW of Ashk?sham, Afghanistan",earthquake,3.1,6.7,0.102,27,reviewed,us,us
2015-05-07T16:30:47.390Z,27.8141,85.4869,10,3.4,mb,,192,1.181,0.92,us,us20002dkn,2022-07-31T05:05:24.060Z,"11 km NNW of Nagarkot, Nepal",earthquake,12.3,2,0.245,4,reviewed,us,us
2015-05-08T00:32:33.960Z,27.6418,85.979,11.56,4.9,mb,,77,0.802,0.66,us,us20002dn5,2022-07-31T05:09:18.479Z,"35 km S of Kod?ri??, Nepal",earthquake,5.7,4.2,0.044,164,reviewed,us,us
2015-05-08T03:02:32.780Z,13.6955,92.8907,32.32,4.5,mb,,78,2.032,0.76,us,us20002dp4,2015-07-17T07:05:57.040Z,"221 km N of Bamboo Flat, India",earthquake,5.8,4.4,0.084,42,reviewed,us,us
2015-05-08T07:47:54.460Z,27.8668,85.9591,10,4.2,mb,,124,0.76,1.27,us,us20002dq9,2022-07-31T05:39:31.217Z,"10 km S of Kod?ri??, Nepal",earthquake,5.9,1.9,0.112,22,reviewed,us,us
2015-05-08T21:23:27.700Z,27.9634,85.0259,10,4,mb,,170,1.579,1,us,us20002e9g,2022-07-31T05:41:37.723Z,"40 km NW of Kirtipur, Nepal",earthquake,8.5,1.9,0.106,24,reviewed,us,us
2015-05-09T07:47:46.790Z,4.9564,96.2381,57.64,4.5,mb,,166,0.756,0.93,us,us10002asg,2015-07-17T07:06:01.040Z,"29 km S of Reuleuet, Indonesia",earthquake,6.1,8.7,0.181,9,reviewed,us,us
2015-05-10T00:49:52.770Z,27.7776,86.001,10,4,mb,,166,0.74,0.76,us,us20002e9z,2015-07-17T07:06:03.040Z,"20 km SSE of Kod?ri??, Nepal",earthquake,7,1.9,0.122,18,reviewed,us,us
2015-05-10T03:18:11.710Z,36.1667,71.0469,100.22,4.2,mb,,83,1.029,1.14,us,us20002e5e,2015-07-17T07:06:05.040Z,"72 km SW of Ashk?sham, Afghanistan",earthquake,6.8,7.4,0.176,9,reviewed,us,us
2015-05-10T09:38:32.750Z,27.4485,85.5858,10,4.3,mb,,149,1.199,0.6,us,us20002ea5,2022-07-31T05:46:12.044Z,"Nepal",earthquake,6.5,1.8,0.119,25,reviewed,us,us
2015-05-11T03:20:36.900Z,28.0071,85.827,10,4,mb,,170,0.872,1.09,us,us10002b51,2022-07-31T09:48:55.368Z,"13 km WNW of Kod?ri??, Nepal",earthquake,7.6,1.9,0.138,14,reviewed,us,us
2015-05-11T14:50:59.760Z,27.9326,85.9366,10,4.3,mb,,65,0.774,0.7,us,us20002ecq,2022-07-31T05:50:08.944Z,"3 km SSW of Kod?ri??, Nepal",earthquake,4.1,1.9,0.09,35,reviewed,us,us
2015-05-11T14:52:40.550Z,27.7589,85.789,10,4.3,mb,,166,0.927,0.65,us,us10002b61,2015-07-17T07:06:08.040Z,"26 km E of Nagarkot, Nepal",earthquake,7.6,1.9,0.099,29,reviewed,us,us
2015-05-12T07:05:19.730Z,27.8087,86.0655,15,7.3,mww,,11,0.677,0.92,us,us20002ejl,2024-06-26T05:18:41.027Z,"Nepal",earthquake,7.4,1.7,,,reviewed,us,us
2015-05-12T07:17:20.640Z,27.7141,86.2177,13.01,5.5,mb,,66,0.579,0.89,us,us20002ek0,2022-07-31T05:58:33.083Z,"37 km SE of Kod?ri??, Nepal",earthquake,6.8,4.7,0.043,183,reviewed,us,us
2015-05-12T07:20:47.170Z,27.3073,86.2369,10,4.9,mb,,100,0.825,0.65,us,us10002bfy,2022-07-31T08:54:04.747Z,"69 km NNW of Lah?n, Nepal",earthquake,7.2,1.9,0.09,43,reviewed,us,us
2015-05-12T07:22:15.290Z,27.5796,86.2338,10,4.8,mb,,48,0.636,0.62,us,us10002bg0,2015-07-17T07:06:10.040Z,"50 km SSE of Kod?ri??, Nepal",earthquake,6.9,1.9,0.089,39,reviewed,us,us
2015-05-12T07:23:32.670Z,27.5589,86.2566,10,5,mb,,243,0.632,0.36,us,us10002bgy,2015-07-17T07:06:10.040Z,"52 km WSW of Namche Bazar, Nepal",earthquake,6.7,2,0.096,35,reviewed,us,us
2015-05-12T07:33:09.760Z,27.7477,86.0099,10,4.1,mb,,98,0.74,0.58,us,us10002bf6,2015-07-17T07:06:10.040Z,"24 km SSE of Kod?ri??, Nepal",earthquake,8.6,1.9,0.165,12,reviewed,us,us
2015-05-12T07:34:22.630Z,27.7458,86.2449,10,5.4,mb,,45,0.544,0.78,us,us20002ek3,2022-05-03T17:21:50.916Z,"37 km SE of Kod?ri??, Nepal",earthquake,6.3,1.8,0.042,196,reviewed,us,us
2015-05-12T07:36:54.490Z,27.625,86.1617,15,6.3,mww,,10,0.664,0.93,us,us20002ek5,2022-07-31T05:59:39.785Z,"42 km SSE of Kod?ri??, Nepal",earthquake,7.5,1.7,,,reviewed,us,us
2015-05-12T07:43:17.310Z,27.6521,86.2387,11.77,4.9,mb,,70,0.592,0.49,us,us100029fi,2022-05-03T17:27:32.866Z,"44 km SE of Kod?ri??, Nepal",earthquake,5.7,4.5,0.064,77,reviewed,us,us
2015-05-12T07:47:46.350Z,27.5579,86.039,10,4.9,mb,,80,0.792,0.73,us,us10002bg4,2022-05-03T17:24:54.525Z,"45 km S of Kod?ri??, Nepal",earthquake,5.1,1.8,0.054,106,reviewed,us,us
2015-05-12T07:48:51.490Z,27.7224,86.2576,10,4.9,mb,,78,0.544,0.7,us,us10002bh3,2022-05-03T17:27:34.038Z,"39 km SE of Kod?ri??, Nepal",earthquake,6.9,1.9,0.055,103,reviewed,us,us
2015-05-12T07:57:17.360Z,27.7351,86.5554,10,4.5,mb,,156,0.317,0.88,us,us10002bf9,2015-07-17T07:06:11.040Z,"17 km WSW of Namche Bazar, Nepal",earthquake,6.2,1.9,0.102,31,reviewed,us,us
2015-05-12T08:05:25.540Z,27.9198,86.1387,10,4.2,mb,,99,0.596,0.29,us,us10002bfb,2015-07-17T07:06:11.040Z,"18 km ESE of Kod?ri??, Nepal",earthquake,4.8,1.9,0.141,21,reviewed,us,us
2015-05-12T08:06:05.530Z,27.7221,86.0161,15,5,mb,,42,0.742,0.78,us,us20002ekk,2022-07-31T06:01:55.043Z,"27 km SSE of Kod?ri??, Nepal",earthquake,5.7,1.8,0.044,168,reviewed,us,us
2015-05-12T08:11:22.590Z,27.4654,85.7306,10,4.3,mb,,82,5.242,0.52,us,us10002bf8,2015-07-17T07:06:11.040Z,"24 km ESE of Panauti, Nepal",earthquake,7.2,1.8,0.093,42,reviewed,us,us
2015-05-12T08:13:54.600Z,27.7629,85.7574,15,5.1,mb,,49,0.953,0.64,us,us20002ekq,2022-07-31T06:06:08.729Z,"23 km ENE of Nagarkot, Nepal",earthquake,8.3,1.8,0.046,152,reviewed,us,us
2015-05-12T08:21:10.760Z,27.7298,86.1316,15,5.2,mb,,42,0.643,0.7,us,us20002ekr,2022-07-31T06:03:59.276Z,"30 km SE of Kod?ri??, Nepal",earthquake,6.7,1.8,0.043,175,reviewed,us,us
2015-05-12T08:24:24.340Z,27.7486,86.0692,10,4.8,mb,,80,0.689,0.37,us,us100029fv,2015-07-17T07:06:11.040Z,"25 km SSE of Kod?ri??, Nepal",earthquake,3.2,1.9,0.058,93,reviewed,us,us
2015-05-12T08:34:24.130Z,28.1877,86.0143,16.34,4.3,mb,,162,0.74,0.36,us,us20002ekw,2015-07-17T07:06:11.040Z,"25 km NNE of Kod?ri??, Nepal",earthquake,10.2,5.7,0.101,32,reviewed,us,us
2015-05-12T08:35:36.710Z,27.7042,86.2108,10,4.4,mb,,170,0.589,0.36,us,us10002bg9,2015-07-17T07:06:11.040Z,"37 km SE of Kod?ri??, Nepal",earthquake,7.5,1.5,0.138,19,reviewed,us,us
2015-05-12T08:39:07.940Z,27.7431,86.01,10,4,mb,,171,0.741,0.4,us,us10002bga,2015-07-17T07:06:11.040Z,"24 km SSE of Kod?ri??, Nepal",earthquake,5.7,1.8,0.173,13,reviewed,us,us
2015-05-12T08:51:32.500Z,27.6469,86.2138,10,4.3,mb,,165,0.613,0.53,us,us10002bfg,2015-07-17T07:06:11.040Z,"43 km SE of Kod?ri??, Nepal",earthquake,8.7,1.9,0.177,11,reviewed,us,us
2015-05-12T08:52:30.290Z,28.0084,86.3358,10,4,mb,,142,0.423,0.49,us,us10002bfh,2015-07-17T07:06:11.040Z,"37 km E of Kod?ri??, Nepal",earthquake,7.5,1.8,0.196,11,reviewed,us,us
2015-05-12T08:59:39.740Z,27.7729,86.195,10,4.5,mb,,149,0.576,1.06,us,us20002emb,2022-07-31T07:05:44.006Z,"31 km SE of Kod?ri??, Nepal",earthquake,4.2,1.9,0.081,51,reviewed,us,us
2015-05-12T09:02:09.780Z,27.7318,86.0672,10,4.6,mb,,79,0.696,0.78,us,us10002bfi,2015-07-17T07:06:11.040Z,"27 km SSE of Kod?ri??, Nepal",earthquake,6.9,1.8,0.083,43,reviewed,us,us
2015-05-12T09:38:19.460Z,27.6658,86.2505,10,4.5,mb,,194,0.576,0.3,us,us10002bfm,2015-07-17T07:06:11.040Z,"43 km SE of Kod?ri??, Nepal",earthquake,7.5,2,0.242,5,reviewed,us,us
2015-05-12T09:44:38.980Z,27.7617,85.9301,10,4.2,mb,,131,0.804,0.92,us,us10002bgd,2015-07-17T07:06:12.040Z,"22 km S of Kod?ri??, Nepal",earthquake,5.3,1.9,0.159,11,reviewed,us,us
2015-05-12T10:15:07.680Z,27.7172,86.1734,10,4.3,mb,,106,0.614,1.38,us,us20002emm,2022-07-31T06:05:58.056Z,"34 km SE of Kod?ri??, Nepal",earthquake,5.2,1.9,0.101,28,reviewed,us,us
2015-05-12T10:31:00.570Z,27.6896,85.9158,10.01,4.4,mb,,138,0.837,1.2,us,us10002bh8,2015-07-17T07:06:12.040Z,"30 km S of Kod?ri??, Nepal",earthquake,7.2,2,0.19,8,reviewed,us,us
2015-05-12T10:35:39.950Z,27.6606,86.0849,10,4.5,mb,,38,0.708,1.11,us,us20002ems,2022-07-31T06:04:59.892Z,"35 km SSE of Kod?ri??, Nepal",earthquake,6.4,1.8,0.075,53,reviewed,us,us
2015-05-12T10:40:07.870Z,27.7987,86.4044,10,4.6,mb,,145,0.394,0.46,us,us10002bh9,2015-07-17T07:06:12.040Z,"30 km W of Namche Bazar, Nepal",earthquake,6.9,1.9,0.223,6,reviewed,us,us
2015-05-12T10:41:32.260Z,27.716,86.2746,10,4.5,mb,,153,0.533,1.07,us,us10002bg8,2015-07-17T07:06:12.040Z,"41 km SE of Kod?ri??, Nepal",earthquake,6.4,1.9,0.094,33,reviewed,us,us
2015-05-12T10:42:22.330Z,27.4765,86.3405,10,4,mb,,172,0.636,0.95,us,us10002bfs,2015-07-17T07:06:12.040Z,"51 km SW of Namche Bazar, Nepal",earthquake,7.2,1.9,0.211,6,reviewed,us,us
2015-05-12T10:53:22.920Z,27.7305,86.199,10,4,mb,,149,0.588,0.59,us,us10002bfu,2015-07-17T07:06:12.040Z,"34 km SE of Kod?ri??, Nepal",earthquake,6.3,1.9,0.156,11,reviewed,us,us
2015-05-12T11:06:34.600Z,27.6414,86.2033,10,4.2,mb,,165,0.624,0.74,us,us20002ep8,2015-07-17T07:06:12.040Z,"42 km SE of Kod?ri??, Nepal",earthquake,7.1,1.9,0.118,20,reviewed,us,us
2015-05-12T11:13:21.490Z,27.8202,85.982,10,4.1,mb,,191,0.747,0.86,us,us10002bfv,2015-07-17T07:06:12.040Z,"15 km S of Kod?ri??, Nepal",earthquake,6,1.9,0.165,10,reviewed,us,us
2015-05-12T11:21:30.590Z,27.6838,86.1369,10,4.4,mb,,162,0.657,0.71,us,us20002en0,2015-07-17T07:06:12.040Z,"35 km SSE of Kod?ri??, Nepal",earthquake,7.2,1.9,0.095,32,reviewed,us,us
2015-05-12T11:58:12.150Z,27.6936,85.9018,10,4.3,mb,,65,0.848,1.31,us,us20002en6,2015-07-17T07:06:12.040Z,"30 km S of Kod?ri??, Nepal",earthquake,7.4,1.9,0.092,34,reviewed,us,us
2015-05-12T12:28:22.930Z,27.6751,85.9931,10,4.5,mb,,101,0.778,1.21,us,us20002ena,2022-07-31T06:09:03.290Z,"Nepal",earthquake,4.6,1.9,0.091,35,reviewed,us,us
2015-05-12T13:02:17.180Z,27.6406,85.8062,10,4,mb,,175,0.945,0.91,us,us10002bhg,2015-07-17T07:06:12.040Z,"26 km E of Dhulikhel, Nepal",earthquake,9,1.9,0.26,4,reviewed,us,us
2015-05-12T13:08:10.140Z,27.6132,85.9896,10,4.4,mb,,169,0.805,0.29,us,us10002bg2,2015-07-17T07:06:12.040Z,"38 km S of Kod?ri??, Nepal",earthquake,5.3,1.9,0.178,9,reviewed,us,us
2015-05-12T13:10:40.840Z,27.8728,85.9511,10.61,4.1,mb,,149,0.766,0.86,us,us10002bg3,2015-07-17T07:06:12.040Z,"9 km S of Kod?ri??, Nepal",earthquake,6.4,5.6,0.174,9,reviewed,us,us
2015-05-12T13:25:25.120Z,27.6516,86.1632,7.9,4.2,mb,,164,0.65,0.45,us,us10002bg6,2015-07-17T07:06:12.040Z,"39 km SSE of Kod?ri??, Nepal",earthquake,6.7,5.4,0.132,16,reviewed,us,us
2015-05-12T13:43:17.520Z,27.7461,85.9016,10,4.4,mb,,172,0.833,0.64,us,us20002enh,2022-07-31T06:11:48.958Z,"24 km SSW of Kod?ri??, Nepal",earthquake,5.5,1.6,0.093,33,reviewed,us,us
2015-05-12T13:47:05.250Z,27.7321,85.8975,10,4.4,mb,,164,0.84,0.49,us,us10002bg7,2015-07-17T07:06:12.040Z,"25 km SSW of Kod?ri??, Nepal",earthquake,6.8,1.9,0.12,20,reviewed,us,us
2015-05-12T13:58:57.540Z,27.6013,86.2659,10,4.5,mb,,142,0.6,0.37,us,us10002bgb,2015-07-17T07:06:12.040Z,"49 km WSW of Namche Bazar, Nepal",earthquake,4.9,1.9,0.18,9,reviewed,us,us
2015-05-12T15:28:19.810Z,27.721,86.2602,10,4.4,mb,,149,0.542,0.8,us,us20002epr,2022-07-31T06:14:45.893Z,"39 km SE of Kod?ri??, Nepal",earthquake,6.3,1.9,0.098,30,reviewed,us,us
2015-05-12T15:32:25.690Z,27.7866,86.0808,10,4.2,mb,,191,0.669,0.52,us,us10002bgf,2015-07-17T07:06:12.040Z,"22 km SSE of Kod?ri??, Nepal",earthquake,5.8,2,0.198,7,reviewed,us,us
2015-05-12T15:59:46.930Z,27.6485,86.2971,10,4.4,mb,,191,0.55,0.88,us,us10002bgi,2015-07-17T07:06:12.040Z,"44 km WSW of Namche Bazar, Nepal",earthquake,5,1.9,0.189,8,reviewed,us,us
2015-05-12T16:15:14.100Z,27.7411,86.2211,10,4,mb,,134,0.566,0.43,us,us10002bgj,2015-07-17T07:06:12.040Z,"35 km SE of Kod?ri??, Nepal",earthquake,4.5,1.8,0.134,15,reviewed,us,us
2015-05-12T16:32:09.050Z,27.617,86.2307,10,4,mb,,150,0.617,1.1,us,us10002bgk,2015-07-17T07:06:12.040Z,"46 km SE of Kod?ri??, Nepal",earthquake,6.3,1.9,0.163,12,reviewed,us,us
2015-05-12T16:55:22.990Z,27.712,85.9418,6.54,4.4,mb,,143,0.808,0.68,us,us20002eqh,2022-07-31T06:15:48.582Z,"27 km S of Kod?ri??, Nepal",earthquake,5.8,3.5,0.083,42,reviewed,us,us
2015-05-12T17:28:39.250Z,27.4989,86.1266,10,4.8,mb,,44,0.76,0.75,us,us20002eqs,2022-07-31T06:16:50.731Z,"53 km SSE of Kod?ri??, Nepal",earthquake,7.4,1.8,0.048,135,reviewed,us,us
2015-05-12T18:49:05.090Z,27.717,86.2514,15.68,4,mb,,137,0.551,0.86,us,us10002bgp,2015-07-17T07:06:12.040Z,"39 km SE of Kod?ri??, Nepal",earthquake,5,2.9,0.173,9,reviewed,us,us
2015-05-12T18:51:44.210Z,27.6456,86.294,11.23,4.1,mb,,147,0.554,0.8,us,us20002erg,2022-07-31T11:39:41.737Z,"44 km WSW of Namche Bazar, Nepal",earthquake,4.8,4.8,0.101,29,reviewed,us,us
2015-05-12T19:34:59.090Z,27.6432,86.1584,10.93,4.3,mb,,165,0.658,0.76,us,us20002es6,2015-07-17T07:06:12.040Z,"40 km SSE of Kod?ri??, Nepal",earthquake,5.5,5.1,0.086,38,reviewed,us,us
2015-05-12T19:37:40.910Z,27.6868,86.1308,8.52,4.5,mb,,101,0.661,1.01,us,us20002ert,2022-07-31T06:34:11.810Z,"34 km SSE of Kod?ri??, Nepal",earthquake,5,4.1,0.066,67,reviewed,us,us
2015-05-12T20:22:16.260Z,27.5858,85.1413,13.35,4.3,mb,,124,1.526,1.32,us,us20002esf,2022-07-31T06:22:38.942Z,"16 km SW of Kirtipur, Nepal",earthquake,6.5,4.9,0.083,41,reviewed,us,us
2015-05-12T20:44:28.940Z,27.9152,86.2389,5.36,4,mb,,167,0.508,1.28,us,us20002esx,2022-07-31T06:35:12.711Z,"28 km E of Kod?ri??, Nepal",earthquake,7.2,6.7,0.102,26,reviewed,us,us
2015-05-12T21:25:11.930Z,27.783,84.6384,10,5.2,mb,,38,1.932,0.62,us,us20002etn,2022-07-31T06:21:43.509Z,"23 km ENE of Bharatpur, Nepal",earthquake,6,1.8,0.051,125,reviewed,us,us
2015-05-12T21:57:14.320Z,27.8032,86.0034,10,4,mb,,171,0.732,0.77,us,us10002bgv,2022-07-31T11:11:42.577Z,"18 km SSE of Kod?ri??, Nepal",earthquake,7,2,0.164,10,reviewed,us,us
2015-05-13T02:23:10.920Z,27.6695,86.2315,10,4.1,mb,,171,0.589,1.12,us,us20002ev6,2022-07-31T06:26:25.342Z,"42 km SE of Kod?ri??, Nepal",earthquake,5.6,1.9,0.111,22,reviewed,us,us
2015-05-13T02:43:47.590Z,27.6248,86.3299,10,4.1,mb,,153,0.541,0.68,us,us10002bhx,2022-07-31T10:38:49.057Z,"42 km WSW of Namche Bazar, Nepal",earthquake,8.2,2,0.158,11,reviewed,us,us
2015-05-13T06:26:07.550Z,27.6539,86.1557,10,4.7,mb,,118,0.655,0.69,us,us20002evz,2022-07-31T06:33:32.311Z,"39 km SSE of Kod?ri??, Nepal",earthquake,6.7,1.9,0.061,89,reviewed,us,us
2015-05-13T06:37:30.290Z,27.7582,86.1379,10,4.5,mb,,146,0.629,0.93,us,us20002ew1,2015-07-17T07:06:14.040Z,"28 km SE of Kod?ri??, Nepal",earthquake,7.5,1.9,0.08,46,reviewed,us,us
2015-05-13T06:53:00.780Z,27.7201,86.1891,10,4.8,mb,,88,0.6,0.73,us,us20002ew5,2022-07-31T06:29:12.686Z,"35 km SE of Kod?ri??, Nepal",earthquake,8.7,1.9,0.059,87,reviewed,us,us
2015-05-13T09:52:27.990Z,27.7666,86.3084,10,4.2,mb,,150,0.484,1.06,us,us10002bi5,2015-07-17T07:06:14.040Z,"39 km W of Namche Bazar, Nepal",earthquake,5,1.8,0.159,11,reviewed,us,us
2015-05-13T10:59:41.150Z,27.8014,86.038,10,4.2,mb,,101,0.702,0.67,us,us20002eza,2022-07-31T06:32:13.890Z,"19 km SSE of Kod?ri??, Nepal",earthquake,6.2,1.9,0.104,26,reviewed,us,us
2015-05-13T21:38:06.390Z,27.7199,86.0503,8.38,5,mb,,40,0.715,0.65,us,us100028tz,2022-07-31T06:38:05.984Z,"28 km SSE of Kod?ri??, Nepal",earthquake,6.5,4.3,0.046,150,reviewed,us,us
2015-05-14T03:07:38.770Z,27.6713,86.1515,10,4.4,mb,,83,0.651,0.74,us,us100028wa,2015-07-23T01:03:58.040Z,"37 km SSE of Kod?ri??, Nepal",earthquake,4.6,1.8,0.109,24,reviewed,us,us
2015-05-14T14:36:39.530Z,28.1148,85.3994,10,3.9,mb,,169,1.258,1.15,us,us1000294u,2022-07-31T06:53:09.139Z,"45 km NNW of Nagarkot, Nepal",earthquake,13.9,2,0.171,9,reviewed,us,us
2015-05-15T01:42:42.800Z,27.9719,84.7499,10,4.9,mb,,40,1.823,0.91,us,us1000295r,2022-07-31T06:55:52.887Z,"45 km NE of Bharatpur, Nepal",earthquake,8.1,1.8,0.047,145,reviewed,us,us
2015-05-15T21:15:13.330Z,31.0754,67.8671,22.27,4.1,mb,,144,3.594,1.19,us,us100029la,2015-07-23T01:04:01.040Z,"38 km NNE of Khadan Khak, Pakistan",earthquake,9.9,8.3,0.126,17,reviewed,us,us
2015-05-16T00:46:06.830Z,28.0074,84.5187,10,4.1,mb,,70,0.764,0.63,us,us10002ch0,2015-07-23T01:04:02.040Z,"37 km NNE of Bharatpur, Nepal",earthquake,6.2,1.9,0.109,23,reviewed,us,us
2015-05-16T03:39:26.920Z,27.6386,85.713,10,4.7,mb,,40,5.182,0.55,us,us100029pb,2022-07-31T07:13:14.269Z,"16 km E of Dhulikhel, Nepal",earthquake,7.9,1.8,0.051,119,reviewed,us,us
2015-05-16T03:50:21.210Z,27.4751,85.1653,10,4.2,mb,,135,5.692,0.86,us,us100029pj,2015-07-23T01:04:02.040Z,"14 km ENE of Hetauda, Nepal",earthquake,6.9,1.8,0.101,27,reviewed,us,us
2015-05-16T08:36:17.410Z,30.9149,69.8295,10,4.3,mb,,115,3.675,0.96,us,us100029qt,2015-07-23T01:04:02.040Z,"59 km SE of Zhob, Pakistan",earthquake,6.3,1.9,0.188,8,reviewed,us,us
2015-05-16T11:34:09.980Z,27.5603,86.0734,7,5.5,mww,,13,4.928,0.72,us,us100029rn,2022-07-31T07:18:14.026Z,"45 km SSE of Kod?ri??, Nepal",earthquake,7.5,1.7,,,reviewed,us,us
2015-05-16T20:02:53.740Z,28.0094,84.6978,10,4.1,mb,,170,5.885,0.7,us,us10002cht,2015-07-23T01:04:03.040Z,"44 km NE of Bharatpur, Nepal",earthquake,10.5,1.9,0.234,5,reviewed,us,us
2015-05-16T23:15:26.060Z,27.6804,85.9514,10,4.4,mb,,88,4.973,0.74,us,us100029vn,2022-07-31T07:23:05.276Z,"31 km S of Kod?ri??, Nepal",earthquake,8,1.9,0.077,48,reviewed,us,us
2015-05-17T05:45:38.500Z,27.5777,85.8239,10,4.3,mb,,157,5.119,0.73,us,us100029x0,2022-07-31T07:25:51.324Z,"28 km E of Dhulikhel, Nepal",earthquake,8.1,1.8,0.077,48,reviewed,us,us
2015-05-17T09:10:12.060Z,30.0204,70.0315,24.42,4.2,mb,,194,4.548,1.26,us,us100029xp,2015-07-23T01:04:05.040Z,"50 km ENE of Barkhan, Pakistan",earthquake,13.7,7,0.236,5,reviewed,us,us
2015-05-18T12:42:09.240Z,27.9438,84.6997,10,4.1,mb,,103,6.821,0.5,us,us20002k1p,2015-07-23T01:04:07.040Z,"39 km NE of Bharatpur, Nepal",earthquake,11.8,1.9,0.175,10,reviewed,us,us
2015-05-18T13:05:35.290Z,8.4736,93.4951,58.52,4.5,mb,,129,3.247,0.15,us,us20002k1r,2015-07-23T01:04:07.040Z,"Nicobar Islands, India region",earthquake,4.8,10.1,0.271,4,reviewed,us,us
2015-05-18T16:46:36.840Z,34.1771,73.7435,32.32,4.3,mb,,73,0.657,1.16,us,us10002a88,2015-07-23T01:04:08.040Z,"30 km WNW of Uri, India",earthquake,4.6,5.6,0.087,37,reviewed,us,us
2015-05-18T22:49:50.890Z,27.5867,85.8925,10,4.4,mb,,134,5.06,0.73,us,us10002adq,2022-07-31T07:46:40.138Z,"34 km E of Dhulikhel, Nepal",earthquake,3.7,1.9,0.074,52,reviewed,us,us
2015-05-19T09:34:31.210Z,36.283,70.8843,124.12,4,mb,,97,0.876,0.74,us,us10002ah5,2015-07-23T01:04:10.040Z,"64 km S of Jurm, Afghanistan",earthquake,4.6,6,0.164,10,reviewed,us,us
2015-05-19T10:59:30.690Z,27.7722,85.868,10,4.2,mb,,163,5.002,1.28,us,us10002ahe,2022-07-31T07:56:00.675Z,"22 km SSW of Kod?ri??, Nepal",earthquake,7.2,1.9,0.1,28,reviewed,us,us
2015-05-20T09:02:32.260Z,27.3231,85.0483,10,4.6,mb,,145,5.85,0.81,us,us10002ar2,2022-07-31T08:08:10.373Z,"11 km S of Hetauda, Nepal",earthquake,6.8,1.7,0.077,52,reviewed,us,us
2015-05-21T09:11:55.640Z,27.8173,85.209,10,4,mb,,176,6.353,0.58,us,us20002kyi,2015-07-29T01:35:30.040Z,"16 km NNW of Kirtipur, Nepal",earthquake,9.1,2,0.172,9,reviewed,us,us
2015-05-21T12:43:35.350Z,22.7454,95.8893,22.56,4.2,mb,,132,3.924,0.53,us,us10002b3j,2015-07-29T01:35:30.040Z,"27 km NE of Shwebo, Myanmar",earthquake,5.8,5.8,0.132,16,reviewed,us,us
2015-05-22T10:59:33.780Z,27.9555,84.9671,10,4.7,mb,,41,0.392,0.88,us,us10002bcr,2022-07-31T08:31:48.889Z,"43 km NW of Kirtipur, Nepal",earthquake,5.5,1.7,0.056,97,reviewed,us,us
2015-05-22T11:45:47.370Z,27.5438,86.0511,10,4.3,mb,,127,0.673,0.85,us,us10002bd0,2022-07-31T08:35:40.062Z,"47 km SSE of Kod?ri??, Nepal",earthquake,6.1,1.6,0.089,36,reviewed,us,us
2015-05-22T13:04:05.930Z,27.6635,85.6936,10,4.1,mb,,85,5.187,0.94,us,us20002la2,2015-07-29T01:35:33.040Z,"Nepal",earthquake,6.8,1.9,0.123,19,reviewed,us,us
2015-05-22T19:07:41.930Z,29.8042,81.6888,10,4.3,mb,,75,3.805,0.98,us,us10002blt,2022-07-31T08:39:16.749Z,"73 km SE of Burang, China",earthquake,8.1,1.9,0.082,42,reviewed,us,us
2015-05-24T21:38:40.840Z,28.0271,84.6734,10,4.4,mb,,41,0.649,0.56,us,us10002bye,2022-07-31T09:00:35.217Z,"45 km NNE of Bharatpur, Nepal",earthquake,4.8,1.8,0.072,55,reviewed,us,us
2015-05-25T10:46:03.060Z,28.5718,87.2411,42.44,4.3,mb,,132,3.581,1.09,us,us10002c08,2015-07-29T01:35:43.040Z,"80 km NNE of Lobujya, Nepal",earthquake,9.1,5.8,0.092,33,reviewed,us,us
2015-05-25T15:59:02.060Z,22.1323,93.2059,53.29,4.5,mb,,246,5.261,0.48,us,us20002m1h,2015-07-29T01:35:43.040Z,"46 km SSE of Saiha, India",earthquake,19.9,12.7,0.222,6,reviewed,us,us
2015-05-26T14:15:30.970Z,27.3029,85.0688,10,3.7,mb,,169,0.463,1.17,us,us10002ccn,2022-07-31T09:36:48.140Z,"14 km SSE of Hetauda, Nepal",earthquake,6,1.9,0.191,7,reviewed,us,us
2015-05-26T17:07:14.360Z,28.2338,85.1005,10,4.6,mb,,71,0.553,1.05,us,us10002c8p,2022-07-31T09:27:25.750Z,"62 km NNW of Kathmandu, Nepal",earthquake,6.6,1.9,0.06,83,reviewed,us,us
2015-05-26T17:24:13.450Z,24.2488,93.9733,64.58,4.3,mb,,130,2.327,1.01,us,us10002c8y,2015-07-29T01:35:46.040Z,"27 km S of Kakching, India",earthquake,9.2,8.9,0.08,45,reviewed,us,us
2015-05-27T07:30:41.910Z,27.3256,84.6635,10,4,mb,,168,0.695,1.4,us,us10002cpp,2015-07-29T01:35:48.040Z,"38 km ENE of R?mnagar, India",earthquake,7.4,1.9,0.099,30,reviewed,us,us
2015-05-27T07:30:58.810Z,27.4029,84.716,10,4.4,mb,,164,0.615,1.29,us,us10002cg5,2022-07-31T09:47:05.797Z,"31 km W of Hetauda, Nepal",earthquake,7.7,1.9,0.091,35,reviewed,us,us
2015-05-27T16:45:00.460Z,28.2528,84.9717,10,4.1,mb,,157,0.618,1.48,us,us20002mcv,2015-07-29T01:35:49.040Z,"70 km NNW of Kathmandu, Nepal",earthquake,5.9,1.9,0.097,29,reviewed,us,us
2015-05-28T06:04:23.110Z,34.5503,90.9239,13.97,4.4,mb,,94,4.836,0.74,us,us20002jy4,2015-08-08T00:48:45.040Z,"Southern Qinghai, China",earthquake,7.6,3.5,0.066,66,reviewed,us,us
2015-05-28T23:35:52.170Z,28.0923,84.6435,10,4,mb,,177,0.705,0.52,us,us20002mzl,2015-08-08T00:48:55.040Z,"50 km NNE of Bharatpur, Nepal",earthquake,10.1,2,0.211,6,reviewed,us,us
2015-05-29T10:00:00.270Z,27.9798,84.7819,10,4.8,mb,,41,0.542,0.91,us,us20002kau,2022-07-31T10:07:29.021Z,"47 km NE of Bharatpur, Nepal",earthquake,6.7,1.6,0.052,112,reviewed,us,us
2015-05-30T00:04:45.590Z,34.5823,90.9881,10,4.8,mb,,72,4.866,0.66,us,us20002kg5,2015-08-08T00:49:08.040Z,"Southern Qinghai, China",earthquake,6.8,1.8,0.047,136,reviewed,us,us
2015-05-30T16:28:19.320Z,27.8802,84.9263,10,4.3,mb,,132,0.383,1.34,us,us20002knv,2022-07-31T10:16:47.803Z,"41 km WNW of Kirtipur, Nepal",earthquake,6.5,1.9,0.088,36,reviewed,us,us
2015-05-31T12:48:31.010Z,30.1426,69.8306,39.32,4.4,mb,,100,4.435,0.99,us,us20002ktn,2015-08-08T00:49:29.040Z,"40 km NE of Barkhan, Pakistan",earthquake,9.1,7.1,0.082,43,reviewed,us,us
2015-05-31T16:55:50.180Z,33.1388,71.4176,37.52,4.5,mb,,118,1.63,1.05,us,us20002ku4,2015-08-08T00:49:32.040Z,"23 km NNW of Kalabagh, Pakistan",earthquake,8.2,7.4,0.136,16,reviewed,us,us
2015-06-01T07:12:08.970Z,26.2683,95.7989,114.83,4.3,mb,,148,3.618,0.46,us,us20002pay,2015-08-08T00:49:40.040Z,"86 km SSE of Khonsa, India",earthquake,13.5,10.4,0.16,11,reviewed,us,us
2015-06-01T14:07:50.200Z,4.6521,95.5695,73.45,5,mb,,79,1.487,0.83,us,us20002l18,2022-07-31T10:46:22.604Z,"83 km NW of Meulaboh, Indonesia",earthquake,8.3,5.6,0.052,119,reviewed,us,us
2015-06-01T14:41:08.570Z,36.1184,70.3377,115.07,4.8,mb,,65,1.023,0.8,us,us20002l1e,2022-07-31T10:50:01.020Z,"66 km SE of Farkh?r, Afghanistan",earthquake,5.8,3.1,0.041,183,reviewed,us,us
2015-06-03T07:52:37.640Z,28.011,86.0953,10,4,mb,,114,0.751,1.46,us,us20002pdj,2015-08-08T00:50:11.040Z,"14 km ENE of Kod?ri??, Nepal",earthquake,5.2,1.9,0.172,14,reviewed,us,us
2015-06-04T03:47:42.710Z,34.711,91.4559,25.29,4,mb,,69,5.001,0.56,us,us20002lxe,2015-08-10T13:08:19.040Z,"Southern Qinghai, China",earthquake,11.4,5.2,0.164,10,reviewed,us,us
2015-06-06T02:49:49.110Z,5.5272,94.3066,43.89,4.2,mb,,190,5.396,0.76,us,us20002qb8,2015-08-10T13:08:21.040Z,"113 km W of Banda Aceh, Indonesia",earthquake,8.4,11.2,0.216,6,reviewed,us,us
2015-06-06T11:02:28.850Z,4.8426,95.5885,80.61,4,mb,,129,1.406,0.22,us,us20002qbq,2015-08-10T13:08:22.040Z,"72 km SW of Sigli, Indonesia",earthquake,10.1,9.6,0.212,7,reviewed,us,us
2015-06-07T05:17:45.900Z,27.9734,85.5328,10,4.2,mb,,70,5.201,0.71,us,us20002qpy,2022-07-31T16:23:22.551Z,"28 km N of Nagarkot, Nepal",earthquake,11.2,1.9,0.128,17,reviewed,us,us
2015-06-07T19:47:29.440Z,19.0767,94.8369,62.42,4.2,mb,,114,2.964,0.6,us,us20002qqc,2015-08-10T13:08:23.040Z,"45 km SW of Thayetmyo, Myanmar",earthquake,4.3,7.4,0.186,8,reviewed,us,us
2015-06-08T15:21:14.840Z,6.6741,91.9733,34.82,4.5,mb,,142,5.008,0.59,us,us10002k1u,2015-08-10T13:08:25.040Z,"Nicobar Islands, India region",earthquake,4,4.9,0.115,22,reviewed,us,us
2015-06-11T04:17:46.340Z,27.8955,85.7959,10,4.2,mb,,135,0.462,0.7,us,us10002l5z,2015-08-20T00:43:53.040Z,"17 km WSW of Kod?ri??, Nepal",earthquake,6.4,1.5,0.118,20,reviewed,us,us
2015-06-11T06:28:55.230Z,7.8563,94.1797,10,4.4,mb,,93,3.791,0.78,us,us10002l61,2015-08-20T00:43:53.040Z,"251 km NNW of Sabang, Indonesia",earthquake,8.1,1.9,0.149,13,reviewed,us,us
2015-06-11T16:12:20.290Z,27.8321,85.5836,24.49,4.8,mb,,76,0.265,0.61,us,us20002p1y,2022-07-31T12:27:46.292Z,"14 km NNE of Nagarkot, Nepal",earthquake,8,1.4,0.052,114,reviewed,us,us
2015-06-11T19:37:06.220Z,28.115,84.6937,10.32,4.4,mb,,96,0.681,1.06,us,us20002p53,2015-08-20T00:43:54.040Z,"54 km NNE of Bharatpur, Nepal",earthquake,6.3,4.5,0.075,51,reviewed,us,us
2015-06-12T00:24:19.850Z,22.8401,94.7168,97.79,4.2,mb,,146,2.842,0.74,us,us10002ld2,2015-08-20T00:43:54.040Z,"91 km NNW of Monywa, Myanmar",earthquake,9.3,9.1,0.146,13,reviewed,us,us
2015-06-12T04:34:10.000Z,27.7705,86.0379,10,4,mb,,140,0.642,0.78,us,us10002ld5,2015-08-20T00:43:54.040Z,"22 km SSE of Kod?ri??, Nepal",earthquake,7.8,2,0.231,8,reviewed,us,us
2015-06-12T08:52:01.440Z,36.1499,70.3623,94.96,4.3,mb,,79,0.988,0.82,us,us20002p9g,2015-08-20T00:43:55.040Z,"65 km SE of Farkh?r, Afghanistan",earthquake,6.7,10.9,0.238,5,reviewed,us,us
2015-06-12T18:29:30.290Z,14.0119,93.5776,48.57,5.2,mb,,37,2.479,1.13,us,us20002pfu,2022-05-03T17:25:58.592Z,"272 km NNE of Bamboo Flat, India",earthquake,6.4,2.6,0.046,153,reviewed,us,us
2015-06-12T18:37:34.460Z,36.2913,68.9424,34.16,4.4,mb,,76,1.428,1.03,us,us20002pg6,2015-08-20T00:43:55.040Z,"27 km NE of Baghl?n, Afghanistan",earthquake,4,6.5,0.127,19,reviewed,us,us
2015-06-13T01:18:30.200Z,27.6326,86.0709,10,4.8,mb,,40,0.674,0.68,us,us20002pk4,2022-07-31T12:46:09.800Z,"38 km SSE of Kod?ri??, Nepal",earthquake,6.6,1.9,0.057,94,reviewed,us,us
2015-06-14T07:47:46.830Z,28.1763,85.7529,10,4.1,mb,,94,0.602,0.57,us,us10002lx6,2015-08-20T00:43:57.040Z,"31 km NW of Kod?ri??, Nepal",earthquake,6.3,1.4,0.127,19,reviewed,us,us
2015-06-14T23:51:14.700Z,35.1606,69.9989,123.25,4.1,mb,,114,1,0.84,us,us20002ptg,2015-08-20T00:43:58.040Z,"46 km NE of Tag?b, Afghanistan",earthquake,4.4,9.5,0.368,2,reviewed,us,us
2015-06-15T19:10:26.830Z,9.7304,93.3507,58.68,4.3,mb,,121,10.229,0.98,us,us10002lyg,2015-08-20T00:43:58.040Z,"224 km SSE of Port Blair, India",earthquake,12.4,7.7,0.133,16,reviewed,us,us
2015-06-15T21:39:20.250Z,22.0838,94.1411,75.37,4.3,mb,,101,2.386,0.35,us,us10002lym,2015-08-20T00:43:59.040Z,"82 km SE of Hakha, Myanmar",earthquake,10.5,7.6,0.16,11,reviewed,us,us
2015-06-17T00:13:20.190Z,27.7381,85.2944,5.7,4,mb,,129,0.031,1,us,us20002qj3,2022-07-31T13:40:47.108Z,"4 km NNW of Kathmandu, Nepal",earthquake,17.6,7.8,0.183,8,reviewed,us,us
2015-06-17T00:29:59.050Z,27.9426,85.4981,10,4.3,mb,,77,0.28,1.34,us,us20002qj4,2022-07-31T13:41:39.894Z,"25 km N of Nagarkot, Nepal",earthquake,4.6,1.8,0.084,40,reviewed,us,us
2015-06-17T02:15:14.610Z,28.2774,85.8766,10,4.3,mb,,72,0.75,0.97,us,us20002qjl,2022-07-31T13:42:40.968Z,"35 km NNW of Kod?ri??, Nepal",earthquake,7,1.9,0.078,47,reviewed,us,us
2015-06-18T11:28:10.860Z,28.3717,69.4654,17.1,4.1,mb,,125,6.16,1.04,us,us10002jyr,2015-09-01T00:53:49.040Z,"13 km WSW of Kashmor, Pakistan",earthquake,9.3,5.1,0.166,10,reviewed,us,us
2015-06-20T12:23:05.580Z,28.5523,82.6319,10,4.7,mb,,92,2.513,0.61,us,us10002khh,2022-07-31T14:14:15.599Z,"41 km NNE of Besisahar, Nepal",earthquake,8.2,1.8,0.056,97,reviewed,us,us
2015-06-20T17:20:03.890Z,35.962,70.4685,96.96,4.2,mb,,86,1.164,1.19,us,us10002kin,2015-09-01T00:53:52.040Z,"72 km NW of P?r?n, Afghanistan",earthquake,5.9,6.5,0.159,12,reviewed,us,us
2015-06-21T04:02:46.670Z,32.69,83.238,10,4.3,mb,,138,8.413,0.62,us,us10002kme,2015-09-01T00:53:52.040Z,"western Xizang",earthquake,7.5,1.8,0.126,18,reviewed,us,us
2015-06-21T13:41:47.330Z,27.8059,86.0295,10,4.1,mb,,129,0.639,0.57,us,us10002np2,2015-09-01T00:53:53.040Z,"18 km SSE of Kod?ri??, Nepal",earthquake,7.7,1.9,0.145,13,reviewed,us,us
2015-06-22T07:34:31.780Z,27.5413,85.9898,10,4.3,mb,,156,0.622,0.25,us,us20002w0e,2015-09-01T00:53:54.040Z,"45 km ESE of Dhulikhel, Nepal",earthquake,6,2,0.202,7,reviewed,us,us
2015-06-25T15:22:19.450Z,27.8139,85.3302,10,3.7,mb,,121,0.101,1.29,us,us10002lnq,2022-07-31T15:05:24.277Z,"12 km N of Kathmandu, Nepal",earthquake,15.9,2,0.178,8,reviewed,us,us
2015-06-27T04:05:36.330Z,36.1931,70.576,121.8,4.1,mb,,88,0.93,0.71,us,us10002m1l,2015-09-02T22:37:20.040Z,"76 km ESE of Farkh?r, Afghanistan",earthquake,6.9,9.3,0.371,2,reviewed,us,us
2015-06-28T01:05:28.560Z,26.6384,90.41,26,5.1,mwb,,36,1.682,0.99,us,us10002m67,2022-07-31T15:28:46.020Z,"18 km N of B?sugaon, India",earthquake,6.7,1.8,0.083,14,reviewed,us,us
2015-06-28T20:45:45.970Z,4.4979,93.8818,28.2,4.1,mb,,138,3.139,0.89,us,us20002x7l,2015-09-02T22:37:23.040Z,"198 km SW of Banda Aceh, Indonesia",earthquake,8.3,7.4,0.175,10,reviewed,us,us
2015-06-28T23:57:15.530Z,28.0316,86.056,10,4.7,mb,,94,0.728,1.26,us,us10002m90,2022-07-31T15:46:25.420Z,"12 km NE of Kod?ri??, Nepal",earthquake,6.8,1.9,0.062,78,reviewed,us,us
2015-06-29T17:42:43.450Z,28.003,85.6279,10,4,mb,,91,0.4,1.05,us,us10002mfa,2022-07-31T15:59:30.799Z,"32 km W of Kod?ri??, Nepal",earthquake,8.6,1.9,0.108,23,reviewed,us,us
2015-06-29T21:46:23.940Z,27.4724,85.7525,10,4.3,mb,,141,0.455,0.91,us,us10002mfm,2015-09-02T22:37:24.040Z,"26 km ESE of Panauti, Nepal",earthquake,6.8,1.9,0.09,35,reviewed,us,us
2015-06-30T13:15:57.200Z,26.0436,90.7596,42.34,4,mb,,141,1.096,1.17,us,us20002xmg,2015-09-02T22:37:25.040Z,"19 km SE of Go?lp?ra, India",earthquake,9,11.3,0.183,9,reviewed,us,us
2015-06-30T15:48:07.630Z,11.1788,94.7854,45.33,4.5,mb,,144,2.057,0.69,us,us20002xmm,2015-09-02T22:37:25.040Z,"228 km ESE of Port Blair, India",earthquake,14.7,9.5,0.163,11,reviewed,us,us
2015-07-01T02:42:40.790Z,27.2728,91.2869,35.46,4.5,mb,,133,1.774,0.76,us,us20002xqe,2022-07-31T19:03:01.124Z,"4 km E of Mongar, Bhutan",earthquake,7.4,8.1,0.093,34,reviewed,us,us
2015-07-02T01:56:11.700Z,27.9835,85.5714,10,4.2,mb,,59,0.352,0.9,us,us10002mxq,2022-07-31T16:19:22.580Z,"30 km N of Nagarkot, Nepal",earthquake,6.5,1.9,0.087,37,reviewed,us,us
2015-07-02T07:18:24.020Z,34.4513,73.7102,10,5.3,mb,,40,0.878,1.05,us,us10002mzg,2022-07-31T16:22:17.052Z,"23 km ENE of Muzaffar?b?d, Pakistan",earthquake,5.3,1.8,0.06,92,reviewed,us,us
2015-07-03T00:37:45.350Z,13.1543,93.2895,50.79,4.8,mb,,64,1.582,0.56,us,us10002n4u,2015-09-30T00:20:52.040Z,"172 km NNE of Bamboo Flat, India",earthquake,8.7,7.5,0.06,86,reviewed,us,us
2015-07-03T02:20:32.030Z,11.4867,94.9322,10,4.8,mb,,55,2.15,0.93,us,us10002n5i,2015-09-30T00:20:52.040Z,"239 km E of Port Blair, India",earthquake,7.2,1.7,0.064,83,reviewed,us,us
2015-07-03T03:16:35.510Z,11.4234,95.032,8.71,5.5,mww,,30,2.254,0.76,us,us10002n5q,2022-05-03T17:26:44.535Z,"250 km E of Port Blair, India",earthquake,3.9,3,,,reviewed,us,us
2015-07-03T17:01:22.160Z,23.7112,94.6007,81.49,4,mb,,106,2.91,0.87,us,us20002yxw,2015-09-30T00:20:53.040Z,"21 km ENE of Mawlaik, Myanmar",earthquake,10.1,11.8,0.163,12,reviewed,us,us
2015-07-03T20:04:07.080Z,27.7236,84.9064,3.36,4.5,mb,,93,0.362,0.86,us,us10002nbj,2022-07-31T16:48:05.899Z,"34 km NNW of Hetauda, Nepal",earthquake,7.2,4.2,0.065,69,reviewed,us,us
2015-07-04T18:41:36.360Z,12.9416,93.2393,48.47,4.5,mb,,129,1.366,0.64,us,us20002z7w,2015-09-30T00:20:56.040Z,"148 km NNE of Bamboo Flat, India",earthquake,7.6,10.2,0.221,8,reviewed,us,us
2015-07-04T23:08:20.420Z,24.7918,95.3332,131.72,4.4,mb,,74,3.243,0.83,us,us20002z7t,2015-09-30T00:20:56.040Z,"128 km SE of Phek, India",earthquake,9.2,7.8,0.105,26,reviewed,us,us
2015-07-06T15:29:07.940Z,27.9368,85.6886,10,4.2,mb,,103,0.398,0.42,us,us20002vji,2022-07-31T17:08:43.773Z,"26 km W of Kod?ri??, Nepal",earthquake,6,1.9,0.141,14,reviewed,us,us
2015-07-07T09:31:41.580Z,29.6068,81.733,10,4.2,mb,,146,3.67,1.24,us,us200030f8,2015-09-30T00:21:00.040Z,"57 km NW of Jumla, Nepal",earthquake,9,1.9,0.118,20,reviewed,us,us
2015-07-08T00:38:56.010Z,4.9946,94.7348,34.26,5.3,mb,,36,2.216,1.33,us,us20002vwj,2025-12-22T17:08:05.211Z,"89 km SW of Banda Aceh, Indonesia",earthquake,8.2,3.8,0.045,161,reviewed,us,us
2015-07-08T23:39:19.780Z,35.8218,81.1399,10,4.1,mb,,125,6.447,0.59,us,us20002w7j,2015-09-30T00:21:03.040Z,"178 km SE of Hotan, China",earthquake,11,2,0.165,10,reviewed,us,us
2015-07-09T03:30:01.840Z,34.6941,74.1123,63.07,4.2,mb,,87,1.254,0.74,us,us20002w84,2015-10-09T20:19:09.040Z,"55 km NW of Sopur, India",earthquake,5.5,8.4,0.152,12,reviewed,us,us
2015-07-10T00:09:08.210Z,32.8153,81.9042,16.44,4,mb,,150,7.283,0.74,us,us200031az,2015-10-09T20:19:10.040Z,"287 km NNE of Burang, China",earthquake,10.1,6.3,0.211,6,reviewed,us,us
2015-07-10T01:53:14.730Z,27.4318,94.1447,14.66,4.1,mb,,141,3.487,0.86,us,us200031b2,2015-10-09T20:19:10.040Z,"22 km N of North Lakhimpur, India",earthquake,12.3,4.9,0.117,20,reviewed,us,us
2015-07-10T03:19:35.520Z,5.6469,93.3583,35.15,4.2,mb,,142,3.597,0.65,us,us200031b6,2015-10-09T20:19:10.040Z,"218 km W of Sabang, Indonesia",earthquake,6.8,10.4,0.175,9,reviewed,us,us
2015-07-10T12:53:23.250Z,26.6628,90.5991,19.67,4.3,mb,,162,1.571,0.87,us,us20002wjm,2015-10-09T20:19:11.040Z,"20 km N of Bongaigaon, India",earthquake,7.7,2,0.109,24,reviewed,us,us
2015-07-10T21:13:01.030Z,27.7297,86.0836,10,4.2,mb,,101,0.681,0.56,us,us20002wnl,2015-10-09T20:19:11.040Z,"28 km SSE of Kod?ri??, Nepal",earthquake,4.7,1.9,0.087,37,reviewed,us,us
2015-07-13T01:46:26.290Z,35.6768,73.5958,60.1,4.2,mb,,134,2.039,1.12,us,us20002x1c,2015-10-09T20:19:15.040Z,"70 km WSW of Gilgit, Pakistan",earthquake,7.1,10.4,0.159,11,reviewed,us,us
2015-07-13T08:54:17.530Z,5.5738,93.1842,19.75,4.3,mb,,199,3.762,0.55,us,us10002wx8,2015-10-09T20:19:15.040Z,"238 km W of Banda Aceh, Indonesia",earthquake,15.9,7.3,0.177,9,reviewed,us,us
2015-07-14T05:46:15.620Z,34.3654,73.738,25.36,4.5,mb,,116,0.812,1.37,us,us20002xcp,2015-10-09T20:19:17.040Z,"24 km E of Muzaffar?b?d, Pakistan",earthquake,6.5,6.3,0.18,9,reviewed,us,us
2015-07-14T14:35:51.600Z,35.8708,70.9958,89.24,4.7,mb,,65,1.297,0.83,us,us20002xdw,2015-10-09T20:19:17.040Z,"50 km N of P?r?n, Afghanistan",earthquake,6.6,6.7,0.049,125,reviewed,us,us
2015-07-17T04:21:39.940Z,32.7191,83.3035,10,4.2,mb,,144,7.343,0.78,us,us10002ztt,2015-10-14T21:05:38.040Z,"western Xizang",earthquake,4.4,1.9,0.263,4,reviewed,us,us
2015-07-17T22:53:20.630Z,35.6289,67.6036,5.81,4.1,mb,,94,1.603,1.09,us,us20002y9u,2015-10-14T21:05:40.040Z,"79 km SSW of A?bak, Afghanistan",earthquake,6.4,6.4,0.124,18,reviewed,us,us
2015-07-18T05:41:26.540Z,30.4,94.8689,10,5.1,mb,,45,3.317,0.58,us,us20002ybg,2022-05-03T19:03:49.577Z,"212 km NNE of Shi Yomi, India",earthquake,5.9,1.7,0.063,82,reviewed,us,us
2015-07-18T09:10:39.960Z,30.3823,94.944,35.94,4.1,mb,,116,3.378,0.6,us,us1000306t,2015-10-14T21:05:41.040Z,"212 km NNE of Shi Yomi, India",earthquake,9,7.7,0.097,29,reviewed,us,us
2015-07-18T23:48:08.680Z,30.4476,79.1538,10,4.4,mb,,97,5.929,0.58,us,us20002ygc,2015-10-14T21:05:43.040Z,"24 km NE of Rudrapray?g, India",earthquake,9.5,1.9,0.09,36,reviewed,us,us
2015-07-20T15:28:44.690Z,30.3218,94.9308,33.65,4.9,mb,,49,3.356,0.86,us,us20002ynu,2022-05-03T17:27:05.018Z,"205 km NNE of Shi Yomi, India",earthquake,8.6,4.9,0.052,116,reviewed,us,us
2015-07-21T01:27:07.530Z,19.0777,96.2302,9.49,5,mb,,31,1.654,0.46,us,us20002ysq,2015-10-14T21:05:47.040Z,"26 km NW of Taungoo, Myanmar",earthquake,6.7,3.6,0.047,143,reviewed,us,us
2015-07-21T04:19:38.070Z,30.3099,95.047,40.39,4.1,mb,,113,3.453,0.79,us,us20002yte,2015-10-14T21:05:47.040Z,"207 km NNE of Shi Yomi, India",earthquake,6.9,7.8,0.106,24,reviewed,us,us
2015-07-21T08:21:37.980Z,24.0249,93.694,59.71,4.2,mb,,174,2.268,0.29,us,us1000312b,2015-10-14T21:05:48.040Z,"34 km S of Chur?ch?ndpur, India",earthquake,15.6,5.2,0.175,9,reviewed,us,us
2015-07-21T15:10:20.470Z,30.3416,94.8353,33.88,4.7,mb,,60,3.278,0.72,us,us20002yw5,2015-10-14T21:05:48.040Z,"205 km NNE of Shi Yomi, India",earthquake,10,5.5,0.061,83,reviewed,us,us
2015-07-21T23:35:05.320Z,33.1185,86.8138,43.72,4.1,mb,,109,5.018,1.38,us,us20002z3a,2015-10-14T21:05:49.040Z,"western Xizang",earthquake,10.8,6.5,0.12,19,reviewed,us,us
2015-07-22T05:35:39.440Z,5.0563,94.7158,23.68,5.2,mww,,26,2.229,1.04,us,us20002z57,2025-12-22T17:08:22.687Z,"86 km SW of Banda Aceh, Indonesia",earthquake,7.8,3.4,,,reviewed,us,us
2015-07-22T16:29:47.770Z,27.7012,85.2824,14.54,3.9,mb,,233,0.031,0.43,us,us20002z9c,2022-07-31T20:03:03.150Z,"2 km N of Kirtipur, Nepal",earthquake,10.6,7.8,0.255,4,reviewed,us,us
2015-07-22T22:00:35.550Z,30.3434,94.8889,10,4.7,mb,,76,3.324,0.43,us,us20002zd2,2015-10-14T21:05:50.040Z,"207 km NNE of Shi Yomi, India",earthquake,9.1,1.9,0.06,84,reviewed,us,us
2015-07-24T20:59:54.120Z,33.8564,73.1926,17.03,5.1,mwr,,28,0.214,1.13,us,us20002zz3,2022-07-31T20:28:24.729Z,"19 km WSW of Murree, Pakistan",earthquake,6.1,3.9,0.054,33,reviewed,us,us
2015-07-24T21:30:07.260Z,33.3021,73.3002,39.11,4.6,mb,,162,0.348,1.24,us,us20002zza,2022-07-31T20:29:29.174Z,"5 km N of Gujar Khan, Pakistan",earthquake,8.8,7.1,0.122,20,reviewed,us,us
2015-07-25T16:38:51.180Z,35.3898,69.7492,97.02,4.4,mb,,78,1.026,1.02,us,us2000303a,2015-10-22T20:04:59.040Z,"22 km ENE of B?z?rak, Afghanistan",earthquake,6.9,4.3,0.143,14,reviewed,us,us
2015-07-27T07:33:41.920Z,27.3538,91.184,32.22,4.4,mb,,104,1.879,0.71,us,us200030c1,2015-10-22T20:05:04.040Z,"10 km NNW of Mongar, Bhutan",earthquake,8.6,5.1,0.083,42,reviewed,us,us
2015-07-27T22:05:00.210Z,35.5398,81.0628,23.43,4.1,mb,,206,6.684,1.44,us,us100032c2,2015-10-22T20:05:08.040Z,"201 km SSE of Hotan, China",earthquake,9.5,10.7,0.303,3,reviewed,us,us
2015-07-28T09:40:50.330Z,30.3325,94.8379,32.15,4.9,mb,,51,3.278,0.69,us,us200030ru,2022-05-03T17:27:18.328Z,"204 km NNE of Shi Yomi, India",earthquake,9.5,5.1,0.054,106,reviewed,us,us
2015-07-28T21:29:07.560Z,13.1078,92.4848,30.23,4.2,mb,,117,8.18,0.98,us,us100032vy,2015-10-22T20:05:11.040Z,"157 km N of Bamboo Flat, India",earthquake,12.5,4.8,0.176,9,reviewed,us,us
2015-07-31T03:18:17.940Z,30.3779,94.8784,10.49,4.9,mb,,45,3.321,0.61,us,us10002wse,2022-07-31T21:40:32.646Z,"210 km NNE of Shi Yomi, India",earthquake,8.7,1.9,0.052,117,reviewed,us,us
2015-07-31T07:00:36.230Z,30.2889,95.0443,35.64,4.5,mb,,113,3.447,1.02,us,us10002wt8,2015-10-30T02:47:39.040Z,"205 km NNE of Shi Yomi, India",earthquake,6.7,7.4,0.093,34,reviewed,us,us
2015-08-01T01:37:42.690Z,28.532,85.6808,10,4,mb,,118,0.877,1.81,us,us10002x1k,2015-10-30T02:47:41.040Z,"68 km NNW of Kod?ri??, Nepal",earthquake,7.1,2,0.232,6,reviewed,us,us
2015-08-01T12:14:28.560Z,28.7475,87.6636,34.28,4.4,mb,,88,2.314,0.77,us,us10002x46,2015-10-30T02:47:42.040Z,"121 km NE of Lobujya, Nepal",earthquake,6.1,5,0.067,67,reviewed,us,us
2015-08-02T05:58:04.620Z,30.3447,94.9251,31.19,4.8,mb,,45,3.355,0.5,us,us10002x9a,2022-05-03T17:27:26.910Z,"208 km NNE of Shi Yomi, India",earthquake,5.9,5.4,0.05,122,reviewed,us,us
2015-08-03T00:55:25.230Z,30.3228,94.9657,33.4,4.1,mb,,58,3.386,0.59,us,us100033wr,2022-08-01T01:29:43.943Z,"206 km NNE of Shi Yomi, India",earthquake,9.6,7,0.099,28,reviewed,us,us
2015-08-03T19:55:39.920Z,4.6798,95.1216,46.98,5,mb,,59,4.153,0.78,us,us10002xl5,2015-10-30T02:47:46.040Z,"98 km SSW of Banda Aceh, Indonesia",earthquake,8.7,5.8,0.052,117,reviewed,us,us
2015-08-03T20:47:48.290Z,11.7006,92.3479,30.39,4.7,mb,,96,0.39,0.83,us,us10002xlp,2015-10-30T02:47:46.040Z,"40 km W of Bamboo Flat, India",earthquake,9.2,5.1,0.061,81,reviewed,us,us
2015-08-04T22:18:25.470Z,34.3883,70.1713,50.3,4.2,mb,,110,0.944,1.24,us,us10002xzk,2022-07-31T22:39:11.778Z,"26 km W of Jal?l?b?d, Afghanistan",earthquake,6.3,8,0.103,26,reviewed,us,us
2015-08-05T19:15:56.760Z,30.3652,80.3368,10,4.1,mb,,176,5.097,0.73,us,us10002y84,2015-10-30T02:47:51.040Z,"60 km NNW of Dh?rchula, India",earthquake,6.5,1.9,0.145,13,reviewed,us,us
2015-08-05T21:04:28.690Z,35.6223,81.5677,10,4.8,mb,,63,6.77,0.68,us,us10002y9z,2015-10-30T02:47:51.040Z,"220 km SE of Hotan, China",earthquake,7.2,1.8,0.054,104,reviewed,us,us
2015-08-06T12:34:07.000Z,30.3636,94.8898,32.33,4.8,mb,,51,3.328,0.82,us,us10002z3b,2022-05-03T17:28:19.312Z,"Eastern Xizang",earthquake,8.8,3.3,0.06,87,reviewed,us,us
2015-08-07T13:52:43.800Z,30.3637,95.0135,34.91,4.5,mb,,97,3.433,0.71,us,us1000304b,2015-11-06T18:06:21.040Z,"212 km NNE of Shi Yomi, India",earthquake,13.6,4.8,0.164,11,reviewed,us,us
2015-08-07T22:00:17.310Z,36.1009,70.4616,103.62,4.4,mb,,81,1.026,1.11,us,us100030cd,2015-11-06T18:06:22.040Z,"75 km SE of Farkh?r, Afghanistan",earthquake,5.5,7.1,0.089,36,reviewed,us,us
2015-08-09T22:30:26.860Z,28.2257,84.8043,10,4.2,mb,,139,0.682,1.08,us,us100030nd,2015-11-06T18:06:24.040Z,"70 km NNE of Bharatpur, Nepal",earthquake,8.1,1.9,0.096,30,reviewed,us,us
2015-08-10T17:05:25.620Z,18.4281,95.9666,21.22,4.5,mb,,68,2.086,1.07,us,us100030uk,2015-11-06T18:06:24.040Z,"49 km E of Paungde, Myanmar",earthquake,7.1,4.9,0.099,30,reviewed,us,us
2015-08-11T04:57:40.960Z,27.6651,85.3301,2.64,3.7,mb,,167,0.027,0.13,us,us1000311d,2022-07-31T23:31:47.361Z,"2 km SE of P?tan, Nepal",earthquake,10,6.8,0.252,4,reviewed,us,us
2015-08-11T19:13:13.380Z,30.3421,94.8676,35,4.9,mb,,43,3.305,0.83,us,us10003181,2022-07-31T23:37:16.367Z,"206 km NNE of Shi Yomi, India",earthquake,4.1,1.9,0.053,110,reviewed,us,us
2015-08-12T02:44:51.250Z,24.6339,94.8588,42.8,4.5,mb,,88,2.876,0.58,us,us100031bx,2022-07-31T23:42:04.616Z,"80 km E of W?ngjing, India",earthquake,9.7,4.1,0.083,43,reviewed,us,us
2015-08-13T02:00:31.650Z,30.3746,94.8333,38.31,4.7,mb,,74,3.282,0.82,us,us100031ss,2022-07-31T23:48:51.265Z,"209 km NNE of Shi Yomi, India",earthquake,11.5,8.5,0.078,50,reviewed,us,us
2015-08-13T14:56:13.560Z,30.3165,94.9074,32.77,4.2,mb,,112,3.335,1.15,us,us100031yv,2015-11-17T00:13:25.040Z,"204 km NNE of Shi Yomi, India",earthquake,14.1,6.4,0.167,10,reviewed,us,us
2015-08-13T15:51:58.560Z,30.4022,94.8054,32.63,4.1,mb,,62,3.264,0.83,us,us100035t7,2015-11-17T00:13:25.040Z,"211 km NNE of Shi Yomi, India",earthquake,9.6,3.6,0.103,26,reviewed,us,us
2015-08-14T04:18:20.580Z,33.8258,89.0539,10,4.3,mb,,81,4.473,0.91,us,us100036b4,2015-11-17T00:13:27.040Z,"western Xizang",earthquake,5.3,1.9,0.116,21,reviewed,us,us
2015-08-14T13:02:26.290Z,27.5691,86.086,10,4.6,mb,,144,0.698,1.04,us,us100036bf,2015-11-17T00:13:27.040Z,"45 km SSE of Kod?ri??, Nepal",earthquake,5.3,2,0.182,9,reviewed,us,us
2015-08-14T13:48:30.210Z,34.6642,73.3111,29.17,4.5,mb,,82,1.011,0.92,us,us1000329w,2015-11-17T00:13:27.040Z,"26 km NNE of Baffa, Pakistan",earthquake,7,5.7,0.128,18,reviewed,us,us
2015-08-15T05:42:20.300Z,27.3759,87.8566,10,4.4,mb,,129,1.093,0.75,us,us100032ju,2015-11-17T00:13:29.040Z,"40 km WNW of Gyalshing, India",earthquake,7.2,1.9,0.088,37,reviewed,us,us
2015-08-15T18:11:39.530Z,27.7023,85.9473,10,4.7,mb,,75,0.56,0.86,us,us100032lr,2022-08-01T00:12:27.909Z,"28 km S of Kod?ri??, Nepal",earthquake,5.1,1.7,0.052,111,reviewed,us,us
2015-08-16T08:24:16.780Z,18.3756,95.7085,10,4.5,mb,,66,2.33,0.83,us,us20003fd9,2015-11-17T00:13:31.040Z,"24 km ESE of Paungde, Myanmar",earthquake,7.1,1.9,0.132,23,reviewed,us,us
2015-08-16T21:35:31.560Z,13.257,93.6061,110.3,4.5,mb,,61,1.8,0.72,us,us100032qj,2015-11-17T00:13:32.040Z,"197 km NNE of Bamboo Flat, India",earthquake,8,8,0.089,37,reviewed,us,us
2015-08-17T22:23:57.910Z,27.9066,86.1322,10.44,4.2,mb,,62,0.603,0.7,us,us1000330x,2022-08-01T00:28:58.023Z,"18 km ESE of Kod?ri??, Nepal",earthquake,4.7,5,0.09,34,reviewed,us,us
2015-08-18T00:23:50.640Z,35.2373,72.0198,72.03,4,mb,,108,1.889,1.23,us,us1000331q,2015-11-17T00:13:34.040Z,"13 km ENE of Upper Dir, Pakistan",earthquake,6.4,11.9,0.172,9,reviewed,us,us
2015-08-19T00:46:44.110Z,4.3967,95.4397,27.45,4.7,mb,,82,3.74,1,us,us100033ab,2015-11-17T00:13:36.040Z,"81 km WNW of Meulaboh, Indonesia",earthquake,11.4,5.2,0.077,51,reviewed,us,us
2015-08-20T19:21:14.810Z,26.0142,90.2598,42.95,3.9,mb,,130,1.506,0.72,us,us100033t5,2022-08-01T01:00:44.555Z,"4 km WSW of Lakhipur, India",earthquake,10.3,18.7,0.148,12,reviewed,us,us
2015-08-21T11:12:27.380Z,36.2579,71.1079,98.85,4.3,mb,,75,0.965,1.03,us,us100033xt,2015-11-24T02:09:26.040Z,"60 km SW of Ashk?sham, Afghanistan",earthquake,6.3,7.2,0.134,16,reviewed,us,us
2015-08-23T09:02:05.080Z,27.8355,86.0795,10,5,mb,,51,0.659,0.63,us,us100034be,2022-08-01T01:19:51.790Z,"18 km SE of Kod?ri??, Nepal",earthquake,7.6,1.7,0.044,166,reviewed,us,us
2015-08-23T11:10:26.120Z,7.5711,94.6005,29.3,4.4,mb,,177,3.294,0.7,us,us20003h91,2015-11-24T02:09:30.040Z,"202 km NNW of Sabang, Indonesia",earthquake,16,7.7,0.17,10,reviewed,us,us
2015-08-23T19:54:23.270Z,5.4375,93.4054,10,4.6,mb,,65,5.846,0.88,us,us100034ck,2015-11-24T02:09:31.040Z,"213 km W of Banda Aceh, Indonesia",earthquake,6.4,1.8,0.097,32,reviewed,us,us
2015-08-24T06:53:44.060Z,28.3466,87.2202,10.53,4,mb,,92,0.528,0.9,us,us20003ha9,2015-11-24T02:09:32.040Z,"59 km NE of Lobujya, Nepal",earthquake,7.3,5.7,0.113,21,reviewed,us,us
2015-08-25T03:29:32.990Z,5.017,93.3168,14.92,5.1,mb,,39,3.622,0.96,us,us100034nc,2025-12-22T17:09:01.633Z,"230 km WSW of Banda Aceh, Indonesia",earthquake,7.7,3.2,0.066,75,reviewed,us,us
2015-08-25T17:18:17.490Z,35.2707,84.5014,20.22,4.1,mb,,99,7.55,0.79,us,us100034t9,2015-11-24T02:09:35.040Z,"Xinjiang-Xizang border region",earthquake,9.5,5.7,0.185,9,reviewed,us,us
2015-08-26T18:05:05.270Z,29.6875,95.8334,27.31,4.3,mb,,112,4.094,0.93,us,us20003hjx,2015-11-24T02:09:37.040Z,"186 km NNE of P?sigh?t, India",earthquake,9,5.2,0.096,31,reviewed,us,us
2015-08-28T19:21:58.020Z,25.432,89.5164,13.7,4.2,mb,,170,2.118,0.72,us,us100035vn,2015-12-01T00:36:01.040Z,"20 km SW of Chilm?ri, Bangladesh",earthquake,5,5.8,0.121,19,reviewed,us,us
2015-08-29T02:05:17.340Z,13.8085,92.9054,28.8,4.2,mb,,141,2.145,1.01,us,us20003htb,2015-12-01T00:36:01.040Z,"234 km N of Bamboo Flat, India",earthquake,7.5,6.4,0.158,11,reviewed,us,us
2015-08-29T16:31:16.400Z,24.8239,95.143,113.11,4.1,mb,,94,3.068,0.82,us,us20003htp,2015-12-01T00:36:02.040Z,"111 km E of Yairipok, India",earthquake,10.3,5,0.112,22,reviewed,us,us
2015-08-30T13:17:34.680Z,27.6519,85.6673,10,4.5,mb,,83,0.317,0.67,us,us1000365l,2022-08-01T02:35:58.853Z,"12 km ENE of Dhulikhel, Nepal",earthquake,4.6,1.8,0.06,81,reviewed,us,us
2015-08-31T00:27:50.150Z,35.8299,77.451,76.73,4.3,mb,,118,4.072,1.24,us,us1000367z,2015-12-01T00:36:05.040Z,"116 km NNE of Thang, India",earthquake,8.6,9,0.095,31,reviewed,us,us
2015-08-31T01:52:54.080Z,23.1486,94.8938,59.66,4.1,mb,,146,3.034,0.63,us,us20003ita,2015-12-01T00:36:05.040Z,"74 km SE of Mawlaik, Myanmar",earthquake,13.1,4.7,0.198,7,reviewed,us,us
2015-09-01T23:06:40.640Z,27.6836,86.2819,16.02,4.1,mb,,166,0.543,0.78,us,us20003fjs,2015-12-01T00:36:09.040Z,"44 km WSW of Namche Bazar, Nepal",earthquake,6.6,5.4,0.12,19,reviewed,us,us
2015-09-02T10:52:03.500Z,8.7191,92.4425,30.78,4.4,mb,,119,8.965,0.5,us,us20003jmt,2015-12-01T00:36:10.040Z,"Nicobar Islands, India region",earthquake,10.7,5.6,0.112,23,reviewed,us,us
2015-09-03T17:57:47.570Z,27.3767,75.4937,14.2,4,mb,,101,6.541,0.76,us,us20003g1d,2022-08-01T03:27:19.431Z,"7 km W of R?ngas, India",earthquake,11.3,6.7,0.156,11,reviewed,us,us
2015-09-03T20:49:23.600Z,24.5826,94.8224,43.17,4.5,mb,,113,2.862,0.54,us,us20003g4d,2015-12-05T01:40:24.040Z,"76 km E of W?ngjing, India",earthquake,9.9,6.9,0.091,35,reviewed,us,us
2015-09-05T05:39:03.450Z,26.1923,92.8261,47.23,4.2,mb,,70,1.073,0.83,us,us20003kq2,2015-12-05T01:40:27.040Z,"21 km N of Hoj?i, India",earthquake,5.8,10.7,0.153,12,reviewed,us,us
2015-09-05T22:19:23.340Z,7.3479,91.1856,10,4.2,mb,,137,4.548,0.92,us,us20003kqt,2015-12-05T01:40:30.040Z,"Nicobar Islands, India region",earthquake,6.6,1.9,0.186,8,reviewed,us,us
2015-09-06T03:21:38.370Z,35.9454,78.3246,72.87,4.1,mb,,107,4.748,1.23,us,us20003gvl,2015-12-05T01:40:31.040Z,"153 km SSW of Zangguy, China",earthquake,10.1,12.1,0.184,8,reviewed,us,us
2015-09-08T09:07:52.200Z,33.424,93.9252,10,4.3,mb,,78,4.411,1.15,us,us20003leh,2015-12-05T01:40:36.040Z,"278 km NE of Nagqu, China",earthquake,8.5,1.9,0.16,11,reviewed,us,us
2015-09-09T21:03:24.050Z,36.0086,70.4897,107.39,5.4,mww,,41,1.116,0.82,us,us20003hmu,2025-12-22T17:09:22.370Z,"76 km NNW of P?r?n, Afghanistan",earthquake,5.5,4.2,,,reviewed,us,us
2015-09-11T23:56:59.380Z,26.0549,89.5568,18.5,4,mb,,191,2.128,0.88,us,us20003n08,2022-08-01T09:33:22.535Z,"13 km SE of D?nh?ta, India",earthquake,7,6.1,0.134,15,reviewed,us,us
2015-09-12T09:40:28.760Z,31.6437,87.7942,14.92,4.2,mb,,90,3.461,1.18,us,us20003np7,2015-12-12T00:42:47.040Z,"285 km NNW of Rikaze, China",earthquake,6.2,5.6,0.124,20,reviewed,us,us
2015-09-13T15:43:29.150Z,22.9668,96.0216,35,4.2,mb,,150,4.06,1.1,us,us20003nyk,2015-12-12T00:42:50.040Z,"50 km W of Mogok, Myanmar",earthquake,11,2,0.176,9,reviewed,us,us
2015-09-15T22:38:31.950Z,35.3587,78.4343,10,4.6,mb,,77,4.593,0.75,us,us20003juf,2015-12-12T00:42:54.040Z,"153 km NNE of Leh, India",earthquake,7.7,1.9,0.08,47,reviewed,us,us
2015-09-16T11:10:08.400Z,35.3339,78.5062,10,4.9,mb,,77,4.639,0.8,us,us20003jxe,2022-05-03T17:30:35.170Z,"154 km NNE of Leh, India",earthquake,7.6,1.8,0.059,89,reviewed,us,us
2015-09-16T14:52:12.070Z,27.5875,86.1894,7.48,4.2,mb,,142,0.663,0.59,us,us10003isb,2015-12-12T00:42:56.040Z,"47 km SSE of Kod?ri??, Nepal",earthquake,4,4.9,0.199,7,reviewed,us,us
2015-09-17T18:34:17.230Z,24.5969,94.6668,80.13,4.7,mb,,32,2.725,0.86,us,us20003kra,2022-08-01T06:05:42.108Z,"61 km E of W?ngjing, India",earthquake,7,6.2,0.059,88,reviewed,us,us
2015-09-18T20:25:19.330Z,23.6991,93.8603,64.09,4,mb,,167,2.604,1.18,us,us10003jik,2015-12-21T23:16:21.040Z,"55 km W of Mawlaik, Myanmar",earthquake,10.6,9.9,0.134,15,reviewed,us,us
2015-09-18T21:16:45.700Z,23.3233,93.9401,80.2,4.4,mb,,92,2.212,0.51,us,us10003jin,2015-12-21T23:16:21.040Z,"52 km NNE of Falam, Myanmar",earthquake,8.1,8.5,0.111,23,reviewed,us,us
2015-09-19T01:01:19.250Z,7.5512,93.9038,37.59,4.6,mb,,82,6.947,1.13,us,us20003lnq,2015-12-21T23:16:22.040Z,"241 km NW of Sabang, Indonesia",earthquake,9.9,6.4,0.086,40,reviewed,us,us
2015-09-21T17:58:13.880Z,5.053,94.4001,35,4.9,mb,,107,2.543,0.9,us,us10003laf,2015-12-21T23:16:29.040Z,"116 km WSW of Banda Aceh, Indonesia",earthquake,6.8,2,0.095,35,reviewed,us,us
2015-09-22T06:32:45.680Z,27.6915,85.0633,10,4.4,mb,,96,0.215,1.03,us,us20003ms7,2022-08-01T07:31:43.625Z,"21 km W of Kirtipur, Nepal",earthquake,4.6,1.8,0.098,30,reviewed,us,us
2015-09-22T09:33:46.950Z,12.1895,95.0107,28.09,4.7,mb,,99,2.281,1.3,us,us10003lcs,2015-12-21T23:16:31.040Z,"253 km ENE of Port Blair, India",earthquake,8.7,5.6,0.099,31,reviewed,us,us
2015-09-22T13:19:20.760Z,22.9503,94.4498,82.76,4.7,mb,,34,2.604,0.81,us,us20003mvp,2015-12-21T23:16:32.040Z,"76 km S of Mawlaik, Myanmar",earthquake,5.6,5,0.064,74,reviewed,us,us
2015-09-23T04:51:32.590Z,13.0849,92.4507,28.2,4.4,mb,,114,1.449,0.51,us,us10003ldq,2015-12-21T23:16:33.040Z,"155 km N of Bamboo Flat, India",earthquake,6.8,6.2,0.139,15,reviewed,us,us
2015-09-25T16:57:41.390Z,26.5308,91.6928,48.82,4.4,mb,,118,0.971,1.07,us,us20003p4y,2022-08-01T07:55:42.227Z,"11 km NE of Rangia, India",earthquake,8,7,0.103,27,reviewed,us,us
2015-09-25T20:28:38.850Z,23.1474,94.5161,90.41,4.1,mb,,103,2.69,0.89,us,us20003p7w,2015-12-28T23:08:40.040Z,"56 km SSE of Mawlaik, Myanmar",earthquake,7.1,4.9,0.114,24,reviewed,us,us
2015-09-27T02:24:53.160Z,28.3779,69.4784,16.75,4.1,mb,,179,6.155,0.97,us,us20003pez,2015-12-28T23:08:43.040Z,"11 km WSW of Kashmor, Pakistan",earthquake,11.3,4.9,0.146,13,reviewed,us,us
2015-09-27T18:02:20.180Z,7.4738,91.5204,29.74,4.3,mb,,142,4.327,0.91,us,us10003mha,2015-12-28T23:08:45.040Z,"Nicobar Islands, India region",earthquake,10.5,6.7,0.147,13,reviewed,us,us
2015-09-27T22:54:54.890Z,7.3472,91.6548,29.53,4.3,mb,,147,4.413,0.95,us,us10003mhi,2015-12-28T23:08:45.040Z,"Nicobar Islands, India region",earthquake,12.8,6.7,0.178,9,reviewed,us,us
2015-09-29T01:59:35.790Z,21.0922,94.5437,89.18,4.4,mb,,171,3.666,0.88,us,us10003n0k,2015-12-28T23:08:48.040Z,"35 km NW of Chauk, Myanmar",earthquake,12.8,6,0.22,6,reviewed,us,us
2015-09-29T09:27:17.090Z,29.996,80.3737,35,4.6,mb,,126,4.895,1.05,us,us10003iqz,2015-12-28T23:08:49.040Z,"21 km NW of Dh?rchula, India",earthquake,8.8,1.5,0.083,43,reviewed,us,us
2015-09-29T10:54:42.010Z,27.7769,85.8162,10,4.4,mb,,120,0.448,0.98,us,us10003ir8,2015-12-28T23:08:49.040Z,"24 km SW of Kod?ri??, Nepal",earthquake,10.3,1.9,0.091,35,reviewed,us,us
2015-09-29T16:33:32.250Z,30.6508,69.9845,24.83,4.3,mb,,147,3.959,0.96,us,us10003iwf,2015-12-28T23:08:49.040Z,"64 km W of Taunsa, Pakistan",earthquake,11.2,5.5,0.133,16,reviewed,us,us
2015-09-29T19:05:17.550Z,10.2513,93.803,90.34,4.3,mb,,133,1.74,0.6,us,us10003n07,2015-12-28T23:08:50.040Z,"194 km SE of Port Blair, India",earthquake,12.9,10,0.111,23,reviewed,us,us
2015-10-02T11:29:24.030Z,22.5271,93.4444,42.65,4.6,mb,,47,3.356,0.84,us,us10003jra,2016-01-04T22:28:45.040Z,"21 km SW of Hakha, Myanmar",earthquake,7.9,3.6,0.085,41,reviewed,us,us
2015-10-05T07:33:21.920Z,27.6395,86.0343,10,4.5,mb,,138,0.641,0.92,us,us10003kcl,2016-01-04T22:29:12.040Z,"36 km SSE of Kod?ri??, Nepal",earthquake,6.4,1.8,0.07,60,reviewed,us,us
2015-10-05T07:36:25.480Z,27.7703,86.1587,10,4.3,mb,,131,0.607,0.52,us,us10003nky,2016-01-04T22:29:12.040Z,"28 km SE of Kod?ri??, Nepal",earthquake,5.5,1.9,0.169,10,reviewed,us,us
2015-10-05T16:18:02.750Z,31.4974,86.4956,10,4.5,mb,,109,3.537,1.05,us,us10003nl9,2016-01-04T22:29:14.040Z,"270 km NNE of Saga, China",earthquake,4.5,1.9,0.097,31,reviewed,us,us
2015-10-06T00:28:23.290Z,24.0615,70.2017,10,4.3,mb,,151,12.409,1.41,us,us10003kl7,2016-01-04T22:29:17.040Z,"70 km S of Islamkot, Pakistan",earthquake,10.7,1.9,0.189,8,reviewed,us,us
2015-10-06T12:02:40.700Z,27.7479,86.1479,10,4,mb,,133,0.624,0.96,us,us10003ntk,2016-01-04T22:29:21.040Z,"30 km SE of Kod?ri??, Nepal",earthquake,12.1,2,0.156,11,reviewed,us,us
2015-10-06T23:30:29.260Z,27.6712,85.9838,14.04,4.3,mb,,110,0.593,0.73,us,us10003ntw,2016-01-04T22:29:25.040Z,"32 km S of Kod?ri??, Nepal",earthquake,11.4,4.8,0.1,28,reviewed,us,us
2015-10-07T02:47:54.250Z,4.6925,95.6509,76.57,4.3,mb,,194,1.397,1.36,us,us10003nuy,2016-01-04T22:29:27.040Z,"80 km NW of Meulaboh, Indonesia",earthquake,8.7,9.9,0.201,7,reviewed,us,us
2015-10-07T04:58:20.550Z,27.8771,84.8817,34.7,4.2,mb,,149,0.418,0.89,us,us10003nv4,2016-01-04T22:29:29.040Z,"44 km WNW of Kirtipur, Nepal",earthquake,6.3,6.2,0.216,6,reviewed,us,us
2015-10-08T01:04:21.950Z,31.5958,76.9677,36.04,4.2,mb,,148,3.733,0.71,us,us10003l2c,2016-01-11T21:07:15.040Z,"8 km NE of Sundarnagar, India",earthquake,8.8,6.6,0.167,10,reviewed,us,us
2015-10-08T13:56:10.770Z,4.908,96.1805,44.31,4.6,mb,,121,0.827,1.23,us,us10003l4d,2022-08-01T10:05:27.585Z,"35 km SSW of Reuleuet, Indonesia",earthquake,6.4,8.2,0.105,27,reviewed,us,us
2015-10-09T01:01:21.970Z,28.8999,86.3397,10,4,mb,,78,1.025,1,us,us10003p4v,2016-01-11T21:07:16.040Z,"110 km NNE of Kod?ri??, Nepal",earthquake,5.9,1.9,0.139,15,reviewed,us,us
2015-10-09T20:29:56.020Z,28.8544,86.469,10,4.9,mb,,60,0.942,0.96,us,us10003mkt,2022-05-03T17:32:54.401Z,"105 km NNW of Lobujya, Nepal",earthquake,4.8,1.8,0.046,149,reviewed,us,us
2015-10-10T01:48:45.570Z,27.2548,88.8009,48.22,4.3,mb,,129,1.899,0.63,us,us10003mmv,2022-08-01T10:21:33.717Z,"20 km ESE of Gangtok, India",earthquake,11.9,7.7,0.103,27,reviewed,us,us
2015-10-10T23:54:35.280Z,24.2558,96.0264,49.02,4.5,mb,,50,4.005,0.63,us,us10003mrj,2016-01-11T21:07:19.040Z,"122 km W of Bhamo, Myanmar",earthquake,8,8,0.09,36,reviewed,us,us
2015-10-12T11:32:40.290Z,35.6427,69.974,112.3,4,mb,,90,1.338,0.77,us,us10003myp,2016-01-11T21:07:22.040Z,"55 km NE of B?z?rak, Afghanistan",earthquake,7.3,11.9,0.231,5,reviewed,us,us
2015-10-12T15:39:07.360Z,28.9796,86.3729,10,4.5,mb,,57,1.088,0.79,us,us10003n1q,2016-01-11T21:07:22.040Z,"117 km ESE of Saga, China",earthquake,2.4,1.8,0.066,67,reviewed,us,us
2015-10-14T12:50:36.420Z,31.9029,94.7913,10,4.1,mb,,118,3.84,0.81,us,us10003pf8,2016-01-11T21:07:26.040Z,"242 km WNW of Qamdo, China",earthquake,7.9,2,0.136,15,reviewed,us,us
2015-10-16T16:11:55.220Z,5.1666,94.2896,35,4.1,mb,,220,2.647,0.93,us,us10003qqw,2016-01-15T20:50:48.040Z,"northern Sumatra, Indonesia",earthquake,15.3,2,0.198,7,reviewed,us,us
2015-10-17T06:29:39.650Z,24.7157,94.4863,63.02,4.3,mb,,113,2.53,0.84,us,us10003qwy,2016-01-15T20:50:54.040Z,"44 km E of Yairipok, India",earthquake,7.2,8.4,0.13,17,reviewed,us,us
2015-10-21T00:30:39.980Z,5.0402,96.2976,53.54,4.4,mb,,105,0.673,0.9,us,us10003rwv,2016-01-15T20:51:29.040Z,"19 km S of Reuleuet, Indonesia",earthquake,9.5,8.3,0.11,24,reviewed,us,us
2015-10-21T23:37:21.140Z,36.1658,69.6569,105.03,4.2,mb,,92,1.21,0.71,us,us10003qid,2016-01-15T20:51:38.040Z,"48 km ENE of Nahr?n, Afghanistan",earthquake,5.5,11,0.303,3,reviewed,us,us
2015-10-22T07:11:07.230Z,32.0359,95.1051,35.05,4.4,mb,,112,4.135,0.72,us,us10003qmd,2016-01-22T23:41:10.040Z,"221 km WNW of Qamdo, China",earthquake,8.1,6,0.115,22,reviewed,us,us
2015-10-23T00:27:39.560Z,29.6377,70.326,11,5.6,mww,,38,4.722,0.88,us,us10003qv5,2022-08-01T13:15:05.654Z,"10 km NNW of Dajal, Pakistan",earthquake,7.9,1.8,,,reviewed,us,us
2015-10-23T00:36:53.210Z,29.5365,70.2972,26.87,4.5,mb,,133,4.821,0.65,us,us20004064,2016-01-22T23:41:10.040Z,"8 km WSW of Dajal, Pakistan",earthquake,9.8,6.2,0.113,23,reviewed,us,us
2015-10-23T01:06:29.670Z,29.4472,70.265,22.83,4,mb,,211,4.912,0.85,us,us2000405t,2016-01-22T23:41:10.040Z,"16 km SW of Dajal, Pakistan",earthquake,8.4,9.6,0.184,8,reviewed,us,us
2015-10-23T01:24:26.460Z,29.5481,70.2625,10,4.4,mb,,118,4.827,0.59,us,us20004073,2016-01-22T23:41:10.040Z,"11 km W of Dajal, Pakistan",earthquake,10.1,2,0.539,2,reviewed,us,us
2015-10-23T02:27:16.080Z,29.8143,69.9062,24.74,4.2,mb,,180,4.769,1.71,us,us20004074,2016-01-22T23:41:11.040Z,"37 km ESE of Barkhan, Pakistan",earthquake,15,9.4,0.216,6,reviewed,us,us
2015-10-23T04:03:31.130Z,29.3004,69.9194,20,4.4,mb,,122,5.195,1.08,us,us2000405z,2016-01-22T23:41:11.040Z,"45 km WNW of Rajanpur, Pakistan",earthquake,12.6,2.5,0.22,6,reviewed,us,us
2015-10-23T04:42:59.710Z,29.7336,70.4277,27.67,4,mb,,220,4.594,1.46,us,us20004061,2016-01-22T23:41:11.040Z,"19 km WNW of Jampur, Pakistan",earthquake,8.9,8.6,0.298,3,reviewed,us,us
2015-10-23T10:24:50.030Z,32.0156,95.1918,43.24,4.4,mb,,113,4.186,0.96,us,us2000406i,2016-01-22T23:41:11.040Z,"212 km WNW of Qamdo, China",earthquake,11.5,10,0.143,14,reviewed,us,us
2015-10-26T09:47:01.530Z,36.2335,70.7958,212.91,4.5,mb,,82,0.907,0.87,us,us200040hp,2016-01-22T23:41:17.040Z,"70 km S of Jurm, Afghanistan",earthquake,10.8,7.4,0.15,13,reviewed,us,us
2015-10-27T13:50:48.860Z,24.5022,94.9918,93.35,4.1,mb,,118,3.035,0.83,us,us10003rut,2016-01-22T23:41:20.040Z,"94 km E of W?ngjing, India",earthquake,7.2,11.8,0.135,15,reviewed,us,us
2015-10-27T19:34:04.850Z,5.2018,94.6424,41.85,4.1,mb,,164,2.295,0.88,us,us200040rd,2016-01-22T23:41:20.040Z,"85 km WSW of Banda Aceh, Indonesia",earthquake,3.8,8.7,0.12,23,reviewed,us,us
2015-10-28T23:54:49.660Z,24.1002,92.8262,38.49,4.3,mb,,146,1.705,0.68,us,us200040cl,2016-01-22T23:41:22.040Z,"13 km NW of Darlawn, India",earthquake,4.8,9.9,0.119,20,reviewed,us,us
2015-10-29T17:11:29.810Z,36.1758,71.0357,97.07,4.1,mb,,82,1.017,1.26,us,us200040hv,2016-01-30T02:10:55.040Z,"71 km SW of Ashk?sham, Afghanistan",earthquake,7.2,9.3,0.184,8,reviewed,us,us
2015-10-29T22:15:56.450Z,24.6819,92.4488,36.31,4.8,mb,,48,1.032,0.69,us,us200040l5,2022-08-01T14:38:07.351Z,"11 km W of Hail?k?ndi, India",earthquake,5.4,7.2,0.064,75,reviewed,us,us
2015-10-31T22:02:23.070Z,34.3967,68.9948,13.26,3.6,mb,,205,0.149,0.73,us,us2000418g,2022-08-01T15:18:39.600Z,"11 km E of Maydanshakhr, Afghanistan",earthquake,7.8,6.2,0.288,3,reviewed,us,us
2015-11-02T13:40:36.200Z,32.0869,69.5562,44.73,5,mb,,26,2.484,0.7,us,us200041b0,2016-11-10T21:58:18.815Z,"23 km S of Wana, Pakistan",earthquake,3.6,4.8,0.045,156,reviewed,us,us
2015-11-02T17:03:05.830Z,32.0564,69.5481,39.95,4.6,mb,,143,2.513,0.95,us,us200041cm,2016-01-30T02:11:03.040Z,"26 km S of Wana, Pakistan",earthquake,9.2,6.6,0.092,35,reviewed,us,us
2015-11-03T18:16:53.020Z,5.4233,95.1264,10,4.6,mb,,43,1.823,1.26,us,us200041p4,2022-08-01T15:35:29.971Z,"26 km WSW of Banda Aceh, Indonesia",earthquake,7,1.8,0.083,43,reviewed,us,us
2015-11-05T16:27:47.450Z,31.7945,74.431,59.82,3.1,ml,,288,2.094,1.47,us,us10003uws,2016-02-05T03:16:31.040Z,"14 km SSW of Narang Mandi, Pakistan",earthquake,13.1,9,0.181,4,reviewed,us,us
2015-11-07T00:01:40.070Z,4.967,96.0338,27.93,4.3,mb,,169,0.946,0.42,us,us10003x1j,2016-02-05T03:16:33.040Z,"39 km SW of Reuleuet, Indonesia",earthquake,10.3,9.9,0.161,11,reviewed,us,us
2015-11-07T09:29:27.590Z,23.4416,94.5795,104.83,4.3,mb,,171,3.26,0.51,us,us10003x1q,2016-02-05T03:16:34.040Z,"28 km SE of Mawlaik, Myanmar",earthquake,12.3,9.8,0.132,16,reviewed,us,us
2015-11-08T09:27:33.200Z,6.8495,94.5793,10,4.4,mb,,181,33.178,0.71,us,us10003z15,2016-02-05T03:16:35.040Z,"133 km NW of Sabang, Indonesia",earthquake,20,2,0.144,14,reviewed,us,us
2015-11-08T09:51:51.780Z,6.9822,94.6259,19.56,4.6,mb,,103,33.094,0.69,us,us10003z1k,2016-02-05T03:16:35.040Z,"142 km NNW of Sabang, Indonesia",earthquake,18.3,4.8,0.152,13,reviewed,us,us
2015-11-08T10:04:36.570Z,6.7934,94.3555,20.48,4.7,mb,,65,3.009,0.61,us,us10003vpr,2016-02-05T03:16:35.040Z,"145 km NW of Sabang, Indonesia",earthquake,9.7,2.9,0.082,45,reviewed,us,us
2015-11-08T10:07:21.180Z,7.1453,94.7714,10,4.7,mb,,147,2.881,0.8,us,us10003z0w,2016-02-05T03:16:35.040Z,"151 km NNW of Sabang, Indonesia",earthquake,12.3,1.9,0.159,12,reviewed,us,us
2015-11-08T10:42:01.590Z,6.8782,94.5455,8,5.5,mww,,29,2.896,0.9,us,us10003vpz,2022-05-03T17:35:49.894Z,"138 km NW of Sabang, Indonesia",earthquake,7.4,1.7,,,reviewed,us,us
2015-11-08T10:53:31.770Z,7.0389,94.7215,20.48,4.9,mb,,70,2.851,0.92,us,us10003vq6,2025-12-22T17:19:34.095Z,"143 km NNW of Sabang, Indonesia",earthquake,9.7,4.5,0.085,44,reviewed,us,us
2015-11-08T11:17:21.660Z,7.3995,95.4292,22.56,4.6,mb,,134,2.631,0.57,us,us10003z10,2016-02-05T03:16:36.040Z,"167 km N of Sabang, Indonesia",earthquake,16.4,6.4,0.145,14,reviewed,us,us
2015-11-08T11:42:02.300Z,7.1355,94.8839,10,4.8,mb,,156,2.792,0.48,us,us10003z1h,2016-02-05T03:16:36.040Z,"145 km NNW of Sabang, Indonesia",earthquake,14.2,1.9,0.167,11,reviewed,us,us
2015-11-08T11:44:05.530Z,6.982,94.6815,10,4.9,mb,,83,2.847,0.67,us,us10003z11,2016-02-05T03:16:36.040Z,"139 km NNW of Sabang, Indonesia",earthquake,11.9,1.8,0.086,42,reviewed,us,us
2015-11-08T11:54:39.320Z,6.7923,94.6065,10.13,5.1,mb,,33,2.798,0.81,us,us10003vqi,2025-12-22T17:10:47.349Z,"127 km NW of Sabang, Indonesia",earthquake,8.3,3.8,0.061,88,reviewed,us,us
2015-11-08T12:06:26.980Z,6.9391,94.6642,10,4.7,mb,,97,2.835,0.59,us,us10003z22,2016-02-05T03:16:36.040Z,"136 km NNW of Sabang, Indonesia",earthquake,11,1.9,0.12,21,reviewed,us,us
2015-11-08T13:23:47.760Z,6.769,94.479,9.75,5.2,mb,,53,2.892,0.96,us,us10003vqx,2025-12-22T16:53:38.144Z,"134 km NW of Sabang, Indonesia",earthquake,8.9,3.9,0.077,56,reviewed,us,us
2015-11-08T13:31:22.740Z,6.6543,94.3693,10,4,mb,,201,2.929,0.31,us,us10003z1d,2016-02-05T03:16:36.040Z,"134 km NW of Sabang, Indonesia",earthquake,10.5,2,0.231,5,reviewed,us,us
2015-11-08T13:38:13.180Z,6.9647,94.8632,10,4.5,mb,,181,2.696,0.58,us,us10003z1c,2016-02-05T03:16:36.040Z,"129 km NNW of Sabang, Indonesia",earthquake,20.4,1.9,0.145,14,reviewed,us,us
2015-11-08T13:38:39.430Z,7.1209,94.7661,10,4.7,mb,,77,2.869,0.97,us,us10003vr0,2016-11-10T21:59:25.929Z,"149 km NNW of Sabang, Indonesia",earthquake,7.7,1.7,0.091,36,reviewed,us,us
2015-11-08T14:18:34.930Z,7.1775,94.2678,10,4.3,mb,,202,12.101,0.74,us,us10003z1e,2016-02-05T03:16:36.040Z,"183 km NW of Sabang, Indonesia",earthquake,11.6,2,0.265,4,reviewed,us,us
2015-11-08T14:34:05.390Z,6.679,94.4431,10,5.1,mb,,84,2.877,0.68,us,us10003vr2,2025-12-22T17:10:48.520Z,"130 km NW of Sabang, Indonesia",earthquake,9.4,1.8,0.058,97,reviewed,us,us
2015-11-08T14:36:58.130Z,6.9036,94.7105,10,4.7,mb,,73,2.777,0.82,us,us10003z2f,2016-02-05T03:16:36.040Z,"130 km NNW of Sabang, Indonesia",earthquake,10.7,1.9,0.138,16,reviewed,us,us
2015-11-08T14:46:02.390Z,6.9,94.5916,10,4.4,mb,,92,2.871,0.82,us,us10003z2g,2016-02-05T03:16:36.040Z,"137 km NW of Sabang, Indonesia",earthquake,7.3,1.9,0.144,14,reviewed,us,us
2015-11-08T14:47:01.290Z,6.8777,94.4633,10,4.9,mb,,46,2.963,0.67,us,us10003vr4,2025-12-22T17:36:24.775Z,"144 km NW of Sabang, Indonesia",earthquake,7.7,1.8,0.078,52,reviewed,us,us
2015-11-08T14:54:22.900Z,7.1016,94.7563,10,4.6,mb,,94,2.864,0.91,us,us10003z1i,2016-02-05T03:16:36.040Z,"147 km NNW of Sabang, Indonesia",earthquake,9.1,1.9,0.1,30,reviewed,us,us
2015-11-08T15:14:39.690Z,6.5302,94.3981,10,4.1,mb,,181,2.846,0.47,us,us10003z1p,2016-02-05T03:16:36.040Z,"123 km NW of Sabang, Indonesia",earthquake,9.9,1.9,0.197,7,reviewed,us,us
2015-11-08T15:45:46.560Z,6.4769,94.4725,10,4.3,mb,,211,2.756,0.81,us,us10003z1r,2016-02-05T03:16:36.040Z,"Nicobar Islands, India region",earthquake,10.5,2,0.239,5,reviewed,us,us
2015-11-08T15:49:46.680Z,6.9641,94.6742,8.19,4.7,mb,,86,2.842,0.83,us,us10003vrj,2022-08-01T16:49:46.949Z,"138 km NNW of Sabang, Indonesia",earthquake,9.6,4.3,0.079,49,reviewed,us,us
2015-11-08T15:50:49.630Z,6.861,94.5069,10,4.7,mb,,178,2.918,0.87,us,us10003z1v,2016-02-05T03:16:36.040Z,"139 km NW of Sabang, Indonesia",earthquake,9.9,1.9,0.115,23,reviewed,us,us
2015-11-08T15:56:25.900Z,6.7063,94.3653,10,4.4,mb,,157,2.957,0.55,us,us10003z1t,2016-02-05T03:16:36.040Z,"138 km NW of Sabang, Indonesia",earthquake,14.3,1.9,0.144,14,reviewed,us,us
2015-11-08T16:10:31.210Z,4.8501,95.9685,10,4.7,mb,,124,1.045,0.55,us,us10003vrm,2016-02-05T03:16:36.040Z,"53 km SW of Reuleuet, Indonesia",earthquake,6.2,1.9,0.093,35,reviewed,us,us
2015-11-08T16:19:27.590Z,6.6218,94.2518,10,4.2,mb,,198,3.017,0.57,us,us10003z35,2016-02-05T03:16:36.040Z,"142 km NW of Sabang, Indonesia",earthquake,6.7,2,0.159,11,reviewed,us,us
2015-11-08T16:29:59.530Z,6.8647,94.5865,10,4.5,mb,,153,2.855,0.95,us,us10003z1x,2016-02-05T03:16:37.040Z,"134 km NW of Sabang, Indonesia",earthquake,11.3,1.9,0.118,21,reviewed,us,us
2015-11-08T16:38:01.850Z,6.822,94.6383,11.77,4.4,mb,,86,2.788,0.91,us,us10003z1w,2016-02-05T03:16:37.040Z,"127 km NW of Sabang, Indonesia",earthquake,10.4,4.7,0.11,24,reviewed,us,us
2015-11-08T16:42:38.530Z,6.8531,94.4869,10,4.9,mb,,58,2.93,0.94,us,us10003vrw,2016-02-05T03:16:37.040Z,"140 km NW of Sabang, Indonesia",earthquake,9.5,1.8,0.078,51,reviewed,us,us
2015-11-08T16:47:02.160Z,6.8431,94.648,10,6.6,mww,,31,2.792,1.23,us,us10003vry,2022-08-01T16:48:48.245Z,"Nicobar Islands, India region",earthquake,5.6,1.7,,,reviewed,us,us
2015-11-08T16:59:20.850Z,6.9335,94.7617,10,5.2,mb,,24,2.755,0.77,us,us10003vs5,2016-02-05T03:16:37.040Z,"130 km NNW of Sabang, Indonesia",earthquake,7.7,1.8,0.052,121,reviewed,us,us
2015-11-08T17:12:40.030Z,7.2222,95.0085,10,4.5,mb,,190,2.763,0.63,us,us10003z2r,2016-02-05T03:16:37.040Z,"151 km NNW of Sabang, Indonesia",earthquake,12.4,2,0.128,18,reviewed,us,us
2015-11-08T17:46:51.300Z,6.7698,94.7617,10,4.7,mb,,120,2.658,0.86,us,us10003vsd,2016-02-05T03:16:37.040Z,"115 km NNW of Sabang, Indonesia",earthquake,9.8,1.9,0.096,33,reviewed,us,us
2015-11-08T18:48:44.340Z,6.8607,94.4746,10,4.6,mb,,188,2.945,1.18,us,us10003vsm,2016-02-05T03:16:37.040Z,"142 km NW of Sabang, Indonesia",earthquake,11.7,1.9,0.136,16,reviewed,us,us
2015-11-08T19:10:52.680Z,6.7839,94.5809,10,4.5,mb,,182,2.815,0.68,us,us10003z2a,2016-02-05T03:16:37.040Z,"128 km NW of Sabang, Indonesia",earthquake,7.8,1.9,0.15,13,reviewed,us,us
2015-11-08T19:14:47.430Z,6.984,94.534,10,5.6,mwc,,47,2.966,1.11,us,us10003vsp,2022-05-03T19:21:41.184Z,"148 km NW of Sabang, Indonesia",earthquake,9.3,1.8,,,reviewed,us,gcmt
2015-11-08T19:25:39.910Z,6.8286,94.3758,10,4.2,mb,,194,3.01,0.89,us,us10003z2b,2016-02-05T03:16:37.040Z,"147 km NW of Sabang, Indonesia",earthquake,9.4,2,0.2,7,reviewed,us,us
2015-11-08T19:49:44.420Z,6.5819,94.2589,10,4.2,mb,,210,2.993,1.24,us,us10003z2h,2016-02-05T03:16:37.040Z,"139 km WNW of Sabang, Indonesia",earthquake,12.7,2,0.215,6,reviewed,us,us
2015-11-08T20:30:07.080Z,7.1265,94.6264,10,4.7,mb,,158,2.979,1.25,us,us10003vte,2016-02-05T03:16:37.040Z,"156 km NNW of Sabang, Indonesia",earthquake,7.7,1.9,0.133,17,reviewed,us,us
2015-11-08T20:59:39.200Z,6.9108,94.4761,10,4.8,mb,,168,2.971,0.75,us,us10003vtp,2016-02-05T03:16:37.040Z,"146 km NW of Sabang, Indonesia",earthquake,8.3,1.9,0.139,16,reviewed,us,us
2015-11-08T22:37:21.570Z,7.0161,94.571,10,4.4,mb,,194,2.955,0.69,us,us10003z2z,2016-02-05T03:16:37.040Z,"149 km NNW of Sabang, Indonesia",earthquake,15.8,2,0.155,12,reviewed,us,us
2015-11-09T05:55:04.070Z,6.5938,94.9403,10,4.2,mb,,206,2.413,0.94,us,us10003xum,2016-02-05T03:16:38.040Z,"88 km NNW of Sabang, Indonesia",earthquake,23.4,2,0.216,6,reviewed,us,us
2015-11-09T06:02:34.380Z,6.2913,94.5539,10,4.4,mb,,190,2.604,0.4,us,us10003xv4,2016-02-05T03:16:38.040Z,"95 km WNW of Sabang, Indonesia",earthquake,7.4,2,0.149,13,reviewed,us,us
2015-11-09T06:08:47.830Z,6.426,94.7107,10,4.4,mb,,187,2.523,0.49,us,us10003xun,2016-02-05T03:16:38.040Z,"89 km NW of Sabang, Indonesia",earthquake,8.8,2,0.144,14,reviewed,us,us
2015-11-09T06:12:13.970Z,6.5177,94.8833,11.83,5.3,mb,,39,2.419,0.84,us,us10003vwl,2025-12-22T17:10:51.969Z,"84 km NW of Sabang, Indonesia",earthquake,4.9,3.8,0.056,108,reviewed,us,us
2015-11-09T06:18:55.740Z,6.7631,94.9712,10,4.3,mb,,177,2.487,0.74,us,us10003xup,2016-02-05T03:16:38.040Z,"103 km NNW of Sabang, Indonesia",earthquake,12.6,1.8,0.161,11,reviewed,us,us
2015-11-09T06:56:02.590Z,6.5349,94.8069,10,4.4,mb,,201,2.493,0.93,us,us10003xur,2016-02-05T03:16:38.040Z,"90 km NW of Sabang, Indonesia",earthquake,11.7,2,0.143,14,reviewed,us,us
2015-11-09T07:02:56.350Z,6.5806,94.6421,10,4.7,mb,,80,2.657,0.92,us,us10003vwq,2016-02-05T03:16:38.040Z,"106 km NW of Sabang, Indonesia",earthquake,8.2,1.7,0.091,37,reviewed,us,us
2015-11-09T07:05:13.930Z,6.6385,94.8281,10,4.6,mb,,159,2.53,0.67,us,us10003xv6,2016-02-05T03:16:38.040Z,"98 km NNW of Sabang, Indonesia",earthquake,10.5,1.9,0.132,17,reviewed,us,us
2015-11-09T07:07:44.320Z,6.5379,94.6341,12.58,4.8,mb,,88,2.643,0.79,us,us10003vws,2016-02-05T03:16:38.040Z,"104 km NW of Sabang, Indonesia",earthquake,9.7,5,0.085,42,reviewed,us,us
2015-11-09T07:13:27.180Z,6.5052,94.725,10,4.9,mb,,36,2.548,0.92,us,us10003vwv,2016-11-10T21:59:39.148Z,"94 km NW of Sabang, Indonesia",earthquake,8.1,1,0.064,76,reviewed,us,us
2015-11-09T07:21:33.000Z,6.571,94.7657,25.18,4.4,mb,,199,2.547,0.63,us,us10003xuw,2016-02-05T03:16:38.040Z,"96 km NW of Sabang, Indonesia",earthquake,17.4,8.7,0.162,11,reviewed,us,us
2015-11-09T07:28:00.600Z,6.6272,94.7965,10,4.7,mb,,85,2.55,1.11,us,us10003vwz,2016-02-05T03:16:39.040Z,"99 km NW of Sabang, Indonesia",earthquake,9.7,1.9,0.099,31,reviewed,us,us
2015-11-09T07:36:45.260Z,6.3719,94.6534,10,4.4,mb,,158,2.549,0.59,us,us10003vx1,2016-02-05T03:16:39.040Z,"90 km NW of Sabang, Indonesia",earthquake,7.5,1.9,0.11,24,reviewed,us,us
2015-11-09T08:12:46.020Z,6.4078,94.8019,10,5.5,mww,,31,2.434,1.24,us,us10003vxc,2022-05-03T19:21:44.446Z,"80 km NW of Sabang, Indonesia",earthquake,5.2,1.7,,,reviewed,us,us
2015-11-09T09:01:47.100Z,6.4353,94.0881,22.42,4.3,mb,,205,3.086,1.26,us,us10003xuz,2016-02-05T03:16:39.040Z,"148 km WNW of Sabang, Indonesia",earthquake,17.9,10,0.218,7,reviewed,us,us
2015-11-10T15:59:33.190Z,6.8776,94.4887,10,4.5,mb,,176,2.942,0.66,us,us10003y1c,2016-02-05T03:16:41.040Z,"142 km NW of Sabang, Indonesia",earthquake,12,1.9,0.115,22,reviewed,us,us
2015-11-10T16:26:33.700Z,6.7858,94.4351,10,4,mb,,117,2.938,0.88,us,us10003y1d,2016-02-05T03:16:41.040Z,"139 km NW of Sabang, Indonesia",earthquake,12.8,1.9,0.212,6,reviewed,us,us
2015-11-10T17:22:44.220Z,6.3208,94.6633,10,4.5,mb,,188,2.518,1.09,us,us10003y1f,2016-02-05T03:16:41.040Z,"86 km WNW of Sabang, Indonesia",earthquake,9.8,1.9,0.131,18,reviewed,us,us
2015-11-10T19:20:06.440Z,6.6144,94.7456,22.91,4.4,mb,,175,2.586,0.9,us,us10003y1j,2016-02-05T03:16:41.040Z,"102 km NW of Sabang, Indonesia",earthquake,9.1,6.1,0.112,25,reviewed,us,us
2015-11-12T22:34:55.770Z,6.9315,94.5431,10,4.5,mb,,102,2.928,0.59,us,us10003yqj,2016-02-13T02:08:18.040Z,"143 km NW of Sabang, Indonesia",earthquake,9.2,1.9,0.099,30,reviewed,us,us
2015-11-13T01:56:21.860Z,24.4982,94.6561,70.68,4.2,mb,,149,2.753,0.58,us,us10003yy9,2016-02-13T02:08:18.040Z,"60 km E of W?ngjing, India",earthquake,9,11.4,0.137,15,reviewed,us,us
2015-11-14T16:53:31.340Z,6.8326,94.5324,10,5.3,mb,,72,2.882,0.9,us,us10003ydi,2025-12-22T17:11:04.614Z,"135 km NW of Sabang, Indonesia",earthquake,5.2,1.9,0.076,58,reviewed,us,us
2015-11-14T22:09:53.600Z,7.0032,94.371,10,4.3,mb,,133,3.109,0.7,us,us10003z9s,2016-02-13T02:08:22.040Z,"Nicobar Islands, India region",earthquake,13.1,1.9,0.133,16,reviewed,us,us
2015-11-14T22:11:28.660Z,7.3609,94.7778,10,4.4,mb,,153,3.022,0.65,us,us10003z9t,2016-02-13T02:08:22.040Z,"173 km NNW of Sabang, Indonesia",earthquake,14.1,1.9,0.12,20,reviewed,us,us
2015-11-15T09:18:57.800Z,13.714,93.5448,47.89,4.5,mb,,229,7.011,0.41,us,us10003zbg,2016-02-13T02:08:23.040Z,"240 km NNE of Bamboo Flat, India",earthquake,15.4,6.5,0.181,9,reviewed,us,us
2015-11-15T13:07:45.240Z,6.6724,94.3491,10,4.6,mb,,127,6.032,0.47,us,us10003zbm,2016-02-13T02:08:23.040Z,"137 km NW of Sabang, Indonesia",earthquake,6.1,1.9,0.096,32,reviewed,us,us
2015-11-15T14:49:39.240Z,6.9908,94.2723,9.16,4.5,mb,,178,6.299,0.44,us,us10003zbp,2016-02-13T02:08:23.040Z,"167 km NW of Sabang, Indonesia",earthquake,17.1,7.3,0.191,8,reviewed,us,us
2015-11-15T23:24:40.040Z,24.7399,94.8163,89.65,4.4,mb,,52,2.806,1.07,us,us10003yjs,2022-08-01T17:59:25.490Z,"77 km ENE of W?ngjing, India",earthquake,8.5,7.8,0.087,38,reviewed,us,us
2015-11-16T05:10:10.900Z,36.3012,70.6224,138.71,4.1,mb,,104,0.823,0.78,us,us10003yl6,2016-02-13T02:08:24.040Z,"65 km SSW of Jurm, Afghanistan",earthquake,7.3,6.3,0.233,5,reviewed,us,us
2015-11-17T22:15:29.430Z,32.1192,95.0279,10,4.6,mb,,50,4.127,0.6,us,us10003z4f,2016-02-13T02:08:28.040Z,"231 km WNW of Qamdo, China",earthquake,7.2,1.9,0.073,56,reviewed,us,us
2015-11-19T04:15:52.600Z,27.8525,85.6776,16.51,5,mb,,49,0.349,0.79,us,us10003zfw,2022-08-01T18:42:06.686Z,"21 km NE of Nagarkot, Nepal",earthquake,6.5,3.9,0.053,115,reviewed,us,us
2015-11-19T06:31:47.040Z,36.2986,70.4923,120.7,4.4,mb,,76,0.828,0.93,us,us10003zgl,2016-02-18T04:48:42.040Z,"64 km ESE of Farkh?r, Afghanistan",earthquake,5.2,8.1,0.24,5,reviewed,us,us
2015-11-20T09:26:08.430Z,34.3627,68.92,10.18,3.5,mb,,239,0.204,0.84,us,us10003zsx,2022-08-01T19:38:14.899Z,"6 km SE of Maydanshakhr, Afghanistan",earthquake,6.5,7.8,0.285,3,reviewed,us,us
2015-11-24T12:24:15.590Z,28.1552,84.7587,8.19,4.6,mb,,60,0.661,0.96,us,us100040q1,2016-02-18T04:48:52.040Z,"Nepal",earthquake,6.2,4.5,0.079,48,reviewed,us,us
2015-11-25T05:02:06.220Z,29.6929,89.8692,77.42,4.7,mb,,102,1.094,0.57,us,us1000415j,2016-02-18T04:48:54.040Z,"87 km WSW of Dêqên, China",earthquake,8.4,6.6,0.077,51,reviewed,us,us
2015-11-25T16:15:10.640Z,26.4076,92.9745,54.52,4.7,mb,,60,3.666,0.77,us,us1000419g,2022-08-01T20:22:27.918Z,"30 km SE of Tezpur, India",earthquake,8.1,4.1,0.065,72,reviewed,us,us
2015-11-25T22:44:27.900Z,6.5543,94.8981,10,4.4,mb,,109,2.426,0.7,us,us100041s1,2016-02-18T04:48:56.040Z,"86 km NNW of Sabang, Indonesia",earthquake,10.4,1.9,0.123,19,reviewed,us,us
2015-11-26T17:14:19.180Z,6.8689,94.5744,30.36,4.3,mb,,192,2.867,0.6,us,us1000427c,2016-02-25T22:32:55.040Z,"135 km NW of Sabang, Indonesia",earthquake,10.1,7.6,0.125,18,reviewed,us,us
2015-11-26T18:59:49.210Z,31.6879,87.7802,11.43,3.8,mb,,139,3.496,0.45,us,us1000427f,2016-02-25T22:32:55.040Z,"290 km NNW of Rikaze, China",earthquake,18.4,4.8,0.169,9,reviewed,us,us
2015-11-27T11:40:34.340Z,34.8307,73.9303,5,5,mb,,39,1.298,0.91,us,us100041q3,2022-08-01T20:41:33.423Z,"66 km NE of Muzaffar?b?d, Pakistan",earthquake,3.3,3.7,0.076,56,reviewed,us,us
2015-11-27T12:04:18.890Z,22.5864,94.9855,13.79,4.6,mb,,63,3.089,0.57,us,us100041qe,2016-02-25T22:32:57.040Z,"55 km NNW of Monywa, Myanmar",earthquake,6.7,3.4,0.084,42,reviewed,us,us
2015-11-27T18:58:53.130Z,10.2874,91.622,26.52,4.4,mb,,122,1.75,0.99,us,us20004fz6,2016-02-25T22:32:57.040Z,"195 km SW of Port Blair, India",earthquake,8.7,6.4,0.11,24,reviewed,us,us
2015-11-28T07:02:35.570Z,18.2175,95.8133,65.62,4.1,mb,,169,2.982,0.99,us,us100042pp,2016-02-25T22:32:58.040Z,"44 km SE of Paungde, Myanmar",earthquake,13.1,9.2,0.174,9,reviewed,us,us
2015-11-28T17:25:55.390Z,4.6764,95.1419,62.82,4.7,mb,,137,1.88,0.94,us,us100041x8,2016-02-25T22:32:59.040Z,"98 km SSW of Banda Aceh, Indonesia",earthquake,7.8,7.6,0.073,57,reviewed,us,us
2015-11-28T18:32:56.410Z,12.5328,93.687,111.54,4.4,mb,,128,7.768,0.71,us,us100042qf,2016-02-25T22:32:59.040Z,"Andaman Islands, India region",earthquake,12,9.2,0.123,19,reviewed,us,us
2015-11-29T02:47:52.820Z,31.373,78.7325,35,4.1,mb,,156,5.143,1.33,us,us100041zf,2016-02-25T22:33:00.040Z,"76 km NNE of Uttark?shi, India",earthquake,4.9,2,0.197,7,reviewed,us,us
2015-11-30T02:31:22.420Z,7.0269,94.4304,16.39,4.1,mb,,186,3.074,0.98,us,us10004327,2016-02-25T22:33:01.040Z,"159 km NW of Sabang, Indonesia",earthquake,11.1,8.5,0.262,4,reviewed,us,us
2015-12-01T23:27:08.550Z,22.0764,94.4847,35,4.2,mb,,175,4.226,0.87,us,us100043bq,2016-02-25T22:33:05.040Z,"67 km W of Monywa, Myanmar",earthquake,8.7,2,0.199,7,reviewed,us,us
2015-12-02T10:02:15.310Z,35.9493,69.2819,45.02,4.4,mb,,80,1.418,0.86,us,us100042nd,2016-02-25T22:33:05.040Z,"18 km SE of Nahr?n, Afghanistan",earthquake,6.4,10.2,0.155,12,reviewed,us,us
2015-12-05T23:13:32.200Z,18.4361,71.1922,10,4.3,mb,,85,12.678,1.24,us,us20004fsq,2016-03-02T03:36:33.040Z,"179 km W of Al?b?g, India",earthquake,11.5,1.9,0.122,19,reviewed,us,us
2015-12-06T03:57:40.950Z,35.9912,69.7227,97.47,4.1,mb,,82,1.324,1.39,us,us100044d7,2016-03-02T03:36:34.040Z,"53 km E of Nahr?n, Afghanistan",earthquake,3.6,8.8,0.157,11,reviewed,us,us
2015-12-06T05:16:08.370Z,5.1379,94.6846,49.45,4.6,mb,,161,2.255,0.79,us,us100044dv,2016-03-02T03:36:34.040Z,"84 km WSW of Banda Aceh, Indonesia",earthquake,9.8,8.1,0.103,28,reviewed,us,us
2015-12-07T09:13:34.580Z,36.1541,70.5092,118.17,4.4,mb,,80,0.971,1.3,us,us100044l1,2016-03-02T03:36:36.040Z,"74 km SE of Farkh?r, Afghanistan",earthquake,6.9,6.3,0.13,17,reviewed,us,us
2015-12-07T16:35:15.800Z,4.8118,96.125,10.34,4.7,mb,,122,0.917,0.88,us,us100044r3,2016-03-02T03:36:37.040Z,"48 km SSW of Reuleuet, Indonesia",earthquake,3.5,4.4,0.075,54,reviewed,us,us
2015-12-09T12:00:19.910Z,10.4689,93.9392,10,4.5,mb,,79,1.663,0.38,us,us20004ggj,2016-03-02T03:36:41.040Z,"185 km SE of Port Blair, India",earthquake,6.5,1.9,0.14,15,reviewed,us,us
2015-12-11T22:09:40.200Z,29.6312,95.7458,24.84,4.3,mb,,51,4.02,0.76,us,us20004gm1,2016-03-05T01:42:03.040Z,"178 km NNE of P?sigh?t, India",earthquake,9.5,5.9,0.09,35,reviewed,us,us
2015-12-12T14:29:45.930Z,6.7778,94.4573,10,4.4,mb,,145,2.915,0.93,us,us20004gr3,2016-03-05T01:42:04.040Z,"136 km NW of Sabang, Indonesia",earthquake,10.9,1.9,0.149,13,reviewed,us,us
2015-12-13T11:17:29.250Z,24.5749,95.0379,146.62,4,mb,,143,3.049,0.87,us,us100047wa,2016-03-05T01:42:05.040Z,"98 km E of W?ngjing, India",earthquake,15.9,10.7,0.231,5,reviewed,us,us
2015-12-14T15:56:47.090Z,36.3076,70.823,126.73,4.3,mb,,81,0.84,0.69,us,us20004h25,2016-03-05T01:42:07.040Z,"61 km S of Jurm, Afghanistan",earthquake,6,7.3,0.265,4,reviewed,us,us
2015-12-15T02:35:15.500Z,23.8301,86.5783,14.79,4.5,mb,,171,5.101,0.5,us,us10004846,2020-07-10T14:53:57.468Z,"6 km E of Gobindpur, India",earthquake,12.3,5.6,0.144,14,reviewed,us,us
2015-12-15T09:38:22.840Z,5.2797,94.3887,32.92,4.6,mb,,97,5.071,0.85,us,us20004hag,2016-03-05T01:42:07.040Z,"108 km WSW of Banda Aceh, Indonesia",earthquake,11,5.9,0.095,33,reviewed,us,us
2015-12-16T04:48:19.990Z,12.6843,93.4126,72.62,4.7,mb,,92,1.213,0.67,us,us20004hhu,2016-03-05T01:42:09.040Z,"132 km NE of Bamboo Flat, India",earthquake,9.5,7.2,0.115,23,reviewed,us,us
2015-12-16T13:24:51.690Z,34.101,82.2113,10,4.1,mb,,113,6.903,1.1,us,us20004hje,2016-03-05T01:42:09.040Z,"western Xizang",earthquake,5.7,1.9,0.184,8,reviewed,us,us
2015-12-17T03:04:44.760Z,9.4948,93.7925,55.42,4.6,mb,,111,2.382,0.7,us,us100048r3,2016-03-12T02:29:14.040Z,"266 km SSE of Port Blair, India",earthquake,9.8,8.5,0.122,20,reviewed,us,us
2015-12-17T16:42:57.020Z,8.3257,92.0565,30.67,4.2,mb,,137,3.377,0.46,us,us100048rx,2016-03-12T02:29:14.040Z,"Nicobar Islands, India region",earthquake,12.2,6.1,0.141,14,reviewed,us,us
2015-12-18T22:16:56.550Z,29.3985,81.6541,10,5.4,mb,,34,3.632,0.8,us,us1000488j,2022-08-02T00:00:13.756Z,"53 km WNW of Jumla, Nepal",earthquake,7.5,1.8,0.035,274,reviewed,us,us
2015-12-21T23:52:28.680Z,24.4134,90.5812,14.16,4,mb,,178,1.63,0.45,us,us100048nw,2024-01-04T05:11:57.502Z,"3 km SE of Gafargaon, Bangladesh",earthquake,11.1,6.5,0.15,12,reviewed,us,us
2015-12-23T09:22:06.370Z,26.2583,93.0894,48.5,4.3,mb,,68,1.307,1.06,us,us10004b7b,2016-03-12T02:29:23.040Z,"36 km NE of Hoj?i, India",earthquake,6.7,6,0.105,26,reviewed,us,us
2015-12-26T04:48:40.050Z,29.1913,81.42,10,4.1,mb,,170,8.479,0.87,us,us10004bh1,2016-03-18T01:13:01.040Z,"47 km E of Dipayal, Nepal",earthquake,11.5,1.9,0.198,7,reviewed,us,us
2015-12-27T11:34:24.100Z,7.5136,91.7745,29.06,4.3,mb,,141,4.225,0.45,us,us10004bie,2016-03-18T01:13:03.040Z,"Nicobar Islands, India region",earthquake,7.6,6.1,0.202,7,reviewed,us,us
2015-12-28T04:53:54.010Z,35.9606,70.985,100.6,4.1,mb,,107,1.208,0.56,us,us10004a1f,2016-03-18T01:13:04.040Z,"60 km N of P?r?n, Afghanistan",earthquake,8.5,9.1,0.261,4,reviewed,us,us
2015-12-29T00:07:03.970Z,34.9819,73.0507,48.92,4.7,mb,,50,1.34,0.87,us,us10004a65,2022-08-02T01:25:35.426Z,"Pakistan",earthquake,6.4,7,0.078,49,reviewed,us,us
2015-12-29T00:44:41.840Z,35.8427,68.2822,47.34,4,mb,,101,1.44,1.09,us,us10004a6f,2016-03-18T01:13:05.040Z,"19 km WSW of ?uk?mat? Dahanah-ye Gh?r?, Afghanistan",earthquake,4.5,19.7,0.231,5,reviewed,us,us
2015-12-31T03:23:25.440Z,7.2618,94.4026,35,4.7,mb,,123,3.237,0.81,us,us10004ajh,2016-03-18T01:13:09.040Z,"182 km NNW of Sabang, Indonesia",earthquake,4.1,2,0.099,31,reviewed,us,us
2016-01-03T16:47:32.300Z,35.649,67.5783,19.03,4.1,mb,,157,1.632,0.84,us,us10004b1c,2022-08-02T02:42:21.970Z,"78 km SSW of A?bak, Afghanistan",earthquake,4.7,5.5,0.165,10,reviewed,us,us
2016-01-03T23:05:22.270Z,24.8036,93.6505,55,6.7,mww,,16,1.794,1.01,us,us10004b2n,2023-08-14T15:00:53.325Z,"29 km W of Imph?l, India",earthquake,4.5,1.8,,,reviewed,us,us
2016-01-04T02:28:04.870Z,12.0291,93.1309,68.01,4.2,mb,,94,0.53,0.13,us,us10004dzl,2016-03-28T22:09:35.040Z,"57 km NE of Bamboo Flat, India",earthquake,11,9.9,0.215,6,reviewed,us,us
2016-01-05T18:40:24.770Z,4.211,95.4763,43.99,4.9,mb,,64,1.78,1.32,us,us10004bkl,2022-08-02T03:07:14.513Z,"72 km W of Meulaboh, Indonesia",earthquake,6.6,6.2,0.067,70,reviewed,us,us
2016-01-06T10:25:13.360Z,24.8896,93.4003,58.15,4.3,mb,,77,1.552,0.75,us,us10004c4z,2016-03-28T22:09:40.040Z,"40 km ENE of Lakhipur, India",earthquake,7.7,8.4,0.105,28,reviewed,us,us
2016-01-08T03:08:49.810Z,4.8644,96.1794,38.07,4.5,mb,,107,0.846,0.82,us,us10004cai,2016-03-30T02:27:48.040Z,"40 km SSW of Reuleuet, Indonesia",earthquake,3,8.8,0.118,21,reviewed,us,us
2016-01-09T23:45:04.830Z,36.1342,69.3645,102.3,4,mb,,74,1.388,0.9,us,us10004d7n,2016-03-30T02:27:51.040Z,"22 km ENE of Nahr?n, Afghanistan",earthquake,3.5,9.9,0.211,6,reviewed,us,us
2016-01-11T06:56:37.000Z,13.5519,92.7103,35,4.1,mb,,182,7.726,0.76,us,us10004ews,2016-03-30T02:27:54.040Z,"204 km N of Bamboo Flat, India",earthquake,7.3,2,0.197,7,reviewed,us,us
2016-01-13T20:34:58.780Z,32.6531,91.6264,10,5.2,mb,,38,2.971,0.89,us,us10004e7h,2022-05-03T17:39:28.963Z,"136 km NNW of Nagqu, China",earthquake,8,1.8,0.039,221,reviewed,us,us
2016-01-13T23:15:46.160Z,29.7043,88.0054,10,4.4,mb,,96,2.715,1.07,us,us10004e9s,2016-03-30T02:27:58.040Z,"98 km WNW of Rikaze, China",earthquake,9.2,1.9,0.094,33,reviewed,us,us
2016-01-14T00:03:52.650Z,29.4873,87.8145,10,4.1,mb,,140,2.892,1.12,us,us10004ea1,2016-03-30T02:27:59.040Z,"107 km WNW of Rikaze, China",earthquake,7.6,1.9,0.12,19,reviewed,us,us
2016-01-14T21:36:44.330Z,5.84,94.4009,87.35,4,mb,,125,2.606,0.63,us,us10004fnd,2016-03-30T02:28:00.040Z,"101 km W of Sabang, Indonesia",earthquake,10.3,9.2,0.196,7,reviewed,us,us
2016-01-14T22:46:01.120Z,36.2347,71.1002,97.32,4.1,mb,,81,0.983,0.92,us,us10004epz,2016-03-30T02:28:00.040Z,"63 km SW of Ashk?sham, Afghanistan",earthquake,7.6,10,0.165,10,reviewed,us,us
2016-01-15T19:24:52.540Z,11.7568,92.8636,50.41,4.3,mb,,82,0.154,1.22,us,us10004g1b,2016-04-06T17:30:21.040Z,"16 km NE of Port Blair, India",earthquake,7.7,4,0.129,22,reviewed,us,us
2016-01-18T06:04:53.130Z,24.1868,94.9004,84.65,4.3,mb,,89,3.087,0.59,us,us10004gcx,2016-04-06T17:30:25.040Z,"78 km NE of Mawlaik, Myanmar",earthquake,9.2,9.9,0.113,22,reviewed,us,us
2016-01-21T19:22:43.590Z,28.0269,85.0515,19.01,4.5,mb,,96,0.391,0.81,us,us10004g5f,2016-04-06T17:30:30.040Z,"Xizang-Nepal border region",earthquake,7.4,4.4,0.068,64,reviewed,us,us
2016-01-22T12:56:30.340Z,36.0766,70.3951,117.84,4.5,mb,,81,1.057,0.93,us,us10004gcn,2016-04-08T23:06:08.040Z,"73 km SE of Farkh?r, Afghanistan",earthquake,4.1,6.5,0.067,66,reviewed,us,us
2016-01-26T16:57:30.840Z,29.5248,87.8553,24.65,4.2,mb,,94,5.306,0.84,us,us20004vlf,2016-04-08T23:06:16.040Z,"104 km WNW of Rikaze, China",earthquake,11.5,5.6,0.124,18,reviewed,us,us
2016-01-27T10:41:06.650Z,33.7119,68.7772,25.24,4.4,mb,,167,0.855,1.14,us,us20004v0x,2016-04-08T23:06:17.040Z,"32 km SSW of Baraki Barak, Afghanistan",earthquake,8.4,2.8,0.12,20,reviewed,us,us
2016-01-27T22:09:56.710Z,13.7261,93.8004,88.89,4.6,mb,,72,2.301,0.48,us,us20004v6u,2016-04-08T23:06:18.040Z,"253 km NNE of Bamboo Flat, India",earthquake,4.8,8.7,0.129,18,reviewed,us,us
2016-01-28T09:36:03.450Z,29.4663,87.9565,10,4.1,mb,,145,13.2,0.92,us,us20004v9s,2016-04-08T23:06:19.040Z,"93 km WNW of Rikaze, China",earthquake,9.7,1.9,0.12,19,reviewed,us,us
2016-01-31T04:18:25.460Z,29.6637,84.2327,10,4.2,mb,,145,7.897,0.79,us,us20004w3p,2016-04-14T22:51:36.040Z,"103 km WNW of Saga, China",earthquake,8.8,1.9,0.128,17,reviewed,us,us
2016-01-31T04:39:48.230Z,29.6353,84.2685,10,4.1,mb,,161,7.856,0.64,us,us20004x1e,2016-04-14T22:51:36.040Z,"99 km WNW of Saga, China",earthquake,10,1.9,0.157,11,reviewed,us,us
2016-02-02T04:20:04.990Z,34.8454,89.6622,11.42,4.2,mb,,112,9.44,0.77,us,us20004whj,2016-04-14T22:51:40.040Z,"Xizang-Qinghai border region",earthquake,8.5,4.5,0.117,20,reviewed,us,us
2016-02-02T13:20:36.750Z,34.7456,89.2272,11.97,4.5,mb,,155,13.126,0.67,us,us20004y3z,2016-04-14T22:51:41.040Z,"Xizang-Qinghai border region",earthquake,17,5.9,0.119,21,reviewed,us,us
2016-02-03T15:24:07.060Z,10.3608,93.3475,96.08,4.4,mb,,106,1.416,1.31,us,us20004y5a,2016-04-14T22:51:42.040Z,"158 km SSE of Port Blair, India",earthquake,7.7,8.7,0.112,23,reviewed,us,us
2016-02-04T07:10:36.880Z,32.8455,76.043,58.67,4.3,mb,,105,2.459,0.92,us,us20004x0r,2022-08-02T11:49:03.526Z,"33 km NNW of Chamba, India",earthquake,11,9.5,0.168,10,reviewed,us,us
2016-02-04T15:30:49.930Z,14.2933,93.204,10,5.1,mb,,47,2.659,1.06,us,us20004x3a,2016-04-14T22:51:44.040Z,"291 km N of Bamboo Flat, India",earthquake,7.2,1.7,0.048,142,reviewed,us,us
2016-02-05T16:20:11.740Z,27.8782,85.3377,23.53,5.2,mb,,44,0.166,0.82,us,us20004y4t,2022-08-07T09:22:10.461Z,"19 km N of Kathmandu, Nepal",earthquake,9.2,4.4,0.052,120,reviewed,us,us
2016-02-09T02:29:04.040Z,30.8319,86.284,32.43,4.7,mb,,95,7.188,0.92,us,us20004yx3,2016-04-19T01:33:25.040Z,"195 km NNE of Saga, China",earthquake,9.4,5.3,0.075,53,reviewed,us,us
2016-02-09T15:13:53.700Z,32.9944,76.0777,40.2,4.2,mb,,153,2.441,0.75,us,us20004z10,2022-08-02T09:19:08.016Z,"33 km E of Bhadarw?h, India",earthquake,4,8.9,0.098,29,reviewed,us,us
2016-02-10T16:27:41.910Z,27.7118,85.6292,21.15,4.1,mb,,97,0.278,0.51,us,us20004zdq,2022-08-07T09:33:47.765Z,"10 km E of Nagarkot, Nepal",earthquake,8.4,4.5,0.095,30,reviewed,us,us
2016-02-10T21:33:14.350Z,36.1167,71.1977,97.71,4.2,mb,,81,1.124,0.81,us,us20004zdj,2016-04-19T01:33:29.040Z,"69 km SSW of Ashk?sham, Afghanistan",earthquake,5.8,6.1,0.113,22,reviewed,us,us
2016-02-13T21:37:54.080Z,27.0268,89.1875,50.32,3.7,mb,,178,2.802,0.96,us,us200050r7,2022-08-02T10:19:33.909Z,"16 km NNE of Samtse, Bhutan",earthquake,13.2,9.4,0.139,13,reviewed,us,us
2016-02-14T19:57:15.690Z,30.2409,70.1651,24.67,4.1,mb,,134,4.302,0.89,us,us2000506i,2016-04-26T23:28:21.040Z,"50 km WNW of Dera Ghazi Khan, Pakistan",earthquake,11.4,8.2,0.14,14,reviewed,us,us
2016-02-16T23:06:59.690Z,26.196,93.4977,39.72,4.7,mb,,63,1.606,0.71,us,us200050p4,2022-08-02T10:17:44.838Z,"34 km NW of Bokaj?n, India",earthquake,10.5,6.2,0.061,81,reviewed,us,us
2016-02-17T17:34:09.180Z,5.4002,94.5109,55.36,4.8,mb,,135,2.431,0.61,us,us200050wg,2016-04-26T23:28:25.040Z,"92 km W of Banda Aceh, Indonesia",earthquake,7.8,6.2,0.085,43,reviewed,us,us
2016-02-20T00:58:00.930Z,31.802,70.0646,51.34,4.3,mb,,166,2.862,0.66,us,us10004r8q,2016-05-03T23:44:12.040Z,"40 km WSW of Kulachi, Pakistan",earthquake,8.7,3.8,0.085,39,reviewed,us,us
2016-02-21T03:39:38.190Z,6.9364,92.4103,23.56,4.8,mb,,95,4.7,0.62,us,us10004rgq,2016-05-03T23:44:14.040Z,"Nicobar Islands, India region",earthquake,8.2,4.9,0.083,44,reviewed,us,us
2016-02-21T16:32:02.560Z,36.1288,78.0985,35.7,4.5,mb,,94,4.676,1.01,us,us10004rj4,2016-05-03T23:44:15.040Z,"141 km SSW of Zangguy, China",earthquake,8.3,5.7,0.074,54,reviewed,us,us
2016-02-21T18:10:00.970Z,27.9633,84.6943,16.72,5.1,mb,,39,0.604,0.87,us,us10004rjm,2022-08-07T09:55:35.375Z,"40 km NE of Bharatpur, Nepal",earthquake,7,4.5,0.059,94,reviewed,us,us
2016-02-22T18:20:53.250Z,7.122,92.1235,10,4.6,mb,,139,4.546,0.56,us,us10004rsa,2016-05-03T23:44:17.040Z,"Nicobar Islands, India region",earthquake,9.1,1.9,0.082,44,reviewed,us,us
2016-02-23T00:33:38.210Z,32.0565,95.0448,10,5.1,mb,,19,7.044,0.84,us,us10004rwh,2016-11-10T22:13:39.070Z,"227 km WNW of Qamdo, China",earthquake,8.5,1.8,0.037,236,reviewed,us,us
2016-02-24T09:22:16.670Z,27.8322,85.7365,10,4.7,mb,,49,0.391,0.71,us,us10004sb7,2022-08-07T10:00:30.413Z,"24 km ENE of Nagarkot, Nepal",earthquake,6.5,1.9,0.073,57,reviewed,us,us
2016-02-27T00:31:05.120Z,13.4762,93.915,98.7,4.5,mb,,61,2.14,0.81,us,us10004t24,2016-05-06T23:34:15.040Z,"235 km NNE of Bamboo Flat, India",earthquake,6.4,6,0.071,57,reviewed,us,us
2016-02-28T23:11:03.470Z,10.2974,93.6503,127.6,4,mb,,133,1.616,0.23,us,us10004ude,2016-05-06T23:34:18.040Z,"180 km SSE of Port Blair, India",earthquake,11.4,8.4,0.183,8,reviewed,us,us
2016-03-01T07:33:41.990Z,36.0236,68.7058,35.29,4.5,mb,,51,1.505,1.07,us,us10004trp,2016-05-06T23:34:21.040Z,"8 km N of Pul-e Khumr?, Afghanistan",earthquake,5.7,5.8,0.09,36,reviewed,us,us
2016-03-02T04:03:50.420Z,26.4817,95.4216,21.67,4.1,mb,,117,3.334,0.47,us,us10004ur6,2016-05-06T23:34:22.040Z,"45 km SE of Mon, India",earthquake,10.5,7.6,0.186,8,reviewed,us,us
2016-03-02T06:35:11.210Z,29.7391,69.9154,10,4.6,mb,,97,4.834,0.84,us,us10004u08,2016-05-06T23:34:23.040Z,"41 km ESE of Barkhan, Pakistan",earthquake,8.6,1.9,0.081,45,reviewed,us,us
2016-03-02T19:23:47.320Z,4.5044,95.016,53.32,4.2,mb,,189,2.054,0.73,us,us10004urz,2016-05-06T23:34:23.040Z,"119 km SSW of Banda Aceh, Indonesia",earthquake,5.3,10.8,0.152,12,reviewed,us,us
2016-03-03T14:52:47.620Z,33.454,81.4137,13.68,4.4,mb,,104,6.803,0.85,us,us10004udp,2016-05-06T23:34:25.040Z,"western Xizang",earthquake,6.3,4.4,0.12,20,reviewed,us,us
2016-03-04T22:55:48.520Z,35.5288,70.2435,89.48,4,mb,,91,1.393,0.97,us,us10004uub,2016-05-16T18:01:43.040Z,"62 km W of P?r?n, Afghanistan",earthquake,5.8,8.7,0.122,18,reviewed,us,us
2016-03-07T03:13:58.190Z,20.98,95.0238,100.99,4.6,mb,,46,3.22,1.09,us,us10004vst,2016-05-16T18:01:46.040Z,"23 km ENE of Chauk, Myanmar",earthquake,7.2,4.4,0.049,126,reviewed,us,us
2016-03-07T12:23:01.700Z,22.7585,93.9433,50.03,4.5,mb,,99,3.383,0.48,us,us10004vu1,2016-05-16T18:01:47.040Z,"32 km ESE of Falam, Myanmar",earthquake,10.3,7.1,0.081,44,reviewed,us,us
2016-03-08T08:22:48.230Z,4.8836,94.5959,38.96,4.6,mb,,38,2.367,0.94,us,us10004vzn,2022-08-02T13:27:05.193Z,"109 km SW of Banda Aceh, Indonesia",earthquake,8.2,7.2,0.083,43,reviewed,us,us
2016-03-08T09:55:34.760Z,9.5751,93.4345,10,4.4,mb,,176,2.176,1.27,us,us10004ws1,2016-05-16T18:01:48.040Z,"243 km SSE of Port Blair, India",earthquake,10,1.9,0.13,17,reviewed,us,us
2016-03-10T15:02:10.940Z,22.6044,93.8341,34.99,4.2,mb,,172,3.459,0.52,us,us10004xt3,2016-05-16T18:01:50.040Z,"23 km E of Hakha, Myanmar",earthquake,6.8,9.6,0.11,25,reviewed,us,us
2016-03-12T09:39:37.700Z,10.3914,92.4579,27.86,4.2,mb,,116,1.287,0.59,us,us20005a7q,2016-05-21T00:05:26.040Z,"144 km SSW of Port Blair, India",earthquake,9.2,7.3,0.187,8,reviewed,us,us
2016-03-12T16:15:12.250Z,26.7746,89.092,14.88,3.9,mb,,177,2.759,1.46,us,us10004x93,2022-08-02T14:21:55.096Z,"9 km NW of Birpara, India",earthquake,11.4,7.2,0.17,9,reviewed,us,us
2016-03-13T05:15:33.690Z,27.8303,84.8208,10,4.4,mb,,171,0.453,0.76,us,us20005af9,2022-08-02T17:28:19.636Z,"41 km ENE of Bharatpur, Nepal",earthquake,7.7,1.8,0.11,24,reviewed,us,us
2016-03-13T10:30:11.160Z,26.245,92.2565,53.71,4.5,mb,,41,0.765,0.74,us,us10004x9h,2022-08-07T10:16:02.019Z,"9 km W of Morigaon, India",earthquake,7.9,1.2,0.079,47,reviewed,us,us
2016-03-13T15:04:36.930Z,10.2834,93.5317,125.89,4.3,mb,,126,1.567,0.99,us,us20005ag9,2016-05-21T00:05:29.040Z,"175 km SSE of Port Blair, India",earthquake,14.1,2.8,0.148,13,reviewed,us,us
2016-03-14T21:27:35.270Z,27.7234,85.534,27.09,4.3,mb,,137,0.193,0.75,us,us10004xlm,2022-08-02T14:30:19.661Z,"1 km NE of Nagarkot, Nepal",earthquake,11.1,6.1,0.09,35,reviewed,us,us
2016-03-17T16:47:01.810Z,34.044,78.0686,31.9,4.1,mb,,101,6.262,1.27,us,us20005ai2,2016-05-21T00:05:35.040Z,"46 km ESE of Leh, India",earthquake,9.8,5.3,0.114,23,reviewed,us,us
2016-03-20T16:08:18.010Z,5.5806,88.0678,16.03,4.3,mb,,104,7.51,0.65,us,us20005c1t,2016-06-09T21:41:53.040Z,"North Indian Ocean",earthquake,4.5,4.5,0.109,24,reviewed,us,us
2016-03-20T16:54:13.110Z,29.9569,93.1989,10,4.7,mb,,46,1.818,0.68,us,us20005b94,2016-06-09T21:41:53.040Z,"195 km NW of Shi Yomi, India",earthquake,6.9,1.9,0.049,125,reviewed,us,us
2016-03-23T10:50:02.380Z,24.6302,96.1321,57.15,4.5,mb,,83,3.987,0.37,us,us20005c0c,2016-06-09T21:41:57.040Z,"119 km WNW of Bhamo, Myanmar",earthquake,8,8.4,0.097,31,reviewed,us,us
2016-03-23T12:57:19.560Z,4.7365,94.5349,27.45,4,mb,,143,2.452,0.35,us,us20005dc5,2016-06-09T21:41:57.040Z,"125 km SW of Banda Aceh, Indonesia",earthquake,7,7.1,0.231,6,reviewed,us,us
2016-03-28T18:40:06.780Z,25.9519,90.6891,10,4,mb,,158,1.12,0.35,us,us20005dxs,2016-06-10T23:32:55.040Z,"25 km SSE of Go?lp?ra, India",earthquake,7.7,2,0.212,6,reviewed,us,us
2016-03-30T12:26:40.280Z,27.8164,85.5483,10,4.1,mb,,110,0.23,0.52,us,us20005flx,2016-06-10T23:32:58.040Z,"11 km NNE of Nagarkot, Nepal",earthquake,5.4,1.9,0.094,31,reviewed,us,us
2016-04-03T10:58:32.640Z,23.7551,94.3079,62.6,4.1,mb,,168,2.868,0.64,us,us20005gfd,2016-06-17T21:45:16.040Z,"15 km NW of Mawlaik, Myanmar",earthquake,15.8,6.9,0.15,12,reviewed,us,us
2016-04-04T04:31:26.640Z,27.5381,85.8383,23.69,4.2,mb,,152,0.495,1.02,us,us20005eeq,2016-06-17T21:45:23.040Z,"30 km ESE of Dhulikhel, Nepal",earthquake,6.3,5,0.098,29,reviewed,us,us
2016-04-05T07:42:24.390Z,25.7595,90.5452,10,5,mb,,37,1.198,0.81,us,us20005fj8,2022-08-07T10:46:12.440Z,"38 km SE of Lakhipur, India",earthquake,5.1,1.7,0.048,140,reviewed,us,us
2016-04-06T02:06:07.210Z,31.9049,71.8979,29.8,4.1,mb,,112,2.088,0.95,us,us20005fqw,2022-08-02T17:03:19.801Z,"37 km WNW of Jahanian Shah, Pakistan",earthquake,8.5,5.1,0.135,15,reviewed,us,us
2016-04-06T09:58:02.260Z,4.5503,95.0675,47.11,4.6,mb,,170,1.99,0.67,us,us20005ftq,2016-06-17T21:45:45.040Z,"113 km SSW of Banda Aceh, Indonesia",earthquake,9.4,3.2,0.085,41,reviewed,us,us
2016-04-07T21:24:41.420Z,33.9561,69.4921,35,4,mb,,105,0.691,1.4,us,us20005g7m,2016-06-17T21:45:57.040Z,"27 km SSW of ?uk?mat? Azrah, Afghanistan",earthquake,6.2,2,0.144,13,reviewed,us,us
2016-04-08T02:19:53.860Z,36.2347,70.7633,108.29,4.5,mb,,60,0.901,0.94,us,us20005g9q,2016-06-21T01:14:02.040Z,"70 km S of Jurm, Afghanistan",earthquake,5.9,6.1,0.072,56,reviewed,us,us
2016-04-08T09:59:03.270Z,36.3025,69.8329,119.62,4,mb,,83,1.015,0.7,us,us20005gbe,2016-06-21T01:14:03.040Z,"30 km S of Farkh?r, Afghanistan",earthquake,6.7,12,0.231,5,reviewed,us,us
2016-04-09T13:20:13.820Z,27.6354,85.3002,10.22,4.1,mb,,168,0.077,0.76,us,us20005gv0,2022-08-02T17:40:29.646Z,"4 km SSW of P?tan, Nepal",earthquake,9,4.2,0.116,20,reviewed,us,us
2016-04-11T11:28:54.190Z,36.2741,71.254,101.34,4.1,mb,,81,1.009,0.8,us,us20005gxx,2016-06-21T01:14:08.040Z,"51 km SSW of Ashk?sham, Afghanistan",earthquake,6.2,6,0.134,15,reviewed,us,us
2016-04-12T00:14:35.000Z,5.5548,95.2196,96.58,4.1,mb,,117,1.75,0.49,us,us20005k3u,2016-06-21T01:14:08.040Z,"12 km W of Banda Aceh, Indonesia",earthquake,12.3,9.9,0.131,16,reviewed,us,us
2016-04-12T07:10:10.430Z,36.2029,70.6543,101.29,4.1,mb,,78,0.923,0.85,us,us20005hbu,2016-06-21T01:14:09.040Z,"75 km SSW of Jurm, Afghanistan",earthquake,5.8,7,0.151,12,reviewed,us,us
2016-04-12T14:41:52.170Z,27.6062,86.0621,10,4.3,mb,,146,0.67,0.93,us,us20005heg,2016-06-21T01:14:09.040Z,"40 km SSE of Kod?ri??, Nepal",earthquake,4.6,1.9,0.097,30,reviewed,us,us
2016-04-13T13:55:17.800Z,23.0944,94.8654,136,6.9,mww,,14,3.001,1.03,us,us20005hqz,2022-05-03T18:51:09.920Z,"76 km SE of Mawlaik, Myanmar",earthquake,7.1,1.8,,,reviewed,us,us
2016-04-13T14:14:03.240Z,12.5623,95.1787,10,4.9,mb,,95,2.546,0.56,us,us20005kel,2016-06-21T01:14:11.040Z,"282 km ENE of Port Blair, India",earthquake,7.9,1.9,0.149,14,reviewed,us,us
2016-04-14T05:41:53.140Z,23.816,94.1986,61.25,4.6,mb,,40,2.61,0.51,us,us20005hyf,2016-06-21T01:14:12.040Z,"28 km NW of Mawlaik, Myanmar",earthquake,7,7.1,0.057,93,reviewed,us,us
2016-04-15T08:51:56.370Z,36.1748,70.1956,110.5,4.4,mb,,76,0.997,1.35,us,us20005ie3,2016-06-27T23:01:35.040Z,"53 km SE of Farkh?r, Afghanistan",earthquake,6.7,9.6,0.155,12,reviewed,us,us
2016-04-16T02:10:47.040Z,36.0464,70.7199,92.36,4.6,mb,,46,1.083,0.84,us,us20005ix2,2016-06-27T23:01:47.040Z,"71 km NNW of P?r?n, Afghanistan",earthquake,4.7,5,0.059,85,reviewed,us,us
2016-04-16T04:33:03.290Z,28.3437,87.4392,10,4.1,mb,,64,1.979,0.87,us,us20005ixu,2016-06-27T23:01:48.040Z,"75 km NE of Lobujya, Nepal",earthquake,7.5,1.9,0.114,21,reviewed,us,us
2016-04-18T15:29:54.930Z,12.9466,92.3335,37.35,4.7,mb,,58,1.344,0.85,us,us20005ji4,2016-06-27T23:02:09.040Z,"144 km NNW of Bamboo Flat, India",earthquake,8.2,6.1,0.074,55,reviewed,us,us
2016-04-19T17:22:17.910Z,28.3381,87.8381,55.92,4.3,mb,,46,2.315,1.13,us,us20005jvf,2016-06-27T23:02:19.040Z,"109 km ENE of Lobujya, Nepal",earthquake,6.8,7.6,0.104,30,reviewed,us,us
2016-04-19T20:32:57.090Z,10.2153,93.6895,10,5.3,mb,,36,1.706,0.91,us,us20005jx7,2025-12-22T17:14:23.644Z,"190 km SSE of Port Blair, India",earthquake,6.7,1.7,0.045,167,reviewed,us,us
2016-04-19T20:47:57.190Z,10.2564,93.7772,42.83,4.4,mb,,156,1.721,0.89,us,us20005jxp,2016-06-27T23:02:20.040Z,"192 km SE of Port Blair, India",earthquake,4.6,9,0.096,31,reviewed,us,us
2016-04-20T11:02:51.660Z,36.1948,71.1964,98.31,4.5,mb,,87,1.054,0.63,us,us20005k5d,2016-06-27T23:02:26.040Z,"62 km SSW of Ashk?sham, Afghanistan",earthquake,7.2,6.5,0.068,64,reviewed,us,us
2016-04-22T02:43:05.050Z,9.9398,93.8287,31.38,4.5,mb,,78,2.01,0.72,us,us20005kqe,2016-07-08T02:49:17.040Z,"224 km SSE of Port Blair, India",earthquake,7.7,4.7,0.122,20,reviewed,us,us
2016-04-22T07:50:43.770Z,24.5441,96.0794,57.11,4.3,mb,,132,3.963,1.12,us,us20005ksy,2016-07-08T02:49:17.040Z,"121 km WNW of Bhamo, Myanmar",earthquake,11.9,9.8,0.118,20,reviewed,us,us
2016-04-23T09:32:56.990Z,31.9952,95.1012,15.92,4.8,mb,,42,4.11,0.74,us,us20005l5w,2016-07-08T02:49:19.040Z,"219 km WNW of Qamdo, China",earthquake,8.6,4.3,0.053,109,reviewed,us,us
2016-04-23T10:40:58.160Z,32.0743,94.9179,10,4.6,mb,,47,4.025,0.77,us,us20005l66,2016-07-08T02:49:19.040Z,"238 km WNW of Qamdo, China",earthquake,5.2,1.9,0.068,65,reviewed,us,us
2016-04-24T21:55:42.770Z,10.2055,91.5917,22.65,4.3,mb,,71,1.832,0.89,us,us10005dnx,2016-07-08T02:49:21.040Z,"205 km SW of Port Blair, India",earthquake,6.3,5.2,0.143,14,reviewed,us,us
2016-04-27T00:26:58.290Z,34.5095,81.117,33.58,4.2,mb,,133,6.568,1.01,us,us10005btm,2016-07-08T02:49:25.040Z,"western Xizang",earthquake,9.6,4.4,0.152,12,reviewed,us,us
2016-04-28T17:32:42.170Z,35.8567,70.4691,91.29,4.2,mb,,89,1.269,1.13,us,us10005c7c,2016-07-08T02:49:27.040Z,"63 km NW of P?r?n, Afghanistan",earthquake,5.7,8.2,0.124,18,reviewed,us,us
2016-05-01T07:08:17.900Z,4.9916,95.5172,97.16,4.4,mb,,161,1.443,0.77,us,us10005ctk,2016-07-19T20:03:08.040Z,"64 km SSE of Banda Aceh, Indonesia",earthquake,6.9,7.2,0.1,29,reviewed,us,us
2016-05-01T07:08:41.920Z,22.6224,94.7197,79.46,4.2,mb,,115,2.843,0.95,us,us10005gbx,2016-07-19T20:03:08.040Z,"71 km NW of Monywa, Myanmar",earthquake,8.9,9,0.136,15,reviewed,us,us
2016-05-02T15:49:02.290Z,22.2751,94.6863,119.97,4.2,mb,,71,2.843,0.34,us,us10005gia,2016-07-19T20:03:10.040Z,"49 km WNW of Monywa, Myanmar",earthquake,9.2,7.7,0.106,25,reviewed,us,us
2016-05-03T16:31:51.850Z,29.6379,87.9346,25.81,4.1,mb,,156,2.779,0.6,us,us10005gkb,2016-07-19T20:03:11.040Z,"101 km WNW of Rikaze, China",earthquake,13.1,6.2,0.104,25,reviewed,us,us
2016-05-06T03:06:44.170Z,23.4241,94.287,26.82,4.1,mb,,144,3.074,0.76,us,us10005h52,2016-07-20T18:10:44.040Z,"27 km SSW of Mawlaik, Myanmar",earthquake,11.4,7,0.127,17,reviewed,us,us
2016-05-07T09:43:39.640Z,25.4013,91.7893,37.62,4.1,mb,,99,2.715,0.5,us,us10005h6s,2022-08-03T00:38:41.339Z,"14 km NE of Cherrapunji, India",earthquake,7.3,7.6,0.123,18,reviewed,us,us
2016-05-08T10:13:50.900Z,34.7921,86.6563,10,4.7,mb,,95,9.814,0.73,us,us10005fuk,2016-07-20T18:10:48.040Z,"western Xizang",earthquake,9.8,1.8,0.057,94,reviewed,us,us
2016-05-09T05:17:54.750Z,28.21,85.7631,39.31,4.2,mb,,66,0.634,0.78,us,us10005i7d,2016-07-20T18:10:49.040Z,"33 km NW of Kod?ri??, Nepal",earthquake,8.1,6.8,0.093,32,reviewed,us,us
2016-05-09T16:00:22.140Z,11.2676,91.4012,10,4.3,mb,,103,8.13,1.18,us,us10005i7u,2016-07-20T18:10:50.040Z,"151 km WSW of Bamboo Flat, India",earthquake,3.7,1.9,0.122,19,reviewed,us,us
2016-05-09T16:03:47.250Z,11.3506,91.5047,10,5.2,mb,,36,8.122,0.77,us,us10005g2n,2025-12-22T17:14:45.259Z,"137 km WSW of Bamboo Flat, India",earthquake,7.6,1.7,0.046,155,reviewed,us,us
2016-05-11T01:15:47.220Z,32.0221,95.0268,8,5.2,mwb,,25,4.072,0.89,us,us10005gf4,2024-06-16T23:45:15.024Z,"227 km WNW of Qamdo, China",earthquake,7.3,1.8,0.05,39,reviewed,us,us
2016-05-11T01:19:42.320Z,27.9448,84.9277,10.23,4.5,mb,,104,0.414,1.04,us,us10005ihi,2022-08-02T23:40:09.428Z,"45 km NW of Kirtipur, Nepal",earthquake,5.9,5.3,0.076,50,reviewed,us,us
2016-05-11T07:07:52.210Z,32.0502,94.9817,45.96,4.1,mb,,95,4.056,0.91,us,us10005ggc,2016-07-20T18:10:53.040Z,"232 km WNW of Qamdo, China",earthquake,9.1,8.2,0.114,21,reviewed,us,us
2016-05-11T08:52:47.570Z,28.0545,84.5639,15.99,4.5,mb,,73,5.984,0.63,us,us10005ggl,2016-07-20T18:10:53.040Z,"43 km NNE of Bharatpur, Nepal",earthquake,8.7,4.2,0.087,38,reviewed,us,us
2016-05-12T03:02:36.730Z,36.2179,71.2012,99.82,4.5,mwr,,98,1.036,0.58,us,us10005gpm,2016-07-20T18:10:54.040Z,"59 km SSW of Ashk?sham, Afghanistan",earthquake,6.2,1.9,0.08,15,reviewed,us,us
2016-05-12T07:54:19.140Z,24.2716,94.3125,71.48,4.8,mb,,52,2.92,0.68,us,us10005gr5,2022-08-02T22:22:23.725Z,"41 km SE of Kakching, India",earthquake,8.1,7,0.066,72,reviewed,us,us
2016-05-12T16:02:04.610Z,36.0642,69.0671,45.57,4.2,mb,,75,1.52,1.15,us,us10005gtq,2016-07-20T18:10:54.040Z,"Hindu Kush region, Afghanistan",earthquake,5.2,8.5,0.146,13,reviewed,us,us
2016-05-13T23:20:59.460Z,27.958,85.5191,10,4,mb,,104,0.303,0.82,us,us10005ivg,2016-07-22T19:39:05.040Z,"26 km N of Nagarkot, Nepal",earthquake,5.4,1.9,0.134,15,reviewed,us,us
2016-05-14T22:45:55.420Z,27.8608,85.3631,22.11,4.4,mb,,44,0.153,0.57,us,us10005hgq,2016-07-22T19:39:06.040Z,"Nepal",earthquake,8.1,3.3,0.069,61,reviewed,us,us
2016-05-16T18:03:47.500Z,25.9006,90.2255,35.12,4.3,mb,,165,3.871,0.56,us,us10005jku,2016-07-22T19:39:09.040Z,"16 km SSW of Lakhipur, India",earthquake,13,9.3,0.188,8,reviewed,us,us
2016-05-18T16:57:11.390Z,32.1179,95.0925,10,4.7,mb,,71,4.172,0.87,us,us10005i9v,2016-07-22T19:39:12.040Z,"226 km WNW of Qamdo, China",earthquake,9,1.9,0.083,44,reviewed,us,us
2016-05-19T23:10:24.720Z,22.7638,93.9152,42.42,4.8,mb,,61,3.365,0.58,us,us10005inb,2022-05-03T18:52:36.213Z,"Myanmar-India border region",earthquake,5.5,6.5,0.044,162,reviewed,us,us
2016-05-20T01:40:18.710Z,34.6112,69.3521,32.09,4,mb,,131,0.264,0.73,us,us10005ip5,2022-08-03T01:31:57.883Z,"18 km ENE of Kabul, Afghanistan",earthquake,7.9,6.7,0.163,11,reviewed,us,us
2016-05-21T07:59:00.050Z,28.2817,87.3528,10,4,mb,,120,1.918,1.06,us,us10005j3y,2016-08-03T22:33:40.040Z,"64 km NE of Lobujya, Nepal",earthquake,5.5,1.9,0.113,21,reviewed,us,us
2016-05-21T21:57:39.400Z,23.9073,94.5819,83.75,4,mb,,139,2.978,0.76,us,us20005yhm,2016-08-03T22:33:41.040Z,"34 km NNE of Mawlaik, Myanmar",earthquake,13,8.4,0.116,20,reviewed,us,us
2016-05-22T01:32:31.690Z,28.4767,87.5067,6.99,4.5,mb,,89,2.08,0.73,us,us10005j69,2016-08-03T22:33:41.040Z,"89 km NE of Lobujya, Nepal",earthquake,6.9,4,0.067,66,reviewed,us,us
2016-05-22T01:46:09.770Z,28.2457,87.2227,10.37,4,mb,,120,1.768,0.72,us,us20005yj5,2016-08-03T22:33:41.040Z,"51 km NE of Lobujya, Nepal",earthquake,8.4,6.7,0.164,10,reviewed,us,us
2016-05-22T01:48:48.130Z,28.4538,87.5326,9.36,5.4,mwc,,36,2.093,0.9,us,us10005j6b,2022-08-02T23:27:14.468Z,"89 km NE of Lobujya, Nepal",earthquake,6.5,3.5,,,reviewed,us,gcmt
2016-05-22T02:05:54.680Z,28.5654,87.4796,4.44,5.1,mb,,39,2.091,0.71,us,us10005j6d,2022-08-02T23:28:12.819Z,"94 km NE of Lobujya, Nepal",earthquake,5.5,2.9,0.039,213,reviewed,us,us
2016-05-22T02:55:42.320Z,28.3854,87.3554,10,4,mb,,118,1.955,1.1,us,us10005j6l,2016-08-03T22:33:41.040Z,"71 km NE of Lobujya, Nepal",earthquake,7.4,2,0.108,23,reviewed,us,us
2016-05-22T04:49:45.200Z,28.5599,87.5853,11.05,4.3,mb,,112,2.174,0.72,us,us10005j6t,2016-08-03T22:33:41.040Z,"101 km NE of Lobujya, Nepal",earthquake,7.8,4.3,0.083,41,reviewed,us,us
2016-05-22T22:32:36.380Z,10.2558,92.2057,30.04,4.1,mb,,206,1.488,0.19,us,us20005yjx,2016-08-03T22:33:42.040Z,"166 km SSW of Port Blair, India",earthquake,11.3,7.9,0.214,6,reviewed,us,us
2016-05-23T18:09:03.320Z,28.4178,87.4903,10,4.2,mb,,90,2.046,0.71,us,us10005jcy,2016-08-03T22:33:43.040Z,"84 km NE of Lobujya, Nepal",earthquake,6.7,1.8,0.093,32,reviewed,us,us
2016-05-23T19:09:52.790Z,27.704,85.0896,10,4.3,mb,,87,0.195,1.21,us,us10005jdi,2016-08-03T22:33:43.040Z,"18 km W of Kirtipur, Nepal",earthquake,3.5,1.9,0.082,42,reviewed,us,us
2016-05-24T10:17:59.320Z,33.0759,76.0936,35,4.1,mb,,148,2.432,0.73,us,us10005jjq,2016-08-03T22:33:43.040Z,"36 km ENE of Bhadarw?h, India",earthquake,10.2,2,0.165,10,reviewed,us,us
2016-05-26T09:29:25.640Z,28.4555,87.4821,10,4,mb,,117,2.085,1.02,us,us20005y1t,2016-08-03T22:33:45.040Z,"86 km NE of Lobujya, Nepal",earthquake,4.6,1.9,0.119,19,reviewed,us,us
2016-05-27T19:08:10.990Z,36.197,77.9088,84.78,4.1,mb,,100,4.58,0.93,us,us20005ylz,2016-08-10T22:30:23.040Z,"142 km SSW of Zangguy, China",earthquake,6.2,8,0.101,27,reviewed,us,us
2016-05-28T09:39:10.850Z,28.0097,85.4237,10,4.6,mb,,67,0.311,0.86,us,us20005ysr,2016-11-28T03:15:00.070Z,"34 km NNW of Nagarkot, Nepal",earthquake,5.7,1.7,0.053,107,reviewed,us,us
2016-05-29T06:46:00.100Z,36.0664,70.8256,93.28,4.5,mb,,81,1.076,0.7,us,us20005z01,2016-08-10T22:30:26.040Z,"72 km N of P?r?n, Afghanistan",earthquake,6.2,5.3,0.063,74,reviewed,us,us
2016-05-29T08:20:04.370Z,5.0106,96.2606,49.26,4.4,mb,,167,0.717,0.7,us,us2000601g,2016-08-10T22:30:26.040Z,"22 km S of Reuleuet, Indonesia",earthquake,5.9,10.1,0.162,11,reviewed,us,us
2016-05-30T17:40:24.090Z,29.8731,92.142,36.89,4,mb,,90,0.898,0.89,us,us200061qx,2016-08-10T22:30:28.040Z,"103 km ENE of Lhasa, China",earthquake,9.2,7.9,0.113,21,reviewed,us,us
2016-05-31T17:42:41.270Z,35.8184,69.7339,107.49,4.6,mb,,45,1.394,0.97,us,us200061tg,2016-08-10T22:30:29.040Z,"59 km NNE of B?z?rak, Afghanistan",earthquake,2.9,6.1,0.079,48,reviewed,us,us
2016-06-04T18:20:44.820Z,35.4118,68.555,27.06,4,mb,,106,0.957,1.04,us,us2000622n,2016-08-18T00:36:30.040Z,"55 km S of ?uk?mat? Dahanah-ye Gh?r?, Afghanistan",earthquake,4.9,6.5,0.134,15,reviewed,us,us
2016-06-05T22:48:10.190Z,36.1466,70.3095,105,4.1,mb,,176,1,0.82,us,us2000628q,2016-08-18T00:36:32.040Z,"62 km SE of Farkh?r, Afghanistan",earthquake,7.4,10.5,0.213,6,reviewed,us,us
2016-06-10T14:21:08.660Z,22.6959,93.8121,40.58,4.3,mb,,121,0.203,0.72,us,us200064sm,2016-08-25T01:22:50.040Z,"21 km ENE of Hakha, Myanmar",earthquake,10.5,8.6,0.122,19,reviewed,us,us
2016-06-11T18:12:23.380Z,25.7858,95.2245,83.12,4.5,mb,,78,3.463,0.59,us,us200063uf,2016-08-25T01:22:51.040Z,"66 km SE of Tuensang, India",earthquake,5,6.7,0.054,100,reviewed,us,us
2016-06-13T00:16:58.710Z,6.3836,94.3554,70.26,4.2,mb,,184,2.822,0.58,us,us200065hs,2016-08-25T01:22:53.040Z,"119 km WNW of Sabang, Indonesia",earthquake,11,6.2,0.159,11,reviewed,us,us
2016-06-13T23:27:42.520Z,27.9339,84.4925,10,4.1,mb,,173,0.761,0.57,us,us200065ir,2016-08-25T01:22:55.040Z,"29 km N of Bharatpur, Nepal",earthquake,4.9,1.9,0.107,24,reviewed,us,us
2016-06-15T09:02:16.350Z,36.0916,70.3346,108.87,4.8,mb,,44,1.05,1.08,us,us200064hz,2022-08-03T01:55:11.767Z,"68 km SE of Farkh?r, Afghanistan",earthquake,6,5.1,0.048,133,reviewed,us,us
2016-06-20T08:05:22.150Z,20.5353,93.9691,49.03,4.5,mb,,102,2.124,0.91,us,us200066i3,2016-08-27T02:15:31.040Z,"94 km W of Yenangyaung, Myanmar",earthquake,11.2,6.9,0.092,35,reviewed,us,us
2016-06-20T20:27:14.630Z,35.7257,68.4447,16.6,4.3,mb,,71,1.279,0.83,us,us200065ky,2016-08-27T02:15:32.040Z,"20 km S of ?uk?mat? Dahanah-ye Gh?r?, Afghanistan",earthquake,6.2,5,0.106,25,reviewed,us,us
2016-06-21T05:49:46.420Z,27.7243,84.9384,10,3.5,mb,,201,0.33,0.67,us,us200065q8,2022-08-03T02:21:47.662Z,"33 km W of Kirtipur, Nepal",earthquake,7.7,2,0.202,6,reviewed,us,us
2016-06-21T16:47:15.930Z,35.444,74.255,35,4.5,mb,,82,2.95,0.75,us,us200066k5,2016-08-27T02:15:33.040Z,"52 km S of Gilgit, Pakistan",earthquake,8.7,1.9,0.083,42,reviewed,us,us
2016-06-22T13:03:20.220Z,22.6845,94.6296,109.32,4.6,mb,,63,0.952,0.85,us,us200065yc,2022-08-03T02:26:16.518Z,"82 km NW of Monywa, Myanmar",earthquake,8.5,6.3,0.081,46,reviewed,us,us
2016-06-22T20:23:52.190Z,31.618,85.1956,10,4.4,mb,,92,5.454,0.5,us,us200067il,2016-08-27T02:15:35.040Z,"254 km N of Saga, China",earthquake,5.4,1.9,0.143,14,reviewed,us,us
2016-06-27T00:27:43.780Z,22.7084,92.0667,10,4.7,mb,,39,1.417,0.84,us,us2000672m,2023-02-14T18:22:55.273Z,"24 km NE of Raoj?n, Bangladesh",earthquake,3.3,1.9,0.057,95,reviewed,us,us
2016-06-27T03:35:03.310Z,36.0248,70.381,121.4,4.1,mb,,95,1.109,0.98,us,us2000673d,2016-08-31T03:08:18.040Z,"76 km SE of Farkh?r, Afghanistan",earthquake,6.7,7.7,0.12,19,reviewed,us,us
2016-06-27T05:27:43.810Z,32.1823,69.6512,46.92,4.6,mb,,89,2.406,0.61,us,us2000674d,2016-08-31T03:08:18.040Z,"14 km SSE of Wana, Pakistan",earthquake,8,5.8,0.064,74,reviewed,us,us
2016-06-27T13:04:41.660Z,32.689,91.995,38.78,4.3,mb,,101,3.068,0.6,us,us10005z6p,2016-08-31T03:08:19.040Z,"Eastern Xizang",earthquake,14.3,6.8,0.148,13,reviewed,us,us
2016-06-27T14:53:00.680Z,28.7638,87.4704,10,4.7,mb,,82,2.17,0.58,us,us10005z6t,2016-08-31T03:08:19.040Z,"110 km NE of Lobujya, Nepal",earthquake,7.7,1.8,0.082,45,reviewed,us,us
2016-06-29T09:10:28.860Z,29.5553,81.1306,9.03,4.6,mb,,77,4.111,0.46,us,us200067x7,2016-08-31T03:08:22.040Z,"37 km NNE of Dipayal, Nepal",earthquake,7.2,2.7,0.077,50,reviewed,us,us
2016-06-30T10:29:52.510Z,32.8408,84.8263,38.86,4.3,mb,,137,6.234,1.98,us,us10005yne,2016-08-31T03:08:24.040Z,"western Xizang",earthquake,8.8,5.9,0.148,13,reviewed,us,us
2016-06-30T20:50:36.800Z,30.0569,70.2698,10,4.5,mb,,134,4.589,1.02,us,us10005ywq,2016-08-31T03:08:24.040Z,"35 km W of Dera Ghazi Khan, Pakistan",earthquake,9.6,1.9,0.059,85,reviewed,us,us
2016-07-01T19:22:40.040Z,24.9691,95.3737,132.35,4.7,mb,,41,1.223,0.74,us,us10005zam,2016-09-02T21:36:33.040Z,"117 km SE of Phek, India",earthquake,7.4,4.3,0.066,69,reviewed,us,us
2016-07-02T00:23:46.380Z,29.5139,81.0984,10,4.4,mb,,82,4.119,0.78,us,us10005zd7,2016-09-02T21:36:33.040Z,"31 km NNE of Dipayal, Nepal",earthquake,8.6,1.8,0.085,40,reviewed,us,us
2016-07-02T05:04:15.390Z,20.8076,94.2046,78.31,4.3,mb,,94,1.91,0.56,us,us100061vj,2016-09-02T21:36:33.040Z,"64 km W of Chauk, Myanmar",earthquake,8.7,3.2,0.109,24,reviewed,us,us
2016-07-03T11:42:00.890Z,36.2944,69.1169,158.04,4.1,mb,,124,1.436,0.63,us,us10005zli,2016-09-02T21:36:35.040Z,"25 km N of Nahr?n, Afghanistan",earthquake,8.3,7.3,0.14,14,reviewed,us,us
2016-07-04T12:07:23.030Z,22.4144,93.7739,37.11,4.5,mb,,178,0.278,0.61,us,us100062jv,2016-09-02T21:36:36.040Z,"30 km SSE of Hakha, Myanmar",earthquake,9.5,8.4,0.15,13,reviewed,us,us
2016-07-05T09:43:44.490Z,24.8397,95.2089,101.26,4.4,mb,,64,1.026,0.88,us,us1000600x,2016-09-02T21:36:38.040Z,"116 km SE of Phek, India",earthquake,7.7,7.2,0.112,23,reviewed,us,us
2016-07-13T09:33:32.000Z,24.5435,94.8081,91.5,4,mb,,91,0.558,0.77,us,us20006fts,2016-09-08T01:50:30.040Z,"75 km E of W?ngjing, India",earthquake,7.8,9.3,0.3,3,reviewed,us,us
2016-07-13T17:56:32.830Z,12.0821,95.1704,10,4.5,mb,,132,2.412,1.19,us,us20006fub,2016-09-08T01:50:30.040Z,"268 km E of Port Blair, India",earthquake,9,1.9,0.113,23,reviewed,us,us
2016-07-15T16:08:02.180Z,15.4873,93.8979,10,4.6,mb,,80,3.97,0.72,us,us20006g61,2016-09-17T01:27:46.040Z,"168 km SSW of Pathein, Myanmar",earthquake,9,1.9,0.173,10,reviewed,us,us
2016-07-17T03:54:57.560Z,21.4276,71.5526,10,4.1,mb,,153,12.271,0.63,us,us20006far,2016-09-17T01:27:48.040Z,"12 km SSW of Gariadhar, India",earthquake,14.5,1.9,0.117,20,reviewed,us,us
2016-07-17T11:53:57.580Z,31.3474,74.4464,60.73,4.5,mb,,146,2.503,0.8,us,us20006fcp,2020-07-10T16:32:20.000Z,"7 km ESE of Kahna Nau, Pakistan",earthquake,10.3,5,0.087,39,reviewed,us,us
2016-07-19T20:35:06.330Z,36.0289,70.3348,100.81,4.5,mb,,172,1.822,1.08,us,us20006fyp,2016-09-17T01:27:51.040Z,"74 km SE of Farkh?r, Afghanistan",earthquake,7.3,11.1,0.181,9,reviewed,us,us
2016-07-20T03:23:43.710Z,22.8487,94.5868,91.45,4.4,mb,,118,0.934,0.4,us,us20006hh5,2016-09-17T01:27:51.040Z,"89 km SSE of Mawlaik, Myanmar",earthquake,4.1,8.7,0.148,13,reviewed,us,us
2016-07-24T15:33:07.260Z,12.7303,93.3143,62.76,4.4,mb,,105,1.204,0.82,us,us20006h9w,2016-09-24T22:47:18.040Z,"Andaman Islands, India region",earthquake,8.4,4.5,0.087,38,reviewed,us,us
2016-07-27T04:20:28.200Z,21.5143,94.5705,96.84,4.9,mb,,30,1.439,0.99,us,us20006i0y,2016-09-24T22:47:21.040Z,"Myanmar",earthquake,5.9,4.1,0.044,160,reviewed,us,us
2016-07-27T12:37:15.470Z,35.9853,69.1865,108.31,4.5,mb,,52,1.446,0.72,us,us20006i2p,2016-09-24T22:47:21.040Z,"10 km SSE of Nahr?n, Afghanistan",earthquake,4.8,7.1,0.081,45,reviewed,us,us
2016-07-30T11:58:56.360Z,29.068,94.6895,28.23,4.1,mb,,106,3.172,0.9,us,us100069uf,2016-10-19T04:51:49.040Z,"67 km NNE of Shi Yomi, India",earthquake,9.1,6.3,0.184,8,reviewed,us,us
2016-08-01T10:01:08.200Z,21.3109,94.9305,131.47,5.1,mb,,29,1.304,0.94,us,us1000696h,2025-12-22T16:53:17.776Z,"16 km W of Pakokku, Myanmar",earthquake,5.7,4,0.035,263,reviewed,us,us
2016-08-01T13:38:32.850Z,31.3148,76.9876,35.06,4.5,mb,,118,3.911,1.38,us,us10006acy,2016-10-19T04:52:06.040Z,"15 km WNW of Seoni, India",earthquake,8.8,6.9,0.164,11,reviewed,us,us
2016-08-02T01:24:00.030Z,33.9373,72.7103,55.87,4.2,mb,,161,0.545,0.99,us,us100069cn,2016-10-19T04:52:09.040Z,"16 km SSE of Topi, Pakistan",earthquake,8.3,11,0.146,13,reviewed,us,us
2016-08-03T09:38:14.190Z,36.1759,70.2216,117.22,4.5,mb,,77,1.776,1.22,us,us100069p2,2016-10-19T04:52:17.040Z,"54 km SE of Farkh?r, Afghanistan",earthquake,6.1,2.2,0.084,42,reviewed,us,us
2016-08-04T02:20:06.480Z,35.2761,69.1851,10,4.6,mb,,75,0.742,0.84,us,us100069ys,2016-10-19T04:52:22.040Z,"18 km NNW of Jabal os Saraj, Afghanistan",earthquake,3.1,1.9,0.103,28,reviewed,us,us
2016-08-09T14:04:50.660Z,4.6169,94.6716,19.6,4.5,mb,,173,2.347,0.39,us,us10006ccq,2016-10-26T03:10:24.040Z,"125 km SW of Banda Aceh, Indonesia",earthquake,6.8,5.8,0.109,25,reviewed,us,us
2016-08-10T03:00:32.800Z,34.3848,86.1355,30.01,4.3,mb,,128,6.303,0.91,us,us10006chw,2016-10-26T03:10:24.040Z,"western Xizang",earthquake,10.3,6.5,0.129,17,reviewed,us,us
2016-08-10T08:56:40.740Z,34.4747,86.0882,30.2,4.1,mb,,127,6.395,0.96,us,us10006cjz,2016-10-26T03:10:25.040Z,"western Xizang",earthquake,9.9,7.2,0.146,14,reviewed,us,us
2016-08-10T09:35:35.670Z,34.3563,86.1384,10,4.4,mb,,128,10.707,0.68,us,us10006ck5,2016-10-26T03:10:25.040Z,"western Xizang",earthquake,11.1,1.9,0.12,20,reviewed,us,us
2016-08-10T10:23:42.660Z,34.4074,86.1267,10,4.4,mb,,127,6.324,0.97,us,us10006ckh,2016-10-26T03:10:25.040Z,"western Xizang",earthquake,10.8,1.9,0.099,29,reviewed,us,us
2016-08-11T01:01:05.900Z,34.3687,86.2515,29.39,4.7,mb,,81,12.769,0.79,us,us10006e2z,2018-07-05T15:47:24.526Z,"western Xizang",earthquake,10.9,2.4,0.097,32,reviewed,us,us
2016-08-11T10:52:26.170Z,7.59,93.6584,39.63,4.5,mb,,110,5.969,0.84,us,us10006cwk,2016-10-26T03:10:26.040Z,"262 km NW of Sabang, Indonesia",earthquake,11.1,8.1,0.131,36,reviewed,us,us
2016-08-11T10:55:13.190Z,7.7291,93.6872,40.99,4.8,mb,,108,4.082,1.1,us,us10006cwl,2016-10-26T03:10:26.040Z,"271 km NW of Sabang, Indonesia",earthquake,8.2,6.7,0.078,104,reviewed,us,us
2016-08-12T00:46:24.080Z,34.4055,86.2891,10,4.7,mb,,63,6.231,0.73,us,us10006d57,2016-11-15T02:21:45.040Z,"western Xizang",earthquake,2.9,1.8,0.047,136,reviewed,us,us
2016-08-12T12:23:24.490Z,34.6969,80.3573,25.59,4.4,mb,,132,5.967,0.64,us,us10006daa,2016-11-15T02:21:46.040Z,"western Xizang",earthquake,10,6.1,0.107,25,reviewed,us,us
2016-08-14T13:10:14.840Z,34.3389,86.1993,25.32,4.5,mb,,121,10.757,0.49,us,us10006dre,2016-11-15T02:21:48.040Z,"western Xizang",earthquake,11.5,6,0.128,18,reviewed,us,us
2016-08-14T23:48:37.110Z,4.9139,94.9915,57.38,4.5,mb,,151,1.973,0.69,us,us10006dtr,2016-11-15T02:21:49.040Z,"79 km SSW of Banda Aceh, Indonesia",earthquake,3.9,8.7,0.071,57,reviewed,us,us
2016-08-15T08:57:07.030Z,22.5185,94.7324,115.1,4.5,mb,,139,1.054,0.4,us,us10006f2b,2016-11-15T02:21:49.040Z,"61 km NW of Monywa, Myanmar",earthquake,5.7,9,0.191,8,reviewed,us,us
2016-08-18T01:39:38.800Z,7.4749,94.2706,112.31,4.3,mb,,135,3.472,0.51,us,us10006gc7,2016-11-15T02:21:52.040Z,"210 km NNW of Sabang, Indonesia",earthquake,14.7,9.7,0.188,8,reviewed,us,us
2016-08-18T18:23:56.270Z,11.9017,93.5881,107.98,4.6,mb,,81,5.931,0.3,us,us10006gdk,2016-11-15T02:21:53.040Z,"95 km ENE of Port Blair, India",earthquake,10.9,4.1,0.173,11,reviewed,us,us
2016-08-19T10:45:55.470Z,22.3558,95.6586,22.28,4.2,mb,,138,0.539,0.8,us,us10006ggt,2016-11-19T04:58:30.040Z,"23 km S of Shwebo, Myanmar",earthquake,5.9,5.2,0.166,10,reviewed,us,us
2016-08-22T11:01:16.340Z,36.2732,70.7109,114.84,4.5,mb,,105,1.467,0.9,us,us20006u82,2016-11-19T04:58:35.040Z,"66 km S of Jurm, Afghanistan",earthquake,8.1,13.6,0.241,5,reviewed,us,us
2016-08-23T02:11:12.810Z,23.8972,94.6983,101.74,5,mwr,,22,0.491,0.71,us,us10006fx8,2025-12-22T17:17:25.594Z,"41 km NE of Mawlaik, Myanmar",earthquake,5.5,3.6,0.089,12,reviewed,us,us
2016-08-23T05:32:24.350Z,36.0432,91.2726,10,4.2,mb,,86,6.323,1.3,us,us10006fxu,2016-11-19T04:58:36.040Z,"Southern Qinghai, China",earthquake,10.4,2,0.146,13,reviewed,us,us
2016-08-23T22:37:10.560Z,35.9377,69.7244,114.4,4.4,mb,,75,1.501,1.05,us,us10006g6t,2016-11-19T04:58:36.040Z,"55 km ESE of Nahr?n, Afghanistan",earthquake,5.9,7.5,0.101,28,reviewed,us,us
2016-08-24T10:34:54.580Z,20.9228,94.569,82,6.8,mww,,17,1.802,1.05,us,us10006gbf,2023-12-18T16:33:59.409Z,"26 km W of Chauk, Myanmar",earthquake,5.9,1.9,,,reviewed,us,us
2016-08-24T10:57:16.300Z,20.9317,94.6688,93.15,4.5,mb,,172,1.724,0.77,us,us20006v9y,2016-11-19T04:58:38.040Z,"15 km WNW of Chauk, Myanmar",earthquake,8.4,8.7,0.145,14,reviewed,us,us
2016-08-26T18:20:45.580Z,9.2319,93.9606,10,4.7,mb,,46,2.689,1.21,us,us20006ubt,2016-11-29T01:28:41.040Z,"Nicobar Islands, India region",earthquake,7.4,1.9,0.077,51,reviewed,us,us
2016-08-26T18:22:55.880Z,9.1191,94.4457,10,4.4,mb,,95,3.026,0.58,us,us20006ves,2016-11-29T01:28:41.040Z,"Nicobar Islands, India region",earthquake,12.5,1.9,0.162,11,reviewed,us,us
2016-08-26T18:24:21.040Z,9.0105,95.5605,14.46,4.5,mb,,198,3.819,0.66,us,us20006ver,2016-11-29T01:28:41.040Z,"298 km W of Ban Khao Lak, Thailand",earthquake,14,6.7,0.124,19,reviewed,us,us
2016-08-27T01:14:30.110Z,31.4746,77.7102,10,4.6,mb,,106,4.332,0.8,us,us20006ufk,2016-11-29T01:28:41.040Z,"8 km ENE of R?mpur, India",earthquake,7.5,1.3,0.066,69,reviewed,us,us
2016-08-27T01:35:05.900Z,31.4834,77.6806,10,4.5,mb,,152,4.306,0.69,us,us20006ufn,2016-11-29T01:28:41.040Z,"6 km NE of R?mpur, India",earthquake,9,1.9,0.091,36,reviewed,us,us
2016-08-27T03:38:08.270Z,31.2127,77.7742,10,4.1,mb,,179,4.518,1.16,us,us10006j3q,2016-11-29T01:28:41.040Z,"2 km ENE of Rohru, India",earthquake,11.8,2,0.124,18,reviewed,us,us
2016-08-31T09:07:16.400Z,34.5068,86.3077,30.16,4.2,mb,,114,6.296,0.96,us,us10006rmh,2016-11-29T01:28:48.040Z,"western Xizang",earthquake,6.8,6.9,0.152,12,reviewed,us,us
2016-08-31T09:25:06.570Z,34.339,86.186,30.29,4.7,mb,,36,6.241,0.53,us,us10006j0u,2016-11-29T01:28:48.040Z,"western Xizang",earthquake,6.1,4.5,0.06,85,reviewed,us,us
2016-09-02T06:12:49.230Z,36.0392,70.373,104.05,4.5,mb,,82,1.811,1.04,us,us10006jk7,2016-12-03T02:54:34.040Z,"75 km SE of Farkh?r, Afghanistan",earthquake,6.9,8.4,0.127,18,reviewed,us,us
2016-09-02T08:19:53.300Z,34.6817,72.9636,34.89,4.5,mb,,65,1.059,0.93,us,us10006jl2,2016-12-03T02:54:34.040Z,"1 km W of Shingli Bala, Pakistan",earthquake,6.1,4.7,0.127,18,reviewed,us,us
2016-09-02T14:31:00.980Z,28.6255,94.9397,23.69,4.6,mb,,66,3.503,0.95,us,us10006jnm,2016-12-03T02:54:35.040Z,"52 km NNE of Along, India",earthquake,7.8,3.7,0.084,42,reviewed,us,us
2016-09-04T13:05:48.740Z,28.0653,92.032,28.78,4,mb,,154,1.814,0.4,us,us10006mr6,2016-12-03T02:54:41.040Z,"55 km N of Tawang, India",earthquake,9.5,6,0.232,5,reviewed,us,us
2016-09-04T22:28:38.650Z,13.5061,92.7137,31.34,4.2,mb,,151,1.839,0.57,us,us10006kdx,2016-12-03T02:54:42.040Z,"199 km N of Bamboo Flat, India",earthquake,6.2,6.9,0.199,7,reviewed,us,us
2016-09-05T04:50:14.360Z,34.7371,73.098,25.92,4.7,mb,,59,1.093,0.9,us,us10006kfz,2016-12-03T02:54:43.040Z,"9 km NE of Battagram, Pakistan",earthquake,7.1,5.2,0.06,86,reviewed,us,us
2016-09-06T18:02:24.400Z,35.6742,73.5467,57.64,4.3,mb,,130,2.394,1.16,us,us10006mh6,2016-12-03T02:54:45.040Z,"74 km WSW of Gilgit, Pakistan",earthquake,8.8,9.4,0.201,9,reviewed,us,us
2016-09-08T23:35:06.290Z,8.6016,93.8842,80.77,4.5,mb,,102,3.235,0.67,us,us10006n7k,2016-12-03T02:54:50.040Z,"Nicobar Islands, India region",earthquake,7.1,8,0.088,38,reviewed,us,us
2016-09-09T09:10:51.180Z,30.3571,82.8488,35,4.3,mb,,175,8.772,0.59,us,us10006nn5,2016-12-07T02:56:07.040Z,"136 km NNE of Jumla, Nepal",earthquake,13.5,2,0.202,7,reviewed,us,us
2016-09-09T11:03:13.650Z,36.1855,70.5412,121.21,4.3,mb,,79,1.614,0.58,us,us10006naq,2016-12-07T02:56:07.040Z,"74 km SE of Farkh?r, Afghanistan",earthquake,6,7.6,0.188,8,reviewed,us,us
2016-09-10T00:46:18.380Z,30.2163,82.6753,35,4.9,mb,,92,3.402,0.89,us,us10006nhy,2016-12-07T02:56:08.040Z,"114 km NNE of Jumla, Nepal",earthquake,7.2,1.9,0.048,138,reviewed,us,us
2016-09-10T15:27:23.480Z,28.7684,76.5733,10,4.1,mb,,202,5.629,0.9,us,us10006nsd,2016-12-07T02:56:09.040Z,"7 km N of Beri Kh?s, India",earthquake,11.2,2,0.157,11,reviewed,us,us
2016-09-11T00:24:22.700Z,5.2916,94.0253,35,4.2,mb,,209,2.91,0.45,us,us10006q52,2016-12-07T02:56:10.040Z,"147 km W of Banda Aceh, Indonesia",earthquake,9.9,2,0.186,8,reviewed,us,us
2016-09-11T05:07:48.670Z,9.8342,93.2204,75.1,4.6,mb,,108,1.869,0.68,us,us10006nsf,2016-12-07T02:56:10.040Z,"209 km SSE of Port Blair, India",earthquake,8.4,6.5,0.074,54,reviewed,us,us
2016-09-12T05:14:15.980Z,35.5744,71.8846,35,4.3,mb,,125,1.96,1.29,us,us10006nya,2016-12-07T02:56:12.040Z,"34 km WNW of Thal, Pakistan",earthquake,7.4,2,0.16,11,reviewed,us,us
2016-09-13T11:59:49.020Z,10.2454,91.637,27.71,4.7,mb,,193,1.773,0.44,us,us10006r4n,2016-12-07T02:56:14.040Z,"198 km SW of Port Blair, India",earthquake,12.8,4,0.166,11,reviewed,us,us
2016-09-14T21:09:00.400Z,4.4757,95.5313,65.89,4.1,mb,,171,1.596,0.93,us,us10006rdz,2016-12-07T02:56:15.040Z,"northern Sumatra, Indonesia",earthquake,9.8,9.2,0.184,8,reviewed,us,us
2016-09-15T02:30:46.460Z,10.1636,91.7111,20.94,5,mb,,102,1.796,0.8,us,us10006pnx,2016-12-07T02:56:16.040Z,"201 km SW of Port Blair, India",earthquake,7.4,4.6,0.077,54,reviewed,us,us
2016-09-16T05:18:49.780Z,12.8909,92.492,29.95,4.3,mb,,90,1.252,0.91,us,us10006s0d,2016-12-12T23:01:25.040Z,"133 km N of Bamboo Flat, India",earthquake,7.5,5.7,0.133,16,reviewed,us,us
2016-09-17T02:46:23.340Z,24.368,93.9151,63.47,4.3,mb,,83,0.377,0.88,us,us10006sux,2016-12-12T23:01:26.040Z,"15 km SSW of Kakching, India",earthquake,6.3,7.8,0.178,9,reviewed,us,us
2016-09-18T17:14:17.810Z,27.8196,85.4746,25.2,4.2,mb,,68,0.176,0.94,us,us10006qpe,2016-12-12T23:01:29.040Z,"12 km NNW of Nagarkot, Nepal",earthquake,8.2,4.8,0.093,32,reviewed,us,us
2016-09-18T23:39:09.760Z,8.1628,92.2383,30.06,4.3,mb,,195,3.506,0.76,us,us10006t9z,2016-12-12T23:01:30.040Z,"Nicobar Islands, India region",earthquake,10.3,7.6,0.142,14,reviewed,us,us
2016-09-19T12:57:31.930Z,10.3504,92.6927,33.56,4.6,mb,,145,1.298,0.62,us,us10006ttk,2016-12-12T23:01:31.040Z,"145 km S of Port Blair, India",earthquake,12,6.9,0.145,14,reviewed,us,us
2016-09-20T09:10:11.230Z,13.301,93.048,35,4.3,mb,,139,1.662,0.91,us,us10006tvk,2016-12-12T23:01:33.040Z,"180 km NNE of Bamboo Flat, India",earthquake,6.4,2,0.189,8,reviewed,us,us
2016-09-22T13:23:43.950Z,25.2601,95.6127,141.47,4.6,mb,,57,1.573,0.95,us,us10006rn5,2016-12-12T23:01:37.040Z,"120 km ESE of Phek, India",earthquake,8.9,8.4,0.097,32,reviewed,us,us
2016-09-22T20:24:28.620Z,26.1494,68.1516,10,4.6,mb,,130,8.399,0.85,us,us10006rri,2022-06-04T02:38:58.821Z,"12 km N of Sann, Pakistan",earthquake,9.6,1.9,0.068,65,reviewed,us,us
2016-09-23T22:27:23.980Z,8.3937,94.3791,35,4.9,mb,,57,3.619,0.88,us,us10006s4n,2025-12-22T17:18:13.905Z,"295 km NNW of Sabang, Indonesia",earthquake,7.5,1.9,0.054,107,reviewed,us,us
2016-09-26T19:04:19.150Z,8.3699,94.2744,35,4.6,mb,,121,3.596,1.04,us,us10006sx9,2022-05-03T18:55:24.836Z,"297 km NNW of Sabang, Indonesia",earthquake,8,2,0.082,45,reviewed,us,us
2016-09-29T13:58:52.560Z,34.4797,90.4046,14.44,4.2,mb,,114,4.801,0.46,us,us10006tu9,2016-12-14T03:17:56.040Z,"Southern Qinghai, China",earthquake,8.2,5.6,0.121,19,reviewed,us,us
2016-09-30T21:55:01.660Z,34.4341,73.7603,14.28,4.3,mb,,186,0.881,1.3,us,us20007dje,2017-01-03T21:10:39.040Z,"27 km ENE of Muzaffar?b?d, Pakistan",earthquake,9.7,6.5,0.138,15,reviewed,us,us
2016-10-01T08:04:34.330Z,34.9048,73.6822,10,5.4,mb,,54,1.297,0.86,us,us10006ucc,2022-05-03T18:00:46.465Z,"62 km NNE of Muzaffar?b?d, Pakistan",earthquake,7,1.8,0.046,160,reviewed,us,us
2016-10-01T11:36:01.570Z,30.9806,88.1037,34.62,4.2,mb,,134,2.907,1.19,us,us10006udj,2017-01-03T21:10:40.040Z,"206 km NNW of Rikaze, China",earthquake,9.1,9.2,0.11,23,reviewed,us,us
2016-10-01T13:11:23.200Z,34.362,90.352,12.3,4.4,mb,,105,4.691,1.18,us,us10006udz,2017-01-03T21:10:40.040Z,"Southern Qinghai, China",earthquake,9.4,5.2,0.102,28,reviewed,us,us
2016-10-04T14:19:21.580Z,33.7459,75.6917,35,4.3,mb,,140,2.022,0.53,us,us20007dpw,2017-01-03T21:10:44.040Z,"45 km SE of Pahlg?m, India",earthquake,8.5,1.9,0.201,7,reviewed,us,us
2016-10-06T14:47:57.210Z,26.443,92.773,56.85,4.3,mb,,129,2.601,0.41,us,us20007dug,2017-01-03T21:10:47.040Z,"21 km S of Tezpur, India",earthquake,12,10.5,0.137,15,reviewed,us,us
2016-10-06T23:15:05.350Z,36.1088,69.798,113.21,4.4,mb,,62,1.681,0.83,us,us20007cgk,2017-01-03T21:10:47.040Z,"51 km S of Farkh?r, Afghanistan",earthquake,4,6.6,0.055,97,reviewed,us,us
2016-10-07T04:52:38.250Z,28.35,85.9666,10,4,mb,,90,0.857,1.05,us,us20007dve,2017-01-07T00:20:44.040Z,"43 km N of Kod?ri??, Nepal",earthquake,5.3,2,0.164,10,reviewed,us,us
2016-10-07T19:28:41.000Z,23.1834,94.1855,37.84,4.5,mb,,87,0.763,0.49,us,us20007dvz,2017-01-07T00:20:45.040Z,"55 km SSW of Mawlaik, Myanmar",earthquake,3.2,7.7,0.095,33,reviewed,us,us
2016-10-09T00:08:40.980Z,22.3856,93.8353,51.54,4.4,mb,,144,0.335,0.66,us,us20007e4n,2017-01-07T00:20:47.040Z,"36 km SE of Hakha, Myanmar",earthquake,5.1,6.7,0.218,6,reviewed,us,us
2016-10-11T07:30:14.280Z,25.2519,95.0006,95.33,4.7,mb,,57,1.2,1.08,us,us20007d7h,2017-01-07T00:20:50.040Z,"68 km SE of Phek, India",earthquake,5.6,7.2,0.083,44,reviewed,us,us
2016-10-11T17:41:01.150Z,24.8275,96.2738,26.73,4.6,mb,,75,1.893,0.92,us,us20007d97,2017-01-07T00:20:50.040Z,"116 km WNW of Bhamo, Myanmar",earthquake,7.4,3.3,0.077,50,reviewed,us,us
2016-10-11T22:30:54.960Z,5.3447,75.9427,10,4.9,mb,,82,4.087,0.64,us,us20007dap,2017-01-07T00:20:50.040Z,"284 km E of Manadhoo, Maldives",earthquake,5.2,1.7,0.061,83,reviewed,us,us
2016-10-12T15:30:18.300Z,36.018,82.3816,15.96,3.9,mb,,125,6.726,0.52,us,us20007ddw,2017-01-07T00:20:51.040Z,"250 km ESE of Hotan, China",earthquake,11.4,5.6,0.162,10,reviewed,us,us
2016-10-12T16:50:50.830Z,4.7893,95.6808,90.81,4.7,mb,,156,1.335,0.84,us,us20007de7,2017-01-07T00:20:51.040Z,"72 km SSW of Sigli, Indonesia",earthquake,6.9,5.4,0.067,67,reviewed,us,us
2016-10-16T14:19:23.680Z,36.2503,70.794,106.87,4.1,mb,,99,1.453,0.59,us,us20007ela,2017-01-15T01:13:52.040Z,"68 km S of Jurm, Afghanistan",earthquake,7.9,6,0.198,7,reviewed,us,us
2016-10-17T07:14:50.870Z,32.8959,94.8768,35,5.9,mww,,11,4.519,0.82,us,us20007eqh,2022-05-03T18:01:59.791Z,"Xizang-Qinghai border region",earthquake,4.6,1.7,,,reviewed,us,us
2016-10-17T07:33:39.520Z,32.8717,94.9881,37.41,4.7,mb,,54,4.571,0.96,us,us20007eqy,2017-01-15T01:13:58.040Z,"283 km NW of Qamdo, China",earthquake,8.3,6.4,0.062,79,reviewed,us,us
2016-10-17T08:06:29.970Z,32.9799,94.9965,37.85,4.6,mb,,67,4.65,0.86,us,us20007fx3,2017-01-15T01:13:59.040Z,"290 km NW of Qamdo, China",earthquake,10.9,7,0.132,17,reviewed,us,us
2016-10-17T08:24:39.240Z,32.9504,95.041,35,4.4,mb,,66,4.657,1.04,us,us20007erg,2017-01-15T01:13:59.040Z,"285 km NW of Qamdo, China",earthquake,8.8,2,0.083,42,reviewed,us,us
2016-10-19T07:20:49.170Z,24.7872,91.2146,29.79,4.4,mb,,139,0.969,0.83,us,us20007fac,2022-08-07T11:20:20.132Z,"33 km NNW of Baniachang, Bangladesh",earthquake,6.3,5.4,0.123,19,reviewed,us,us
2016-10-19T23:57:18.870Z,32.8633,94.757,10,4.5,mb,,43,4.424,0.79,us,us20007fht,2017-01-15T01:13:59.040Z,"297 km ENE of Nagqu, China",earthquake,7.9,1.9,0.072,56,reviewed,us,us
2016-10-20T04:53:53.420Z,30.8984,69.8069,29.96,4.8,mb,,115,3.688,0.73,us,us20007fiq,2022-05-03T18:55:40.849Z,"59 km SE of Zhob, Pakistan",earthquake,7.2,5.4,0.075,54,reviewed,us,us
2016-10-23T15:56:41.960Z,26.0659,90.2619,24.31,4.6,mb,,127,1.52,0.7,us,us20007g8h,2017-01-20T00:31:03.040Z,"5 km NW of Lakhipur, India",earthquake,9.6,6.3,0.088,38,reviewed,us,us
2016-10-24T00:56:27.100Z,36.2065,71.0301,99.38,4.4,mb,,81,1.414,1.13,us,us20007gas,2017-01-20T00:31:04.040Z,"69 km SW of Ashk?sham, Afghanistan",earthquake,5.4,12.9,0.154,12,reviewed,us,us
2016-10-25T04:16:39.680Z,36.3035,70.8596,114.1,4.5,mb,,78,1.382,0.96,us,us20007gjc,2017-01-20T00:31:05.040Z,"62 km S of Jurm, Afghanistan",earthquake,6.9,8.2,0.139,15,reviewed,us,us
2016-10-25T22:00:26.020Z,7.0673,92.4518,10,4.9,mb,,61,4.568,0.6,us,us20007gqu,2017-01-20T00:31:06.040Z,"Nicobar Islands, India region",earthquake,7.1,1.8,0.06,88,reviewed,us,us
2016-10-26T02:21:58.690Z,22.899,94.6,107.88,4.9,mb,,31,0.958,0.77,us,us20007grv,2017-01-20T00:31:07.040Z,"84 km SSE of Mawlaik, Myanmar",earthquake,6,4.3,0.051,119,reviewed,us,us
2016-10-26T06:29:09.950Z,23.1261,92.8708,50.3,4.7,mb,,68,0.826,0.61,us,us20007gsu,2017-01-20T00:31:07.040Z,"18 km S of Serchh?p, India",earthquake,5.6,8,0.097,32,reviewed,us,us
2016-10-29T17:47:11.680Z,21.7014,93.4678,61.66,4.4,mb,,140,0.944,1.2,us,us100073s9,2017-01-24T02:02:09.040Z,"100 km SSE of Saiha, India",earthquake,7.7,10.5,0.239,6,reviewed,us,us
2016-10-30T16:26:35.110Z,8.1719,94.3373,54.26,4.5,mb,,154,3.907,1.35,us,us1000743p,2017-01-24T02:02:10.040Z,"274 km NNW of Sabang, Indonesia",earthquake,11.6,10.4,0.181,9,reviewed,us,us
2016-10-31T13:25:53.320Z,34.8888,85.9776,17.06,4.2,mb,,134,10.908,0.94,us,us1000738r,2017-01-24T02:02:12.040Z,"western Xizang",earthquake,5.2,5.5,0.153,12,reviewed,us,us
2016-11-06T01:44:31.210Z,35.9576,69.4163,124.35,4.2,mb,,77,1.446,1.14,us,us100074e0,2017-02-02T02:21:00.040Z,"28 km ESE of Nahr?n, Afghanistan",earthquake,7.6,6.8,0.159,11,reviewed,us,us
2016-11-10T17:40:45.480Z,4.9266,94.8955,126.35,4.2,mb,,189,2.065,1.36,us,us100076py,2017-02-02T02:21:06.040Z,"83 km SW of Banda Aceh, Indonesia",earthquake,11.3,10.9,0.128,17,reviewed,us,us
2016-11-11T16:20:10.360Z,7.1537,92.0147,28.66,4.1,mb,,123,4.531,0.55,us,us100079ba,2017-02-09T03:02:19.040Z,"Nicobar Islands, India region",earthquake,12.3,7.2,0.123,18,reviewed,us,us
2016-11-13T21:22:24.700Z,10.6904,93.6834,8.78,4.6,mb,,99,1.33,0.68,us,us100077fm,2017-02-09T03:02:24.040Z,"148 km SE of Port Blair, India",earthquake,6.8,6.1,0.108,26,reviewed,us,us
2016-11-15T02:10:21.120Z,24.6475,92.3284,32.42,4.6,mb,,72,1.01,0.76,us,us1000781i,2017-02-09T03:02:28.040Z,"23 km W of Hail?k?ndi, India",earthquake,6.4,4.9,0.083,44,reviewed,us,us
2016-11-16T22:59:24.610Z,28.0012,76.7017,10,4.4,mb,,98,6.357,0.7,us,us1000793m,2017-02-09T03:02:32.040Z,"14 km SE of B?wal, India",earthquake,10.5,1.9,0.089,36,reviewed,us,us
2016-11-17T21:45:56.570Z,32.6865,96.1511,10,5,mb,,28,5.231,0.63,us,us100079n7,2017-02-09T03:02:33.040Z,"198 km NNW of Qamdo, China",earthquake,7.4,1.8,0.042,179,reviewed,us,us
2016-11-21T04:50:41.050Z,31.4546,94.1675,33.42,4.1,mb,,111,3.15,1.19,us,us10007cuy,2017-02-15T23:21:31.040Z,"200 km E of Nagqu, China",earthquake,11.7,5.9,0.127,17,reviewed,us,us
2016-11-24T14:16:36.710Z,33.227,72.7675,37.81,4.5,mb,,249,0.595,1.47,us,us10007c3e,2017-02-15T23:21:39.040Z,"33 km NNW of Chakwal, Pakistan",earthquake,11,12,0.136,16,reviewed,us,us
2016-11-25T11:17:10.660Z,13.1382,93.0599,32.79,4.6,mb,,92,7.738,0.86,us,us10007c91,2017-02-23T00:11:47.040Z,"163 km NNE of Bamboo Flat, India",earthquake,9.7,5.9,0.069,64,reviewed,us,us
2016-11-25T19:37:57.090Z,7.1094,92.4447,29.37,4.4,mb,,101,4.85,0.69,us,us10007ed2,2017-02-23T00:11:47.040Z,"Nicobar Islands, India region",earthquake,8.5,4.3,0.09,36,reviewed,us,us
2016-11-27T23:35:21.020Z,27.8015,86.5319,10,5.4,mb,,30,1.081,0.67,us,us10007cuh,2022-05-03T19:50:04.618Z,"17 km W of Namche Bazar, Nepal",earthquake,5.3,1.7,0.033,314,reviewed,us,us
2016-12-01T16:52:50.110Z,29.979,80.6321,31.96,5.2,mb,,41,4.687,0.76,us,us10007e1x,2023-01-12T12:54:08.773Z,"18 km NE of Dh?rchula, India",earthquake,7,4.4,0.047,152,reviewed,us,us
2016-12-03T19:42:11.180Z,10.9345,91.886,10,4.7,mb,,112,7.565,0.95,us,us10007emp,2017-03-03T07:06:01.040Z,"123 km SW of Port Blair, India",earthquake,8.8,1.9,0.071,60,reviewed,us,us
2016-12-04T21:34:23.310Z,32.4198,92.116,10,5.2,mwb,,26,2.837,0.77,us,us10007euj,2022-05-03T18:04:00.549Z,"104 km N of Nagqu, China",earthquake,7.4,1.7,0.083,14,reviewed,us,us
2016-12-05T01:13:26.380Z,36.1657,70.6392,104.28,4.3,mb,,176,0.959,1,us,us10007evb,2017-03-03T07:06:02.040Z,"79 km SSW of Jurm, Afghanistan",earthquake,3.8,7.8,0.133,16,reviewed,us,us
2016-12-06T22:03:33.390Z,5.2834,96.1678,13,6.5,mww,,27,0.778,1.13,us,us10007ghm,2025-05-29T23:20:25.575Z,"14 km WNW of Reuleuet, Indonesia",earthquake,5.6,0.2,,,reviewed,us,us
2016-12-06T22:10:35.440Z,5.2296,96.1855,10,5.2,mb,,79,0.758,0.93,us,us200080h2,2017-03-03T07:06:05.040Z,"10 km W of Reuleuet, Indonesia",earthquake,6.7,1.9,0.108,28,reviewed,us,us
2016-12-06T22:18:21.460Z,5.2343,96.1582,10,4.2,mb,,79,0.785,0.81,us,us200080h5,2017-03-03T07:06:05.040Z,"14 km W of Reuleuet, Indonesia",earthquake,6,1.9,0.136,15,reviewed,us,us
2016-12-06T22:27:39.380Z,5.3066,96.1822,10,4.3,mb,,80,0.765,0.61,us,us200080h6,2017-03-03T07:06:05.040Z,"14 km NW of Reuleuet, Indonesia",earthquake,4,1.9,0.201,7,reviewed,us,us
2016-12-06T22:34:11.070Z,5.2515,96.0939,10,4.1,mb,,166,0.85,1.06,us,us200080h8,2017-03-03T07:06:05.040Z,"20 km SE of Sigli, Indonesia",earthquake,7.5,2,0.166,10,reviewed,us,us
2016-12-06T22:38:18.100Z,5.2899,96.1701,10,4.3,mb,,80,0.776,0.81,us,us200080h9,2017-03-03T07:06:05.040Z,"14 km WNW of Reuleuet, Indonesia",earthquake,9.1,1.9,0.142,14,reviewed,us,us
2016-12-06T22:40:50.720Z,5.3734,96.1744,10,4.3,mb,,78,0.782,0.92,us,us200080hc,2017-03-03T07:06:05.040Z,"21 km NW of Reuleuet, Indonesia",earthquake,5.9,1.8,0.111,23,reviewed,us,us
2016-12-07T16:05:42.460Z,5.1409,96.1472,14.05,4.5,mb,,80,0.801,0.79,us,us10007gmq,2017-03-03T07:06:06.040Z,"northern Sumatra, Indonesia",earthquake,6.5,2,0.102,28,reviewed,us,us
2016-12-07T16:43:01.380Z,5.1146,96.1531,12.73,4,mb,,198,0.799,0.58,us,us200080ru,2017-03-03T07:06:06.040Z,"18 km SW of Reuleuet, Indonesia",earthquake,4.6,6.8,0.157,11,reviewed,us,us
2016-12-07T17:16:03.330Z,5.1073,96.121,10,4.1,mb,,197,0.831,0.56,us,us200080rw,2017-03-03T07:06:07.040Z,"21 km SW of Reuleuet, Indonesia",earthquake,9.9,2,0.197,7,reviewed,us,us
2016-12-08T07:21:51.940Z,5.189,96.1805,10,4.4,mb,,149,0.764,1.03,us,us10007pnj,2017-03-03T07:06:08.040Z,"11 km WSW of Reuleuet, Indonesia",earthquake,5.8,1.6,0.179,9,reviewed,us,us
2016-12-08T07:46:22.410Z,23.447,94.8822,35.56,4.6,mb,,67,0.943,0.45,us,us20007z3m,2017-03-03T07:06:08.040Z,"53 km ESE of Mawlaik, Myanmar",earthquake,5.7,10.3,0.106,27,reviewed,us,us
2016-12-08T09:32:56.890Z,24.6052,94.8888,99.72,4.3,mb,,178,0.654,1.07,us,us20007z4c,2017-03-03T07:06:08.040Z,"83 km E of W?ngjing, India",earthquake,11.1,6.8,0.238,5,reviewed,us,us
2016-12-08T10:01:59.840Z,34.1753,69.276,10,4.6,mb,,150,0.412,1.34,us,us20007z4h,2017-03-03T07:06:08.040Z,"30 km NE of Pul-e ‘Alam, Afghanistan",earthquake,5.8,1.9,0.122,22,reviewed,us,us
2016-12-08T14:34:51.910Z,34.2167,69.1294,18.64,4.2,mb,,205,0.331,1.28,us,us20007z6p,2017-03-03T07:06:08.040Z,"26 km NNE of Pul-e ‘Alam, Afghanistan",earthquake,5.9,5.1,0.159,11,reviewed,us,us
2016-12-09T09:49:04.300Z,5.365,96.236,22.56,4.7,mb,,64,0.721,1.13,us,us20007zfx,2017-03-09T02:14:24.040Z,"17 km NNW of Reuleuet, Indonesia",earthquake,7.8,5.1,0.086,41,reviewed,us,us
2016-12-09T14:08:03.960Z,5.0747,96.1088,10,4.3,mb,,153,0.849,0.56,us,us20007zs4,2017-03-09T02:14:24.040Z,"24 km SW of Reuleuet, Indonesia",earthquake,7.3,1.9,0.177,9,reviewed,us,us
2016-12-10T16:42:47.750Z,5.2776,96.1987,39.56,4.4,mb,,117,0.747,0.9,us,us200081l4,2017-03-09T02:14:26.040Z,"11 km NW of Reuleuet, Indonesia",earthquake,3.8,10.7,0.139,15,reviewed,us,us
2016-12-11T02:50:35.690Z,5.3016,96.2091,17.94,4.9,mb,,66,0.738,0.77,us,us20007zvy,2022-05-03T18:05:22.573Z,"12 km NW of Reuleuet, Indonesia",earthquake,5.2,4,0.062,81,reviewed,us,us
2016-12-11T20:32:32.210Z,23.146,94.5533,89.75,4.4,mb,,122,1.012,0.81,us,us2000801f,2017-03-09T02:14:28.040Z,"57 km SSE of Mawlaik, Myanmar",earthquake,6.5,5.1,0.114,22,reviewed,us,us
2016-12-12T11:14:42.240Z,36.2316,70.4468,93.88,4.6,mb,,93,0.898,0.97,us,us2000805v,2017-03-09T02:14:28.040Z,"65 km SE of Farkh?r, Afghanistan",earthquake,7.5,11.3,0.245,5,reviewed,us,us
2016-12-15T03:44:13.010Z,22.7969,94.5033,97.7,4.3,mb,,125,0.848,0.94,us,us200080xi,2017-03-09T02:14:31.040Z,"85 km E of Falam, Myanmar",earthquake,6.2,9.3,0.126,18,reviewed,us,us
2016-12-17T17:25:58.040Z,34.0507,73.8062,36.07,4.5,mb,,85,0.599,1.15,us,us200081z0,2017-03-16T02:31:26.040Z,"21 km N of Rawala Kot, Pakistan",earthquake,6.6,7.6,0.084,42,reviewed,us,us
2016-12-18T19:24:43.690Z,5.4107,94.6109,50.68,5.3,mb,,65,2.333,1.06,us,us200082ej,2022-05-03T18:56:33.441Z,"81 km W of Banda Aceh, Indonesia",earthquake,7.9,4.8,0.049,138,reviewed,us,us
2016-12-19T06:44:41.420Z,4.8603,94.1739,35,4.2,mb,,197,2.786,0.5,us,us10007rcd,2017-03-16T02:31:29.040Z,"off the west coast of northern Sumatra",earthquake,12.9,2,0.199,7,reviewed,us,us
2016-12-23T04:56:16.820Z,12.3232,91.9315,27.78,4.4,mb,,102,8.616,0.76,us,us10007sbb,2017-03-23T22:51:59.040Z,"109 km NW of Bamboo Flat, India",earthquake,9,5.9,0.144,14,reviewed,us,us
2016-12-26T17:25:42.030Z,22.763,94.5877,104.09,4.2,mb,,125,0.92,0.79,us,us10007mx7,2017-03-23T22:52:04.040Z,"91 km NW of Monywa, Myanmar",earthquake,6.5,6.2,0.187,8,reviewed,us,us
2016-12-26T18:24:37.040Z,4.1368,96.0179,77.74,4.9,mb,,69,1.426,1.02,us,us10007mxj,2017-03-23T22:52:04.040Z,"12 km W of Meulaboh, Indonesia",earthquake,7.3,6.8,0.062,81,reviewed,us,us
2016-12-27T07:17:15.420Z,34.4738,73.7599,49.03,4.3,mb,,101,0.916,0.58,us,us10007mzk,2017-03-23T22:52:04.040Z,"28 km ENE of Muzaffar?b?d, Pakistan",earthquake,5.4,8.2,0.147,13,reviewed,us,us
2016-12-27T10:50:19.090Z,12.763,92.9305,35,4.3,mb,,181,9.051,0.24,us,us10007t4j,2017-03-23T22:52:04.040Z,"119 km N of Bamboo Flat, India",earthquake,10.6,1.9,0.178,9,reviewed,us,us
2016-12-27T21:21:53.720Z,13.341,92.327,28.8,4.4,mb,,83,8.146,0.91,us,us10007n39,2017-03-23T22:52:05.040Z,"186 km NNW of Bamboo Flat, India",earthquake,8.7,5.4,0.098,30,reviewed,us,us
2016-12-28T14:25:51.150Z,36.0937,69.819,118.41,4.9,mb,,73,1.196,1.09,us,us10007nbe,2017-03-23T22:52:07.040Z,"53 km S of Farkh?r, Afghanistan",earthquake,6.5,6.5,0.09,39,reviewed,us,us
2016-12-29T05:05:33.520Z,7.2815,94.4877,22.86,4.4,mb,,151,3.183,0.36,us,us10007tnm,2017-03-23T22:52:08.040Z,"179 km NNW of Sabang, Indonesia",earthquake,7.6,8.2,0.144,14,reviewed,us,us
2016-12-29T05:52:03.910Z,16.7482,94.12,14.89,4.4,mb,,71,1.951,0.54,us,us10007nhk,2017-03-23T22:52:08.040Z,"65 km W of Pathein, Myanmar",earthquake,7.8,4,0.108,25,reviewed,us,us
2016-12-31T15:01:22.860Z,5.3647,94.6379,67.06,4.9,mb,,135,2.303,1.08,us,us10007nwc,2017-03-23T22:52:11.040Z,"79 km WSW of Banda Aceh, Indonesia",earthquake,9.1,6.7,0.057,97,reviewed,us,us
2017-01-02T07:16:47.530Z,34.8833,73.8226,24.52,4.2,mb,,98,1.312,0.51,us,us10007uaf,2017-03-27T23:53:18.040Z,"65 km NNE of Muzaffar?b?d, Pakistan",earthquake,6,6.2,0.113,22,reviewed,us,us
2017-01-03T09:09:02.080Z,24.0151,92.0177,32,5.7,mww,,20,1.375,0.86,us,us10007pfk,2022-05-03T18:56:46.324Z,"18 km ENE of ?mb?sa, India",earthquake,6.7,1.8,0.071,19,reviewed,us,us
2017-01-03T18:49:53.560Z,23.3168,94.5035,88.62,5.1,mb,,46,0.927,0.94,us,us10007phv,2025-12-22T17:32:48.054Z,"37 km SSE of Mawlaik, Myanmar",earthquake,4.7,4.9,0.044,170,reviewed,us,us
2017-01-03T19:32:26.800Z,27.9089,93.8486,18.03,4.4,mb,,76,2.935,0.79,us,us10007ud9,2017-03-27T23:53:20.040Z,"34 km N of Ziro, India",earthquake,8,4,0.075,51,reviewed,us,us
2017-01-04T12:41:18.010Z,22.8948,96.0688,13,4.2,mb,,87,0.875,0.56,us,us10007ugg,2017-03-27T23:53:22.040Z,"45 km W of Mogok, Myanmar",earthquake,5.1,2.7,0.175,9,reviewed,us,us
2017-01-04T14:12:52.310Z,30.4946,83.7309,10,4.7,mb,,104,3.099,0.86,us,us10007pp5,2017-03-27T23:53:22.040Z,"194 km NW of Saga, China",earthquake,8.5,1.9,0.07,62,reviewed,us,us
2017-01-04T14:28:07.760Z,22.9682,94.7422,123.35,4.6,mb,,69,1.103,0.68,us,us10007pp8,2017-03-27T23:53:22.040Z,"82 km SSE of Mawlaik, Myanmar",earthquake,6.5,6.8,0.103,28,reviewed,us,us
2017-01-05T20:28:54.050Z,7.2571,94.8709,202.12,4.4,mb,,116,2.884,0.93,us,us10007rhn,2017-03-27T23:53:24.040Z,"159 km NNW of Sabang, Indonesia",earthquake,9.1,8.5,0.089,36,reviewed,us,us
2017-01-08T13:31:26.230Z,31.7739,72.156,10,4.5,mb,,88,2.093,0.91,us,us10007rzn,2020-07-10T15:20:15.428Z,"12 km WSW of Jahanian Shah, Pakistan",earthquake,5.2,1.9,0.096,32,reviewed,us,us
2017-01-09T20:25:53.280Z,35.679,77.8343,82.09,4.1,mb,,112,4.272,0.56,us,us10007s65,2017-04-01T00:26:06.040Z,"126 km NE of Thang, India",earthquake,8,12.3,0.139,14,reviewed,us,us
2017-01-12T00:53:11.110Z,30.782,69.7722,10,4.3,mb,,127,3.798,0.91,us,us10007sqa,2017-04-01T00:26:09.040Z,"69 km SSE of Zhob, Pakistan",earthquake,6.6,1.9,0.097,30,reviewed,us,us
2017-01-12T09:32:08.120Z,26.4049,95.364,68.8,4.5,mb,,84,2.37,1.01,us,us10007ssz,2017-04-01T00:26:10.040Z,"47 km SE of Mon, India",earthquake,7.4,7.3,0.093,34,reviewed,us,us
2017-01-12T19:19:57.690Z,5.7547,94.7976,88.13,4.9,mb,,51,2.202,0.85,us,us10007sxc,2017-04-01T00:26:10.040Z,"59 km WSW of Sabang, Indonesia",earthquake,8,6.7,0.061,83,reviewed,us,us
2017-01-17T11:48:46.330Z,5.418,94.5582,35,5.1,mwb,,26,2.386,1.16,us,us10007tps,2025-12-22T17:32:49.966Z,"86 km W of Banda Aceh, Indonesia",earthquake,5.2,1.9,0.078,16,reviewed,us,us
2017-01-18T03:03:21.970Z,24.559,94.5655,63,4.5,mb,,58,0.407,0.92,us,us10007tuu,2017-04-12T02:29:00.040Z,"50 km E of W?ngjing, India",earthquake,7.7,6,0.113,23,reviewed,us,us
2017-01-18T15:42:40.480Z,12.2,94.9698,27.49,4.9,mb,,99,2.244,0.71,us,us10007tz3,2017-04-12T02:29:00.040Z,"249 km ENE of Port Blair, India",earthquake,7.9,5.6,0.08,49,reviewed,us,us
2017-01-19T09:59:42.490Z,28.9824,88.2848,10,4.1,mb,,161,2.583,1.02,us,us20008hc9,2017-04-12T02:29:01.040Z,"65 km WSW of Rikaze, China",earthquake,6.8,1.9,0.13,16,reviewed,us,us
2017-01-19T19:18:36.830Z,28.1784,92.6836,40.21,4.1,mb,,104,2.041,0.8,us,us10007u64,2017-04-12T02:29:01.040Z,"100 km NE of Tawang, India",earthquake,5.8,9.7,0.127,17,reviewed,us,us
2017-01-21T21:49:18.510Z,19.8125,94.7635,71.98,4.3,mb,,48,2.529,0.78,us,us10007unu,2017-04-12T02:29:04.040Z,"41 km SSW of Magway, Myanmar",earthquake,6.7,3.6,0.088,37,reviewed,us,us
2017-01-23T11:15:52.850Z,29.0978,68.9654,23.64,4.5,mb,,130,5.427,0.78,us,us10007uyv,2017-04-19T18:30:56.040Z,"20 km WNW of Dera Bugti, Pakistan",earthquake,11.6,6.6,0.121,20,reviewed,us,us
2017-01-24T12:25:38.780Z,25.6419,91.8799,35,4.3,mb,,115,0.077,1.08,us,us20008ih1,2017-04-19T18:30:58.040Z,"8 km N of Shillong, India",earthquake,14.2,2,0.177,9,reviewed,us,us
2017-01-25T18:34:53.150Z,36.1491,69.2529,117.37,4.2,mb,,149,1.443,1.13,us,us10007vdg,2017-04-19T18:31:00.040Z,"14 km NE of Nahr?n, Afghanistan",earthquake,9,11.6,0.199,7,reviewed,us,us
2017-01-30T22:25:32.570Z,5.0988,94.2142,38.86,4.5,mb,,158,2.725,0.81,us,us10007wb8,2017-04-27T01:38:39.040Z,"133 km WSW of Banda Aceh, Indonesia",earthquake,4.1,8.2,0.079,47,reviewed,us,us
2017-01-31T06:16:04.290Z,31.5911,94.1235,32.7,4.5,mb,,49,3.195,1.42,us,us10007wdq,2017-04-27T01:38:39.040Z,"196 km E of Nagqu, China",earthquake,8.7,5.3,0.093,34,reviewed,us,us
2017-02-01T10:07:44.180Z,30.6877,83.3674,10,5.1,mb,,30,3.419,0.72,us,us10007wlj,2022-05-03T18:10:16.586Z,"193 km NE of Jumla, Nepal",earthquake,7.6,1.7,0.045,163,reviewed,us,us
2017-02-04T13:44:32.570Z,35.6969,81.777,10,4.6,mb,,120,6.775,1.08,us,us20008hnj,2017-04-27T01:38:44.040Z,"227 km SE of Hotan, China",earthquake,10.4,1.9,0.114,23,reviewed,us,us
2017-02-06T05:24:39.370Z,32.0126,83.978,10,4.6,mb,,63,4.44,1.37,us,us20008hvj,2017-05-09T01:24:28.040Z,"western Xizang",earthquake,7.8,1.9,0.076,51,reviewed,us,us
2017-02-06T17:03:06.530Z,30.6544,79.1645,16.05,5.1,mwb,,39,5.823,0.67,us,us20008hyg,2023-01-12T12:46:11.081Z,"36 km NW of P?palkoti, India",earthquake,7.9,3.2,0.059,28,reviewed,us,us
2017-02-08T20:46:16.710Z,22.5372,94.7713,121,4.5,mb,,63,1.088,0.99,us,us20008ik6,2017-05-09T01:24:31.040Z,"60 km NW of Monywa, Myanmar",earthquake,6.5,6.6,0.085,40,reviewed,us,us
2017-02-10T04:49:01.850Z,36.0949,70.4511,115.93,4.6,mb,,69,1.033,0.99,us,us20008iua,2017-05-09T01:24:32.040Z,"75 km SE of Farkh?r, Afghanistan",earthquake,5.9,5.6,0.062,79,reviewed,us,us
2017-02-12T04:05:33.570Z,25.548,91.1035,36.94,4.4,mb,,66,0.68,0.66,us,us20008j9t,2017-05-13T01:03:17.040Z,"16 km WNW of Nongstoin, India",earthquake,4.6,8,0.102,28,reviewed,us,us
2017-02-14T23:58:55.410Z,34.3277,70.467,58.21,3.7,mb,,164,1.195,0.76,us,us20008jup,2017-05-13T01:03:20.040Z,"11 km S of Jal?l?b?d, Afghanistan",earthquake,7.9,8.4,0.159,10,reviewed,us,us
2017-02-15T19:32:39.590Z,4.182,92.9917,10,4.1,mb,,154,4.077,0.45,us,us20008m3x,2017-05-13T01:03:21.040Z,"off the west coast of northern Sumatra",earthquake,8.3,1.8,0.124,18,reviewed,us,us
2017-02-15T19:47:07.380Z,5.2964,96.066,13,5.4,mww,,35,0.88,1.29,us,us20008k1z,2022-05-03T18:57:35.401Z,"15 km SE of Sigli, Indonesia",earthquake,5.3,1.7,0.061,26,reviewed,us,us
2017-02-15T19:53:27.780Z,5.2456,96.1497,10,5,mb,,41,0.794,1.51,us,us20008k22,2022-05-03T18:11:23.646Z,"15 km WNW of Reuleuet, Indonesia",earthquake,6.4,1.7,0.063,82,reviewed,us,us
2017-02-16T15:54:32.440Z,36.0715,70.3842,109.03,4.3,mb,,112,1.063,0.85,us,us20008k9l,2017-05-13T01:03:22.040Z,"73 km SE of Farkh?r, Afghanistan",earthquake,6.6,6.9,0.077,51,reviewed,us,us
2017-02-24T12:02:50.650Z,24.0437,93.4825,59.8,5,mb,,43,0.769,0.81,us,us20008m0e,2022-05-03T18:11:40.054Z,"37 km SSW of Chur?ch?ndpur, India",earthquake,5.1,5,0.048,137,reviewed,us,us
2017-02-24T12:50:59.750Z,36.2435,69.9842,134.58,4.3,mb,,75,1,0.68,us,us20008m0y,2017-05-17T01:19:38.040Z,"38 km SSE of Farkh?r, Afghanistan",earthquake,5.8,5.7,0.076,49,reviewed,us,us
2017-02-26T18:48:45.660Z,30.2107,83.5019,10,4.7,mb,,95,6.635,1.22,us,us20008mji,2017-05-24T02:48:09.040Z,"164 km NE of Jumla, Nepal",earthquake,6.3,1.9,0.082,46,reviewed,us,us
2017-02-27T03:37:45.990Z,27.4259,86.0789,11.23,4.7,mb,,57,0.725,0.62,us,us20008mll,2017-05-24T02:48:09.040Z,"57 km ESE of Dhulikhel, Nepal",earthquake,6,3.8,0.059,86,reviewed,us,us
2017-02-27T04:21:41.730Z,27.3706,85.9319,20.28,4.6,mb,,156,0.626,0.69,us,us20008mlv,2017-05-24T02:48:09.040Z,"47 km ESE of Panauti, Nepal",earthquake,7.5,3.7,0.066,69,reviewed,us,us
2017-02-28T10:42:06.570Z,10.1937,92.501,32.34,4.2,mb,,192,1.472,0.62,us,us100087qh,2017-05-24T02:48:10.040Z,"165 km S of Port Blair, India",earthquake,14.6,8.1,0.152,12,reviewed,us,us
2017-03-01T03:16:52.370Z,12.2124,93.2046,67.58,4.5,mb,,68,0.713,0.97,us,us100085w3,2017-05-24T02:48:11.040Z,"77 km NE of Bamboo Flat, India",earthquake,8,2.1,0.09,36,reviewed,us,us
2017-03-01T04:41:25.360Z,4.8528,94.5908,46.89,4.5,mb,,98,2.376,0.51,us,us10008840,2017-05-24T02:48:11.040Z,"112 km SW of Banda Aceh, Indonesia",earthquake,12.1,8.3,0.113,23,reviewed,us,us
2017-03-01T16:21:04.660Z,11.6696,92.2347,29.78,4.1,mb,,119,0.499,0.48,us,us10008848,2017-05-24T02:48:12.040Z,"52 km W of Bamboo Flat, India",earthquake,10.7,8.3,0.151,12,reviewed,us,us
2017-03-03T23:30:03.100Z,24.8454,94.5486,65.83,4.1,mb,,66,0.653,0.57,us,us100086vs,2017-05-24T02:48:15.040Z,"53 km ENE of Yairipok, India",earthquake,7.4,7.6,0.127,17,reviewed,us,us
2017-03-04T02:11:53.820Z,25.1865,94.6658,74.07,5.1,mb,,27,1.009,0.95,us,us100086x4,2025-12-22T17:32:58.366Z,"55 km SSE of Phek, India",earthquake,6.5,5.1,0.042,181,reviewed,us,us
2017-03-05T15:24:43.750Z,5.4204,94.7508,60.56,4.4,mb,,120,2.195,0.64,us,us10008785,2017-05-31T01:58:54.040Z,"65 km WSW of Banda Aceh, Indonesia",earthquake,8.3,8.8,0.112,23,reviewed,us,us
2017-03-06T11:00:35.600Z,36.2474,69.1498,143.25,4,mb,,145,1.443,0.75,us,us1000879h,2017-05-31T01:58:55.040Z,"20 km N of Nahr?n, Afghanistan",earthquake,6.8,11.5,0.365,2,reviewed,us,us
2017-03-06T21:30:06.950Z,25.1149,95.1428,89.95,4.3,mb,,109,1.168,0.67,us,us100087d0,2017-05-31T01:58:56.040Z,"88 km SE of Phek, India",earthquake,7.5,10.2,0.113,22,reviewed,us,us
2017-03-07T10:28:56.500Z,26.9162,89.1143,10,4,mb,,138,2.805,1.03,us,us100087jx,2017-05-31T01:58:56.040Z,"2 km NE of Samtse, Bhutan",earthquake,6.2,1.9,0.133,15,reviewed,us,us
2017-03-09T02:55:11.360Z,24.7062,94.5703,69.71,4.7,mb,,101,0.534,0.72,us,us100087vi,2017-05-31T01:58:59.040Z,"52 km ENE of W?ngjing, India",earthquake,7.5,3.6,0.142,15,reviewed,us,us
2017-03-10T12:39:35.300Z,8.3783,91.8219,32.13,4.3,mb,,97,5.974,1.32,us,us20008srl,2017-05-31T01:59:00.040Z,"Nicobar Islands, India region",earthquake,8.6,5.9,0.111,23,reviewed,us,us
2017-03-13T02:07:19.280Z,36.2226,70.6902,114.84,4.5,mb,,79,0.905,0.85,us,us100088kv,2017-06-07T00:33:37.040Z,"72 km S of Jurm, Afghanistan",earthquake,5.3,5.3,0.064,71,reviewed,us,us
2017-03-13T14:19:06.670Z,17.3991,95.9998,10,5.1,mb,,42,0.551,0.52,us,us100088mq,2022-05-03T18:57:43.528Z,"36 km SE of Tharyarwady, Myanmar",earthquake,6.9,1.8,0.061,89,reviewed,us,us
2017-03-14T02:51:16.770Z,6.1457,92.3044,10,6,mww,,29,4.709,0.69,us,us100088sf,2022-05-03T18:57:44.793Z,"Nicobar Islands, India region",earthquake,7.5,1.8,,,reviewed,us,us
2017-03-17T14:01:43.070Z,11.1741,92.8778,46.01,4.8,mb,,61,0.496,1.31,us,us20008spa,2017-06-07T00:33:42.040Z,"56 km SSE of Port Blair, India",earthquake,8.9,6.6,0.109,26,reviewed,us,us
2017-03-18T06:45:05.960Z,26.1464,67.8313,33.61,4.4,mb,,77,8.431,1.21,us,us20008syn,2017-06-07T00:33:44.040Z,"31 km S of Sehwan, Pakistan",earthquake,6.2,5.9,0.101,28,reviewed,us,us
2017-03-18T15:58:21.640Z,12.91,95.8132,23.33,4.4,mb,,78,3.248,1.16,us,us20008t0j,2017-06-07T00:33:44.040Z,"288 km WSW of Dawei, Myanmar",earthquake,4.6,6.8,0.108,25,reviewed,us,us
2017-03-19T08:57:06.970Z,9.9624,93.5567,35.85,4.6,mb,,116,1.862,0.69,us,us20008t5c,2017-06-12T19:46:49.040Z,"208 km SSE of Port Blair, India",earthquake,7.5,8,0.079,48,reviewed,us,us
2017-03-21T05:56:37.260Z,33.5487,72.6676,40.98,4.3,mb,,192,0.511,1.14,us,us20008tgy,2017-06-12T19:46:52.040Z,"32 km SE of Sanjwal, Pakistan",earthquake,6.5,9.6,0.114,22,reviewed,us,us
2017-03-21T15:40:45.410Z,25.3798,92.5623,34.67,4.4,mb,,98,0.665,1.36,us,us20008vc0,2017-06-12T19:46:52.040Z,"51 km WNW of H?flong, India",earthquake,3.5,5.8,0.19,8,reviewed,us,us
2017-03-25T02:05:56.400Z,25.0469,95.0201,104,4.5,mb,,110,1.044,0.91,us,us20008uhk,2017-06-12T19:46:56.040Z,"86 km SE of Phek, India",earthquake,5.9,5.4,0.088,38,reviewed,us,us
2017-03-26T21:42:11.940Z,27.1419,88.5534,24.39,4.5,mb,,116,2.934,0.81,us,us20008uvs,2017-06-16T23:07:58.040Z,"4 km SSE of Rangpo, India",earthquake,6.6,5.5,0.069,62,reviewed,us,us
2017-03-26T22:54:51.700Z,30.5998,83.6889,34.76,4.2,mb,,120,6.503,0.97,us,us20008uw0,2017-06-16T23:07:58.040Z,"204 km NW of Saga, China",earthquake,9.4,6.2,0.112,22,reviewed,us,us
2017-03-28T10:59:21.720Z,33.6425,90.9632,30.25,4.2,mb,,77,3.929,0.74,us,us10008eax,2017-06-16T23:08:00.040Z,"261 km NNW of Nagqu, China",earthquake,10.5,6.2,0.176,9,reviewed,us,us
2017-03-30T10:34:52.380Z,17.236,95.8795,5.99,4.2,mb,,162,0.452,0.55,us,us10008ddy,2017-06-16T23:08:03.040Z,"33 km NE of Nyaungdon, Myanmar",earthquake,8.9,3.7,0.235,5,reviewed,us,us
2017-04-04T21:41:07.440Z,36.1398,71.3606,108.14,4.9,mb,,59,1.168,0.7,us,us10008eet,2017-06-23T07:26:30.040Z,"62 km SSW of Ashk?sham, Afghanistan",earthquake,6.1,5.8,0.055,103,reviewed,us,us
2017-04-05T16:44:36.740Z,14.4592,93.0491,31.8,5.3,mb,,49,3.829,0.85,us,us10008ep4,2022-05-03T18:15:18.906Z,"Andaman Islands, India region",earthquake,7.3,4.1,0.052,126,reviewed,us,us
2017-04-07T18:06:10.620Z,36.1403,69.8415,117.93,4,mb,,82,1.147,0.98,us,us10008fna,2017-06-23T07:26:34.040Z,"48 km S of Farkh?r, Afghanistan",earthquake,5.3,10.7,0.26,4,reviewed,us,us
2017-04-09T18:20:34.730Z,34.0386,68.9745,10,3.4,mb,,229,0.504,1.2,us,us10008g34,2017-07-05T18:09:54.040Z,"6 km NW of Pul-e ‘Alam, Afghanistan",earthquake,3.9,1.9,0.2,6,reviewed,us,us
2017-04-18T05:11:55.400Z,33.9575,76.422,51.3,4.6,mb,,107,2.643,0.95,us,us10008ii5,2017-07-11T01:48:36.040Z,"Kashmir-India border region",earthquake,4.2,7.5,0.083,43,reviewed,us,us
2017-04-18T14:01:34.540Z,25.0632,91.6394,34.06,4.5,mb,,129,0.538,1.29,us,us10008n34,2017-07-11T01:48:36.040Z,"4 km NW of Chh?tak, Bangladesh",earthquake,5.5,6.9,0.163,11,reviewed,us,us
2017-04-20T18:27:47.620Z,36.29,70.2391,110.21,4.1,mb,,167,0.876,0.49,us,us10008jch,2017-07-11T01:48:39.040Z,"46 km SE of Farkh?r, Afghanistan",earthquake,7.9,5,0.522,1,reviewed,us,us
2017-04-22T18:45:12.860Z,9.2736,87.0302,17.14,4.1,mb,,137,6.097,0.77,us,us10008n6r,2017-07-11T01:48:41.040Z,"Bay of Bengal",earthquake,4.9,5.5,0.144,13,reviewed,us,us
2017-04-24T15:04:30.130Z,29.6836,81.3034,18.73,4.3,mb,,187,7.906,0.81,us,us10008kia,2017-07-21T02:32:04.040Z,"58 km NE of Dipayal, Nepal",earthquake,12,6.4,0.111,23,reviewed,us,us
2017-04-25T16:14:55.930Z,25.6263,90.8833,31.19,4.3,mb,,154,0.88,0.71,us,us10008na7,2017-07-21T02:32:06.040Z,"40 km WNW of Nongstoin, India",earthquake,8.2,5.8,0.111,23,reviewed,us,us
2017-04-27T02:10:11.800Z,29.2836,86.0168,8,4.4,mb,,69,1.682,0.81,us,us10008l7a,2017-07-21T02:32:08.040Z,"76 km E of Saga, China",earthquake,7.6,4.9,0.098,30,reviewed,us,us
2017-04-28T19:14:13.800Z,36.2911,70.1397,121.36,4.1,mb,,89,0.903,0.95,us,us10008p8v,2017-07-21T02:32:10.040Z,"40 km SE of Farkh?r, Afghanistan",earthquake,6.1,4.1,0.233,5,reviewed,us,us
2017-04-29T06:17:01.790Z,34.3746,69.8494,10,4,mb,,181,0.686,1.53,us,us10008lye,2017-07-21T02:32:11.040Z,"29 km NE of ?uk?mat? Azrah, Afghanistan",earthquake,6.4,2,0.195,7,reviewed,us,us
2017-05-01T06:50:59.270Z,13.6394,92.851,27.84,4.4,mb,,73,1.974,0.74,us,us10008ptb,2017-07-29T03:16:09.040Z,"215 km N of Bamboo Flat, India",earthquake,8.6,5.8,0.11,24,reviewed,us,us
2017-05-01T18:59:31.990Z,11.7813,94.8399,28.01,4.7,mb,,71,2.056,0.86,us,us10008mp9,2017-07-29T03:16:13.040Z,"228 km E of Port Blair, India",earthquake,7.5,4.9,0.072,58,reviewed,us,us
2017-05-05T17:58:35.880Z,13.7401,92.548,19.13,5,mb,,68,2.08,0.63,us,us10008puy,2017-07-29T03:16:23.040Z,"226 km N of Bamboo Flat, India",earthquake,6.9,3.8,0.05,129,reviewed,us,us
2017-05-06T14:48:51.480Z,23.9172,93.9828,68.35,4.3,mb,,103,0.425,0.85,us,us10008q3v,2017-07-29T03:16:25.040Z,"52 km NW of Mawlaik, Myanmar",earthquake,5.2,5.8,0.094,32,reviewed,us,us
2017-05-07T13:35:10.430Z,33.8033,89.2006,10,4.4,mb,,161,4.404,0.72,us,us10008rvs,2017-08-01T23:02:09.040Z,"western Xizang",earthquake,9.3,1.9,0.155,14,reviewed,us,us
2017-05-14T05:28:14.560Z,35.1792,81.4457,10,4.3,mb,,75,6.927,0.89,us,us10008sb7,2017-08-05T03:32:06.040Z,"253 km SSE of Hotan, China",earthquake,7.6,1.9,0.096,31,reviewed,us,us
2017-05-16T14:04:40.080Z,11.4865,95.052,20.79,4.6,mb,,111,2.268,0.53,us,us10008sqi,2017-08-05T03:32:09.040Z,"252 km E of Port Blair, India",earthquake,8,3.6,0.129,18,reviewed,us,us
2017-05-16T22:13:19.060Z,27.3266,88.1714,10,4.2,mb,,164,3.739,0.62,us,us10008udz,2017-08-05T03:32:09.040Z,"9 km WNW of Gyalshing, India",earthquake,5.5,1.9,0.107,24,reviewed,us,us
2017-05-17T15:05:27.100Z,34.1767,69.2214,17.15,4.3,mb,,212,0.392,0.89,us,us10008t44,2017-08-05T03:32:10.040Z,"27 km NE of Pul-e ‘Alam, Afghanistan",earthquake,7.1,5.4,0.153,12,reviewed,us,us
2017-05-17T16:19:30.230Z,34.2997,69.4223,13.2,4.5,mb,,76,0.395,0.91,us,us10008t1f,2017-08-05T03:32:10.040Z,"24 km NW of ?uk?mat? Azrah, Afghanistan",earthquake,6.2,1.5,0.076,51,reviewed,us,us
2017-05-17T17:45:54.770Z,12.7126,93.5971,100.98,4.6,mb,,68,1.341,0.67,us,us10008t21,2017-08-05T03:32:10.040Z,"147 km NE of Bamboo Flat, India",earthquake,8.7,6.2,0.067,66,reviewed,us,us
2017-05-19T00:02:33.540Z,33.0204,76.1431,42.99,4.5,mb,,107,6.103,0.79,us,us10008tgd,2017-08-05T03:32:11.040Z,"40 km E of Bhadarw?h, India",earthquake,10,8.4,0.083,42,reviewed,us,us
2017-05-20T05:48:44.460Z,32.8696,76.2986,35.36,4.2,mb,,148,2.655,1.01,us,us10008tqh,2017-08-05T03:32:13.040Z,"38 km NNE of Chamba, India",earthquake,10.6,9,0.146,13,reviewed,us,us
2017-05-21T05:33:35.550Z,36.2491,70.8269,106.39,4,mb,,103,0.897,0.98,us,us10008tzf,2017-08-10T01:33:56.040Z,"68 km S of Jurm, Afghanistan",earthquake,7,10.1,0.164,10,reviewed,us,us
2017-05-21T17:38:11.660Z,11.5138,95.0885,20.77,4.6,mb,,117,2.301,1.1,us,us10008u1l,2017-08-10T01:33:57.040Z,"256 km E of Port Blair, India",earthquake,7.8,6,0.12,21,reviewed,us,us
2017-05-23T14:37:27.580Z,35.6949,70.1304,87.02,4.3,mb,,94,1.456,0.58,us,us10008ueg,2017-08-10T01:33:59.040Z,"Hindu Kush region, Afghanistan",earthquake,8.1,8.2,0.177,9,reviewed,us,us
2017-05-24T03:16:29.050Z,27.5189,90.1818,28.39,4.4,mb,,126,2.329,0.72,us,us10008wn2,2017-08-10T01:34:00.040Z,"28 km E of Wangdue Phodrang, Bhutan",earthquake,8.2,6.7,0.102,28,reviewed,us,us
2017-05-24T12:40:17.490Z,34.1411,69.027,9.95,3.7,mb,,231,0.399,1.34,us,us10008utd,2017-08-10T01:34:00.040Z,"16 km N of Pul-e ‘Alam, Afghanistan",earthquake,6.8,9.6,0.205,6,reviewed,us,us
2017-05-24T16:08:10.570Z,33.5188,88.9596,10,4.2,mb,,163,4.229,0.72,us,us10008wni,2017-08-10T01:34:00.040Z,"western Xizang",earthquake,9,1.9,0.176,9,reviewed,us,us
2017-05-26T16:11:59.880Z,34.1898,68.8899,10.4,3.5,mb,,257,0.372,1.27,us,us10008vid,2017-08-10T01:34:03.040Z,"22 km S of Maydanshakhr, Afghanistan",earthquake,6.5,7.8,0.247,4,reviewed,us,us
2017-05-29T13:53:29.160Z,33.2999,75.9276,35.9,4.5,mb,,165,5.472,0.7,us,us10008w1v,2017-08-15T02:26:45.040Z,"15 km E of Kishtw?r, India",earthquake,10,8.5,0.064,71,reviewed,us,us
2017-05-29T15:36:53.250Z,23.2203,94.9352,107.23,4.1,mb,,102,1.161,0.53,us,us20009j94,2017-08-15T02:26:46.040Z,"71 km SE of Mawlaik, Myanmar",earthquake,5,9.1,0.131,16,reviewed,us,us
2017-05-30T22:24:43.880Z,10.3004,93.2343,82.18,4.4,mb,,84,1.43,0.88,us,us10008wqa,2017-08-15T02:26:48.040Z,"160 km SSE of Port Blair, India",earthquake,9.6,7.3,0.088,37,reviewed,us,us
2017-06-01T22:55:54.880Z,28.9744,76.7797,10,4.7,mb,,69,5.545,0.76,us,us20009j48,2020-07-10T16:43:09.412Z,"16 km NW of Kharkhauda, India",earthquake,8.3,1.8,0.045,150,reviewed,us,us
2017-06-03T02:42:58.150Z,24.7698,95.1741,108.98,4.1,mb,,69,0.96,0.78,us,us20009kft,2017-08-15T02:26:52.040Z,"114 km E of W?ngjing, India",earthquake,8.1,10.9,0.14,14,reviewed,us,us
2017-06-03T18:14:50.550Z,16.6688,73.576,15.46,4.3,mb,,106,8.351,1.29,us,us20009lhc,2017-08-15T02:26:52.040Z,"6 km ENE of R?j?pur, India",earthquake,8.2,5.8,0.087,37,reviewed,us,us
2017-06-08T00:56:54.020Z,33.615,91.0601,10,4.6,mb,,51,3.9,0.6,us,us20009l7r,2017-08-16T02:42:20.040Z,"254 km NNW of Nagqu, China",earthquake,8.3,1.8,0.066,68,reviewed,us,us
2017-06-08T04:31:55.080Z,33.772,91.116,62.21,4,mb,,95,4.056,0.76,us,us20009l96,2017-08-16T02:42:20.040Z,"269 km NNW of Nagqu, China",earthquake,5.3,10.2,0.116,20,reviewed,us,us
2017-06-09T11:48:06.920Z,25.2784,95.1091,92.06,4.6,mb,,68,1.277,0.99,us,us20009mr4,2017-08-16T02:42:21.040Z,"74 km SE of Phek, India",earthquake,4.8,8.8,0.146,14,reviewed,us,us
2017-06-12T00:09:05.310Z,6.4255,92.6617,31.58,4.5,mb,,135,4.426,0.52,us,us20009n1e,2017-08-18T23:13:23.040Z,"299 km WNW of Sabang, Indonesia",earthquake,11.5,6.2,0.128,18,reviewed,us,us
2017-06-12T15:27:23.240Z,36.1718,71.2837,102.24,4.3,mb,,87,1.109,0.6,us,us20009lyl,2017-08-18T23:13:24.040Z,"61 km SSW of Ashk?sham, Afghanistan",earthquake,7.4,6.6,0.079,45,reviewed,us,us
2017-06-13T19:38:18.360Z,33.616,91.076,35,4.8,mb,,44,3.901,0.61,us,us20009m7k,2017-08-18T23:13:26.040Z,"254 km NNW of Nagqu, China",earthquake,7.9,1.9,0.04,196,reviewed,us,us
2017-06-14T09:06:06.430Z,34.8708,72.9161,25.09,4.7,mb,,64,1.251,1.02,us,us20009me4,2017-08-18T23:13:27.040Z,"22 km NNW of Shingli Bala, Pakistan",earthquake,4.4,6,0.083,44,reviewed,us,us
2017-06-16T21:43:11.230Z,29.9367,95.1768,24.75,4.2,mb,,150,3.526,0.58,us,us20009n6t,2017-08-18T23:13:31.040Z,"174 km NNE of Shi Yomi, India",earthquake,6.5,9,0.115,21,reviewed,us,us
2017-06-18T22:35:46.460Z,24.6306,93.9674,21.47,4.6,mb,,89,0.501,0.63,us,us20009nhw,2017-08-23T16:35:44.040Z,"3 km WSW of Thoub?l, India",earthquake,6,5.9,0.071,59,reviewed,us,us
2017-06-20T08:50:40.090Z,23.0408,94.4765,94.73,4.6,mb,,147,1.194,0.57,us,us20009pbi,2017-08-23T16:35:49.040Z,"67 km S of Mawlaik, Myanmar",earthquake,7.4,11.1,0.173,10,reviewed,us,us
2017-06-22T09:13:15.500Z,34.7453,69.4815,24.87,4.5,mb,,127,0.415,1.38,us,us20009p03,2017-08-23T16:35:47.040Z,"19 km SW of Tag?b, Afghanistan",earthquake,6.4,6.2,0.09,36,reviewed,us,us
2017-06-24T14:26:44.820Z,10.0742,93.5741,35,4.4,mb,,165,1.77,1.34,us,us100095hy,2017-08-23T16:35:43.040Z,"197 km SSE of Port Blair, India",earthquake,15,2,0.13,17,reviewed,us,us
2017-06-25T15:44:16.860Z,6.2687,94.2975,83.56,4.5,mb,,59,2.831,0.72,us,us20009pmk,2017-09-27T02:03:12.040Z,"120 km WNW of Sabang, Indonesia",earthquake,8.8,7.4,0.087,39,reviewed,us,us
2017-06-27T09:37:36.890Z,23.974,94.7144,93.17,4.4,mb,,144,0.456,0.73,us,us100096qp,2017-09-27T02:03:15.040Z,"48 km NE of Mawlaik, Myanmar",earthquake,8.5,6.1,0.179,9,reviewed,us,us
2017-07-01T07:01:14.640Z,23.8429,94.7107,89.67,4.6,mb,,80,0.537,1.22,us,us100095q4,2017-09-27T02:03:21.040Z,"38 km NE of Mawlaik, Myanmar",earthquake,6.5,6.2,0.085,41,reviewed,us,us
2017-07-02T01:58:27.200Z,27.2384,86.1159,10,4.8,mb,,98,5.048,0.82,us,us100095t8,2017-10-03T00:47:44.040Z,"59 km NNE of Janakpur, Nepal",earthquake,8,1.9,0.054,107,reviewed,us,us
2017-07-02T05:27:45.280Z,24.3592,94.7001,83.62,4.9,mb,,45,0.386,0.67,us,us100095u3,2017-10-03T00:47:44.040Z,"69 km ESE of W?ngjing, India",earthquake,3.9,5.1,0.07,64,reviewed,us,us
2017-07-02T13:01:49.990Z,31.9019,95.0788,13.94,4.3,mb,,109,4.044,0.62,us,us100097wu,2017-10-03T00:47:45.040Z,"217 km WNW of Qamdo, China",earthquake,12.7,5.4,0.122,19,reviewed,us,us
2017-07-05T04:31:37.820Z,35.5214,69.7996,99.44,4.3,mb,,90,1.158,0.86,us,us100096tu,2017-10-03T00:47:49.040Z,"34 km NE of B?z?rak, Afghanistan",earthquake,5.7,6.6,0.075,51,reviewed,us,us
2017-07-08T10:12:31.400Z,34.6598,73.4405,22.29,4.7,mb,,62,1.016,0.75,us,us1000984s,2017-10-03T00:47:54.040Z,"31 km NE of Baffa, Pakistan",earthquake,7.2,5.1,0.047,139,reviewed,us,us
2017-07-09T07:59:49.770Z,29.0249,95.7052,19.48,4.5,mb,,74,4.052,0.56,us,us100098ci,2017-10-06T23:56:10.040Z,"112 km NNE of P?sigh?t, India",earthquake,8.2,5.1,0.089,37,reviewed,us,us
2017-07-10T10:44:46.240Z,10.4269,93.8907,42.73,4.5,mb,,170,1.66,0.57,us,us20009xxd,2017-10-06T23:56:12.040Z,"185 km SE of Port Blair, India",earthquake,11.9,10,0.163,11,reviewed,us,us
2017-07-12T22:33:37.170Z,9.8244,93.9746,10,4.3,mb,,186,2.185,0.56,us,us20009xhw,2017-10-06T23:56:16.040Z,"244 km SSE of Port Blair, India",earthquake,15.6,2,0.169,10,reviewed,us,us
2017-07-13T05:03:31.770Z,23.5329,94.5573,89.22,4.8,mb,,70,0.732,0.58,us,us20009vw9,2017-10-06T23:56:16.040Z,"19 km SE of Mawlaik, Myanmar",earthquake,6.1,6.4,0.088,40,reviewed,us,us
2017-07-13T22:18:37.040Z,14.384,93.7029,37.99,4.2,mb,,147,2.868,0.44,us,us20009w5v,2017-10-06T23:56:17.040Z,"277 km SW of Mawlamyinegyunn, Myanmar",earthquake,6,11.6,0.216,6,reviewed,us,us
2017-07-14T19:41:06.020Z,36.1653,70.3672,105.59,4.1,mb,,96,0.973,0.76,us,us20009y38,2017-10-06T23:56:18.040Z,"64 km SE of Farkh?r, Afghanistan",earthquake,6.4,9.2,0.184,8,reviewed,us,us
2017-07-15T16:35:28.630Z,28.8507,81.6418,27.7,4.3,mb,,165,8.327,1.24,us,us20009wlh,2022-08-07T12:11:16.805Z,"6 km W of Dailekh, Nepal",earthquake,8.9,6.1,0.116,21,reviewed,us,us
2017-07-15T16:56:18.150Z,30.6609,82.7985,51.53,4.6,mb,,66,7.272,0.61,us,us20009wlk,2017-10-06T23:56:19.040Z,"161 km ENE of Burang, China",earthquake,8.7,6.7,0.051,112,reviewed,us,us
2017-07-15T21:13:58.670Z,22.832,95.9721,9.04,4.2,mb,,135,0.822,0.59,us,us20009yf2,2017-10-06T23:56:20.040Z,"40 km NE of Shwebo, Myanmar",earthquake,5.8,6.9,0.216,6,reviewed,us,us
2017-07-17T13:23:00.400Z,20.9992,93.5667,46.16,4.6,mb,,91,1.635,0.66,us,us20009z0x,2017-10-11T01:03:51.040Z,"117 km NE of Sittwe, Myanmar",earthquake,8.6,6.3,0.107,26,reviewed,us,us
2017-07-17T20:20:25.590Z,24.8683,95.1618,122.77,4.3,mb,,152,1.009,1.12,us,us20009z1c,2017-10-11T01:03:51.040Z,"110 km SE of Phek, India",earthquake,5.9,10.2,0.161,11,reviewed,us,us
2017-07-19T09:11:11.950Z,34.3028,70.1673,37.66,4.2,mb,,170,0.959,0.92,us,us20009xua,2017-10-11T01:03:56.040Z,"Hindu Kush region, Afghanistan",earthquake,6.5,5.6,0.132,16,reviewed,us,us
2017-07-19T13:59:38.800Z,36.3061,70.92,112.57,5,mb,,60,0.863,0.91,us,us20009y1x,2025-12-22T17:24:52.654Z,"62 km S of Jurm, Afghanistan",earthquake,5.5,5.1,0.067,72,reviewed,us,us
2017-07-20T09:26:15.130Z,31.6987,95.4825,10,4.1,mb,,107,4.245,0.5,us,us2000a0vh,2017-10-11T01:03:58.040Z,"173 km WNW of Qamdo, China",earthquake,12.2,2,0.174,9,reviewed,us,us
2017-07-21T00:23:42.350Z,24.1789,92.2002,38.77,4.4,mb,,164,1.416,1.01,us,us2000a1bp,2022-08-07T13:26:17.269Z,"21 km S of Dharmanagar, India",earthquake,6.1,11.3,0.203,7,reviewed,us,us
2017-07-21T07:24:08.330Z,4.7468,94.5252,40.48,5,mb,,70,2.46,0.64,us,us20009yuy,2022-08-07T12:24:26.383Z,"125 km SW of Banda Aceh, Indonesia",earthquake,8.6,7.3,0.064,79,reviewed,us,us
2017-07-21T08:13:37.470Z,36.2649,70.8581,109.71,4.3,mb,,79,0.888,0.79,us,us20009yve,2017-10-11T01:04:00.040Z,"66 km S of Jurm, Afghanistan",earthquake,5.9,7.8,0.154,12,reviewed,us,us
2017-07-22T20:06:47.850Z,25.1098,94.8989,68.66,4,mb,,157,1.031,0.97,us,us2000a1ps,2017-10-11T01:04:03.040Z,"73 km SSE of Phek, India",earthquake,9.7,8,0.173,9,reviewed,us,us
2017-07-23T11:38:43.220Z,5.3001,94.3571,55.21,4.8,mb,,116,2.58,0.75,us,us2000a00x,2017-10-14T00:19:36.040Z,"111 km WSW of Banda Aceh, Indonesia",earthquake,9.2,7.4,0.065,74,reviewed,us,us
2017-07-25T09:09:01.960Z,23.3761,90.7422,10,4.4,mb,,149,1.082,0.73,us,us2000a27x,2017-10-14T00:19:39.040Z,"17 km NW of H?j?ganj, Bangladesh",earthquake,5.4,1.9,0.161,11,reviewed,us,us
2017-08-01T03:56:32.190Z,4.6675,95.4038,71.83,4.6,mb,,165,1.635,0.76,us,us2000a33f,2017-10-18T01:54:12.040Z,"96 km S of Banda Aceh, Indonesia",earthquake,8.8,9.7,0.112,24,reviewed,us,us
2017-08-02T18:18:08.620Z,24.3214,93.6199,53.23,5.1,mww,,41,0.627,0.92,us,us2000a3r9,2022-08-07T13:38:17.575Z,"5 km WSW of Chur?ch?ndpur, India",earthquake,6.2,5,0.103,9,reviewed,us,us
2017-08-06T03:48:35.660Z,6.3104,95.1161,36.71,4.8,mb,,110,2.115,0.64,us,us2000a5aw,2017-10-25T00:37:59.040Z,"51 km NNW of Sabang, Indonesia",earthquake,9,7.9,0.065,72,reviewed,us,us
2017-08-07T13:12:36.150Z,31.799,94.7338,32.5,4.4,mb,,141,3.742,0.83,us,us2000a5hs,2017-10-25T00:38:01.040Z,"243 km WNW of Qamdo, China",earthquake,5.9,5.8,0.11,24,reviewed,us,us
2017-08-08T00:35:38.010Z,24.3109,93.5456,62.84,4.2,mb,,74,0.693,0.43,us,us2000a7bq,2017-10-25T00:38:02.040Z,"12 km WSW of Chur?ch?ndpur, India",earthquake,3.5,8.8,0.128,17,reviewed,us,us
2017-08-10T05:29:46.850Z,35.4795,69.2954,104.39,4.4,mb,,76,0.959,0.93,us,us2000a6sn,2022-08-07T14:23:13.439Z,"27 km NW of B?z?rak, Afghanistan",earthquake,7,9.5,0.149,13,reviewed,us,us
2017-08-11T02:40:35.890Z,31.0571,92.7061,29.39,4.2,mb,,170,1.919,0.74,us,us2000a76m,2017-10-25T00:38:08.040Z,"77 km SE of Nagqu, China",earthquake,11.7,7.3,0.152,12,reviewed,us,us
2017-08-11T03:34:53.600Z,13.639,92.8043,25.23,4.5,mb,,65,1.972,0.85,us,us2000a76w,2017-10-25T00:38:08.040Z,"214 km N of Bamboo Flat, India",earthquake,7.6,5.3,0.092,35,reviewed,us,us
2017-08-12T17:10:01.370Z,30.3422,94.8528,28.2,5,mb,,38,3.293,0.57,us,us2000a7lp,2022-05-03T18:35:21.638Z,"206 km NNE of Shi Yomi, India",earthquake,8.4,4.9,0.051,120,reviewed,us,us
2017-08-12T17:46:39.820Z,30.5084,95.0448,39.61,4.2,mb,,143,3.488,1.08,us,us2000a8u0,2017-10-25T00:38:10.040Z,"215 km WSW of Qamdo, China",earthquake,11.3,8.4,0.121,19,reviewed,us,us
2017-08-14T06:07:25.360Z,35.5015,69.3194,96.73,4.5,mb,,68,0.985,0.9,us,us2000a7y2,2017-11-14T01:42:07.040Z,"27 km NW of B?z?rak, Afghanistan",earthquake,5.9,7.9,0.128,18,reviewed,us,us
2017-08-14T07:58:29.860Z,30.3157,95.0857,10,4.2,mb,,83,5.526,1.19,us,us2000a9dw,2017-11-14T01:42:07.040Z,"209 km NNE of Shi Yomi, India",earthquake,11.9,1.9,0.118,20,reviewed,us,us
2017-08-16T03:26:53.080Z,32.8724,76.2437,44.78,4.4,mb,,158,5.971,0.77,us,us2000a8n7,2017-11-14T01:42:09.040Z,"36 km NNE of Chamba, India",earthquake,10.6,8.6,0.106,26,reviewed,us,us
2017-08-17T07:38:33.100Z,25.8288,94.5263,61.1,4.6,mb,,74,1.605,1.12,us,us2000a90q,2022-08-07T14:57:39.710Z,"15 km S of Zunheboto, India",earthquake,8.3,8.9,0.119,21,reviewed,us,us
2017-08-19T16:52:26.120Z,16.3657,73.3863,10,4.1,mb,,131,8.041,0.92,us,us2000abbd,2022-08-07T16:24:25.129Z,"34 km NNW of M?lvan, India",earthquake,14.9,2,0.1,27,reviewed,us,us
2017-08-21T00:45:19.650Z,23.4984,94.4598,89.38,4,mb,,145,0.742,1.17,us,us2000abnb,2017-11-22T03:43:26.040Z,"16 km SSE of Mawlaik, Myanmar",earthquake,5.8,7.8,0.52,1,reviewed,us,us
2017-08-21T01:12:14.320Z,30.3667,94.9281,10,4.9,mb,,95,3.361,0.77,us,us2000aa25,2017-11-22T03:43:26.040Z,"210 km NNE of Shi Yomi, India",earthquake,8.4,1.8,0.065,73,reviewed,us,us
2017-08-21T01:14:35.080Z,30.4658,94.704,10,4.6,mb,,118,3.192,0.81,us,us2000aa26,2017-11-22T03:43:26.040Z,"216 km N of Shi Yomi, India",earthquake,11.3,1.9,0.101,29,reviewed,us,us
2017-08-21T09:18:34.330Z,30.3971,95.0948,10,4.4,mb,,116,3.508,0.98,us,us2000aa4c,2017-11-22T03:43:26.040Z,"215 km WSW of Qamdo, China",earthquake,12.1,2,0.097,31,reviewed,us,us
2017-08-21T12:03:13.970Z,27.5881,86.1237,10,4.5,mb,,142,4.875,1.03,us,us2000aa5v,2017-11-22T03:43:27.040Z,"44 km SSE of Kod?ri??, Nepal",earthquake,7.1,1.8,0.079,47,reviewed,us,us
2017-08-22T00:50:35.830Z,29.3871,81.1558,10,4.6,mb,,64,7.96,0.77,us,us2000aah5,2017-11-22T03:43:28.040Z,"25 km ENE of Dipayal, Nepal",earthquake,9.1,1.9,0.078,49,reviewed,us,us
2017-08-23T17:21:17.480Z,22.4087,94.6127,109.87,4,mb,,138,0.965,1.25,us,us2000abs2,2017-11-22T03:43:30.040Z,"63 km WNW of Monywa, Myanmar",earthquake,4.4,8.7,0.173,9,reviewed,us,us
2017-08-23T20:58:45.210Z,35.4065,74.5783,49.61,4.6,mb,,69,2.058,0.62,us,us2000ab3e,2017-11-22T03:43:30.040Z,"61 km SSE of Gilgit, Pakistan",earthquake,7.6,8.8,0.058,89,reviewed,us,us
2017-08-24T23:34:08.230Z,5.1393,94.7024,56.83,4.3,mb,,89,2.237,0.73,us,us2000acva,2017-11-22T03:43:31.040Z,"82 km WSW of Banda Aceh, Indonesia",earthquake,8.5,7.5,0.128,17,reviewed,us,us
2017-08-27T12:24:52.510Z,33.5732,72.998,32.11,4.6,mb,,155,0.238,1.34,us,us2000ac8j,2022-08-07T15:46:39.041Z,"5 km WSW of Rawalpindi, Pakistan",earthquake,9.5,6.6,0.103,28,reviewed,us,us
2017-08-30T09:07:43.850Z,4.8664,95.8434,35,4.3,mb,,155,1.157,0.98,us,us2000ar5d,2017-11-28T18:33:53.040Z,"58 km SSW of Sigli, Indonesia",earthquake,7,1.9,0.238,5,reviewed,us,us
2017-09-01T02:38:12.500Z,32.0662,82.6488,10,4.8,mb,,47,7.657,0.8,us,us2000adr4,2022-05-03T18:36:16.782Z,"241 km NE of Burang, China",earthquake,8.1,1.9,0.053,111,reviewed,us,us
2017-09-02T21:59:49.260Z,34.014,83.4386,10,4.6,mb,,63,7.823,0.91,us,us2000aejm,2017-11-28T18:33:57.040Z,"western Xizang",earthquake,8,1.9,0.071,60,reviewed,us,us
2017-09-03T06:52:17.790Z,9.2814,93.1142,60.53,4.9,mb,,64,2.387,0.62,us,us2000aewh,2017-12-07T20:00:06.040Z,"266 km S of Port Blair, India",earthquake,7.7,2.9,0.058,94,reviewed,us,us
2017-09-05T18:06:36.970Z,7.8519,93.2674,51.55,4.9,mb,,174,3.814,1.03,us,us2000arp4,2017-12-07T20:00:14.040Z,"Nicobar Islands, India region",earthquake,8.3,8.4,0.086,46,reviewed,us,us
2017-09-05T22:40:58.850Z,29.5021,69.9891,25.67,4.6,mb,,88,4.993,0.89,us,us2000agek,2017-12-07T20:00:14.040Z,"38 km W of Dajal, Pakistan",earthquake,7.3,3.7,0.078,49,reviewed,us,us
2017-09-06T00:10:55.750Z,10.2437,93.1611,83.98,5,mww,,43,1.461,0.95,us,us2000agg9,2025-12-22T17:26:06.675Z,"163 km SSE of Port Blair, India",earthquake,8.3,4.5,0.089,12,reviewed,us,us
2017-09-07T14:32:03.630Z,25.275,90.2279,36.67,4.1,mb,,172,1.5,1.33,us,us2000ahj3,2022-08-07T16:42:47.259Z,"26 km S of Tura, India",earthquake,10.6,8.8,0.175,9,reviewed,us,us
2017-09-11T01:19:43.010Z,17.3198,95.953,10,4.2,mb,,149,0.491,0.54,us,us2000ar0b,2017-12-13T02:29:36.040Z,"40 km SSE of Tharyarwady, Myanmar",earthquake,4.6,2,0.199,7,reviewed,us,us
2017-09-11T13:34:39.580Z,22.421,94.7,111.08,4.2,mb,,147,1.041,0.94,us,us2000ar0x,2017-12-13T02:29:38.040Z,"56 km NW of Monywa, Myanmar",earthquake,9.4,9.4,0.235,8,reviewed,us,us
2017-09-11T13:56:11.510Z,17.4028,95.9326,10,4.6,mb,,126,0.575,0.45,us,us2000ar0y,2017-12-13T02:29:38.040Z,"31 km SSE of Tharyarwady, Myanmar",earthquake,4.4,1.9,0.103,28,reviewed,us,us
2017-09-11T16:44:54.180Z,11.1912,93.763,135.46,4.4,mb,,58,1.1,0.83,us,us2000ak6r,2017-12-13T02:29:38.040Z,"122 km ESE of Port Blair, India",earthquake,10.3,7.3,0.114,22,reviewed,us,us
2017-09-15T01:36:48.460Z,18.83,94.8786,51.99,4.8,mb,,108,2.3,0.74,us,us2000an0z,2017-12-13T02:29:44.040Z,"36 km W of Pyay, Myanmar",earthquake,5.6,7.6,0.069,65,reviewed,us,us
2017-09-15T22:37:56.230Z,12.8855,91.8312,28.17,4.5,mb,,163,1.513,0.4,us,us2000anza,2017-12-13T02:29:45.040Z,"162 km NW of Bamboo Flat, India",earthquake,10.3,5.9,0.15,13,reviewed,us,us
2017-09-17T10:27:11.790Z,12.7773,92.0628,33.35,4.5,mb,,164,1.298,0.99,us,us2000at5e,2017-12-19T01:54:01.040Z,"138 km NNW of Bamboo Flat, India",earthquake,9.2,4.1,0.131,17,reviewed,us,us
2017-09-17T14:48:11.340Z,12.8183,92.0967,26.18,5,mb,,81,1.317,0.62,us,us2000at5x,2017-12-19T01:54:02.040Z,"140 km NNW of Bamboo Flat, India",earthquake,8.4,4.6,0.08,50,reviewed,us,us
2017-09-17T21:49:08.620Z,21.6629,94.5729,97.03,4.5,mb,,56,1.328,0.77,us,us2000aplr,2017-12-19T01:54:02.040Z,"64 km NW of Pakokku, Myanmar",earthquake,6.9,6.7,0.082,44,reviewed,us,us
2017-09-21T16:34:33.230Z,24.9962,94.8861,84.2,4.4,mb,,48,0.931,0.57,us,us2000asj3,2017-12-19T01:54:10.040Z,"83 km SSE of Phek, India",earthquake,6.5,6.7,0.105,27,reviewed,us,us
2017-09-23T00:14:11.480Z,34.2131,74.5944,35,4.6,mb,,109,4.078,0.61,us,us2000atf6,2022-08-07T18:20:27.830Z,"5 km WSW of Sumbal, India",earthquake,7.9,1.9,0.061,80,reviewed,us,us
2017-09-25T20:27:11.320Z,13.0038,92.9286,32.08,4.2,mb,,138,1.352,1.01,us,us2000b0he,2017-12-22T21:56:22.040Z,"146 km N of Bamboo Flat, India",earthquake,12.6,8.3,0.2,7,reviewed,us,us
2017-09-29T07:57:06.750Z,33.9698,90.3978,10,4.2,mb,,102,4.298,1.08,us,us2000awf5,2017-12-22T21:56:28.040Z,"Xizang-Qinghai border region",earthquake,10,1.9,0.128,17,reviewed,us,us
2017-10-01T12:18:17.300Z,28.6799,96.3197,34.7,4,mb,,118,4.653,0.8,us,us2000b22r,2018-01-03T01:54:41.040Z,"70 km NNW of Hayuliang, India",earthquake,8,5.9,0.156,11,reviewed,us,us
2017-10-01T12:49:04.640Z,12.7773,91.8903,28.55,4.6,mb,,130,1.392,0.78,us,us2000axhf,2025-12-22T17:26:57.676Z,"149 km NW of Bamboo Flat, India",earthquake,8.7,4.7,0.095,33,reviewed,us,us
2017-10-01T14:35:36.080Z,12.8898,92.3055,29.1,4.5,mb,,113,1.299,0.7,us,us2000axi8,2018-01-03T01:54:41.040Z,"139 km NNW of Bamboo Flat, India",earthquake,7.9,4.6,0.104,27,reviewed,us,us
2017-10-02T18:13:51.510Z,21.4428,94.5413,95.12,4.6,mb,,65,1.479,0.67,us,us2000axwl,2018-01-03T01:54:43.040Z,"57 km WNW of Pakokku, Myanmar",earthquake,6.7,6.6,0.062,77,reviewed,us,us
2017-10-02T23:31:42.640Z,12.8626,91.8995,27.25,4.7,mb,,87,1.456,0.99,us,us2000az70,2018-01-03T01:54:44.040Z,"156 km NW of Bamboo Flat, India",earthquake,7.9,3.7,0.074,55,reviewed,us,us
2017-10-03T13:48:34.400Z,25.0388,94.7337,77.48,4.5,mb,,72,0.897,0.86,us,us2000b0gm,2018-01-03T01:54:44.040Z,"73 km SSE of Phek, India",earthquake,4.1,7,0.09,36,reviewed,us,us
2017-10-03T15:20:11.200Z,19.0907,95.0896,43.05,4.6,mb,,185,2.724,0.78,us,us1000apnq,2018-01-03T01:54:44.040Z,"27 km SSW of Thayetmyo, Myanmar",earthquake,11.9,10.4,0.116,22,reviewed,us,us
2017-10-03T16:28:59.910Z,34.0848,69.1716,7.23,4.4,mb,,161,0.467,0.69,us,us1000apnt,2022-08-07T20:10:50.173Z,"16 km NE of Pul-e ‘Alam, Afghanistan",earthquake,5.3,6.8,0.161,11,reviewed,us,us
2017-10-06T14:00:31.480Z,11.9798,95.0763,10.08,5,mww,,89,2.306,0.98,us,us2000b1zv,2025-12-22T17:27:05.482Z,"256 km E of Port Blair, India",earthquake,2.6,4.4,0.068,21,reviewed,us,us
2017-10-06T17:44:22.220Z,30.0189,86.7671,10,4.4,mb,,93,3.8,0.77,us,us2000b260,2018-01-03T01:54:48.040Z,"167 km ENE of Saga, China",earthquake,4.5,1.8,0.08,47,reviewed,us,us
2017-10-06T20:59:02.460Z,11.0125,94.7724,38.49,4.1,mb,,154,2.089,1.18,us,us1000arju,2018-01-03T01:54:48.040Z,"232 km ESE of Port Blair, India",earthquake,8.3,11.9,0.185,8,reviewed,us,us
2017-10-09T19:32:39.030Z,12.9368,92.4082,32.5,4.5,mb,,139,1.314,0.93,us,us1000ataj,2018-01-09T02:14:53.040Z,"140 km NNW of Bamboo Flat, India",earthquake,6.6,5.9,0.163,11,reviewed,us,us
2017-10-10T14:42:26.530Z,13.032,93.3537,52.75,4.6,mb,,126,1.492,0.82,us,us1000atp9,2018-01-09T02:14:54.040Z,"162 km NNE of Bamboo Flat, India",earthquake,8,9.9,0.152,13,reviewed,us,us
2017-10-12T07:52:28.400Z,32.074,95.0497,10,5.1,mb,,32,4.117,0.74,us,us1000aqmb,2022-05-03T18:39:08.467Z,"227 km WNW of Qamdo, China",earthquake,8.7,1.9,0.058,98,reviewed,us,us
2017-10-13T01:32:43.410Z,22.6636,94.6071,117.22,4.1,mb,,111,0.931,0.91,us,us1000aul4,2018-01-09T02:14:57.040Z,"82 km NW of Monywa, Myanmar",earthquake,7.4,7.5,0.14,14,reviewed,us,us
2017-10-14T11:45:51.540Z,6.174,91.3087,25.96,4.4,mb,,139,5.688,0.62,us,us1000aumx,2018-01-09T02:15:00.040Z,"Nicobar Islands, India region",earthquake,13.9,6.1,0.138,15,reviewed,us,us
2017-10-17T20:16:06.790Z,32.9725,91.8524,10,4.4,mb,,98,7.379,0.69,us,us1000atgl,2018-01-11T02:22:05.040Z,"166 km N of Nagqu, China",earthquake,5.8,1.9,0.073,55,reviewed,us,us
2017-10-19T01:10:25.000Z,33.5105,76.2599,32.12,4.6,mb,,79,2.501,0.95,us,us1000atxi,2018-01-11T02:22:07.040Z,"50 km ENE of Kishtw?r, India",earthquake,7.3,5.1,0.056,94,reviewed,us,us
2017-10-23T14:23:42.660Z,6.8047,92.5032,10,4.5,mb,,80,4.688,0.71,us,us1000avwb,2018-01-17T21:50:30.040Z,"Nicobar Islands, India region",earthquake,8.5,1.9,0.097,31,reviewed,us,us
2017-10-25T18:20:47.790Z,13.7225,92.9359,32.74,4.7,mb,,51,2.062,0.93,us,us1000awth,2018-01-17T21:50:33.040Z,"225 km N of Bamboo Flat, India",earthquake,6,5.2,0.066,70,reviewed,us,us
2017-10-27T02:37:45.580Z,31.9508,77.4341,14.96,4.1,mb,,224,3.895,0.74,us,us1000axdn,2018-01-17T21:50:35.040Z,"30 km E of Kulu, India",earthquake,8.8,6.5,0.198,7,reviewed,us,us
2017-10-28T14:17:46.560Z,12.7959,95.4699,10,4.5,mb,,112,2.895,1.33,us,us2000bhyw,2018-01-17T21:50:37.040Z,"Andaman Islands, India region",earthquake,8.9,2,0.192,8,reviewed,us,us
2017-10-28T17:45:32.600Z,36.1991,70.6618,101.46,5.2,mww,,20,0.927,0.74,us,us1000ay2z,2025-12-22T17:34:06.276Z,"75 km SSW of Jurm, Afghanistan",earthquake,5.5,4,0.089,12,reviewed,us,us
2017-11-04T16:34:07.350Z,34.1976,70.5572,68.57,4.5,mb,,73,1.298,1.23,us,us2000bigs,2018-01-24T01:25:09.040Z,"16 km WNW of Markaz-e Woluswal?-ye ?ch?n, Afghanistan",earthquake,5.9,7.5,0.072,57,reviewed,us,us
2017-11-04T20:29:36.650Z,21.8416,95.5762,34.87,4.3,mb,,135,0.527,1.18,us,us2000bikw,2018-01-24T01:25:09.040Z,"41 km W of Sagaing, Myanmar",earthquake,3.1,6,0.126,18,reviewed,us,us
2017-11-06T03:09:03.590Z,29.6127,81.2918,10,4.6,mb,,149,8.558,0.5,us,us2000bj36,2018-01-31T03:04:40.040Z,"51 km NE of Dipayal, Nepal",earthquake,9.1,1.9,0.09,37,reviewed,us,us
2017-11-07T19:06:41.830Z,30.2645,87.4355,9.83,4.6,mb,,95,3.251,0.99,us,us2000bjyl,2022-08-07T20:55:21.313Z,"179 km NW of Rikaze, China",earthquake,4.3,4.2,0.065,72,reviewed,us,us
2017-11-08T04:50:51.960Z,24.0923,91.2855,29.51,4.9,mb,,69,1.446,0.76,us,us2000bk8n,2022-08-07T20:57:44.126Z,"28 km N of Agartala, India",earthquake,4,4.4,0.057,96,reviewed,us,us
2017-11-11T11:26:46.220Z,36.0111,70.5348,104.16,4,mb,,93,1.112,0.73,us,us2000blz1,2018-01-31T03:04:48.040Z,"74 km NNW of P?r?n, Afghanistan",earthquake,8,6.2,0.3,3,reviewed,us,us
2017-11-12T01:16:52.400Z,16.4041,94.9167,15.52,4.2,mb,,111,1.271,0.88,us,us2000bscd,2018-02-06T02:45:29.040Z,"35 km SW of Wakema, Myanmar",earthquake,7.3,4.7,0.187,8,reviewed,us,us
2017-11-13T09:42:03.600Z,36.1463,69.941,120.93,4.5,mb,,49,1.102,1.12,us,us2000bmjj,2018-02-06T02:45:31.040Z,"47 km S of Farkh?r, Afghanistan",earthquake,5.3,6.7,0.089,37,reviewed,us,us
2017-11-13T13:41:53.790Z,9.8714,93.1863,7.29,4.3,mb,,191,1.825,0.63,us,us2000bsyx,2018-02-06T02:45:31.040Z,"204 km SSE of Port Blair, India",earthquake,14.6,8.6,0.217,6,reviewed,us,us
2017-11-15T01:24:59.200Z,30.9963,95.1873,10,4.3,mb,,117,3.738,0.92,us,us2000btyi,2018-02-06T02:45:34.040Z,"190 km W of Qamdo, China",earthquake,7.1,1.8,0.116,21,reviewed,us,us
2017-11-15T01:39:21.400Z,18.3914,95.1392,10,4,mb,,161,1.8,0.79,us,us2000btym,2018-02-06T02:45:34.040Z,"22 km WNW of Myanaung, Myanmar",earthquake,5.3,1.9,0.212,6,reviewed,us,us
2017-11-17T22:34:19.450Z,29.8333,94.9838,8,6.4,mww,,13,3.355,0.76,us,us2000bqsn,2022-05-03T20:02:37.973Z,"156 km NNE of Shi Yomi, India",earthquake,7,1.7,0.043,52,reviewed,us,us
2017-11-18T00:32:01.910Z,29.9311,94.8843,10,5.1,mb,,23,3.273,0.73,us,us2000bqtu,2022-08-07T21:21:18.996Z,"163 km NNE of Shi Yomi, India",earthquake,7.8,1.8,0.039,214,reviewed,us,us
2017-11-18T02:13:40.430Z,30.063,95.1719,10,4.1,mb,,129,3.531,1.14,us,us2000bqva,2018-02-06T02:45:41.040Z,"186 km NNE of Shi Yomi, India",earthquake,12.1,2,0.139,14,reviewed,us,us
2017-11-18T03:36:06.040Z,29.968,95.2211,10,4.2,mb,,129,3.567,0.95,us,us2000bqvi,2018-02-06T02:45:41.040Z,"179 km NNE of Shi Yomi, India",earthquake,6.7,1.9,0.132,16,reviewed,us,us
2017-11-18T05:59:44.980Z,30.0082,95.0046,10,4.2,mb,,148,3.382,0.88,us,us2000buy0,2018-02-06T02:45:41.040Z,"174 km NNE of Shi Yomi, India",earthquake,6.3,2,0.128,17,reviewed,us,us
2017-11-18T21:24:49.880Z,29.8332,95.0334,10,4.4,mb,,84,3.398,0.99,us,us2000br5p,2018-02-06T02:45:42.040Z,"158 km NNE of Shi Yomi, India",earthquake,9.9,1.9,0.105,26,reviewed,us,us
2017-11-19T08:52:24.170Z,29.9471,95.4494,10,4.1,mb,,62,3.763,0.51,us,us2000brb3,2018-02-14T02:01:02.040Z,"188 km NE of Shi Yomi, India",earthquake,5.3,2,0.13,16,reviewed,us,us
2017-11-20T08:48:02.250Z,23.6935,94.543,97.19,4.9,mb,,56,0.578,0.89,us,us2000brrl,2018-02-14T02:01:06.040Z,"15 km ENE of Mawlaik, Myanmar",earthquake,7.8,7.2,0.101,31,reviewed,us,us
2017-11-20T18:26:29.760Z,35.1672,86.4912,14.73,4.7,mb,,114,6.71,1.08,us,us2000bryf,2018-02-14T02:01:07.040Z,"western Xizang",earthquake,8.9,3.8,0.079,48,reviewed,us,us
2017-11-22T03:42:40.190Z,35.0633,70.3351,78.71,4.6,mb,,100,1.184,0.94,us,us2000bsp9,2018-02-14T02:01:10.040Z,"44 km NNE of Mehtar L?m, Afghanistan",earthquake,5.8,7.8,0.116,22,reviewed,us,us
2017-11-23T02:14:16.930Z,29.8244,95.2161,26.27,4.5,mb,,53,3.557,0.6,us,us2000btdi,2022-08-07T21:27:49.734Z,"165 km NNE of Shi Yomi, India",earthquake,8.6,5.6,0.071,58,reviewed,us,us
2017-11-23T02:59:45.380Z,29.8252,95.2012,10,4.1,mb,,78,3.544,0.46,us,us1000bjt0,2018-02-14T02:01:11.040Z,"164 km NNE of Shi Yomi, India",earthquake,10.1,2,0.151,12,reviewed,us,us
